dataset_label,term_id,importance_rank,difficulty_label,category,term,reading,aliases,era,macro_region,region_detail,display_period,sort_year,question_id,stage,focus,question_type,question,answer,keywords,accepted_answers,answer_note,year_mnemonic,source_name,source_url
第2章_第7回_03_専制君主政とローマの東西分裂,WH-020172,127,共通テスト基礎,制度・政策・法律,専制君主政,せんせいくんしゅせい,ドミナトゥス|後期帝政,古代,地中海世界,ローマ帝国,3世紀末のディオクレティアヌス帝以降,284,WH-020172-B01,beginner,用語の特定,identify,ローマ帝国で、共和政の建前を捨て、皇帝崇拝を強制して支配を強化した後期帝政は？,専制君主政,専制君主政,ドミナトゥス|後期帝政,,,07_ローマ帝国とキリスト教(3).md p.118〜120,
第2章_第7回_03_専制君主政とローマの東西分裂,WH-020172,127,共通テスト基礎,制度・政策・法律,専制君主政,せんせいくんしゅせい,ドミナトゥス|後期帝政,古代,地中海世界,ローマ帝国,3世紀末のディオクレティアヌス帝以降,284,WH-020172-B02,beginner,中心人物,person,ローマの専制君主政を始めた皇帝は？,ディオクレティアヌス,ディオクレティアヌス,ディオクレティアヌス帝,,,07_ローマ帝国とキリスト教(3).md p.118〜120,
第2章_第7回_03_専制君主政とローマの東西分裂,WH-020172,127,共通テスト基礎,制度・政策・法律,専制君主政,せんせいくんしゅせい,ドミナトゥス|後期帝政,古代,地中海世界,ローマ帝国,3世紀末のディオクレティアヌス帝以降,284,WH-020172-B03,beginner,関連,relation,専制君主政に先行した、共和政の伝統を名目上維持する前期帝政は？,元首政,元首政,プリンキパトゥス,,,07_ローマ帝国とキリスト教(3).md p.118〜120,
第2章_第7回_03_専制君主政とローマの東西分裂,WH-020172,127,共通テスト基礎,制度・政策・法律,専制君主政,せんせいくんしゅせい,ドミナトゥス|後期帝政,古代,地中海世界,ローマ帝国,3世紀末のディオクレティアヌス帝以降,284,WH-020172-B04,beginner,内容,content,ローマの専制君主政で、皇帝への服従を宗教的に表すために強制されたことは？,皇帝崇拝,皇帝崇拝,,,,07_ローマ帝国とキリスト教(3).md p.118〜120,
第2章_第7回_03_専制君主政とローマの東西分裂,WH-020172,127,共通テスト基礎,制度・政策・法律,専制君主政,せんせいくんしゅせい,ドミナトゥス|後期帝政,古代,地中海世界,ローマ帝国,3世紀末のディオクレティアヌス帝以降,284,WH-020172-R01,reverse,複合説明,reverse,ローマの専制君主政は、元首政とどう異なる？,3世紀末、**ディオクレティアヌス帝**が進めたローマ帝国の後期の統治体制。元首政のような共和政の建前を捨て、**皇帝崇拝**と強い**軍事力・官僚機構**によって皇帝の支配を明確にし、市民を皇帝に従う臣民として扱った。,ディオクレティアヌス帝|皇帝崇拝|軍事力・官僚機構,,,,07_ローマ帝国とキリスト教(3).md p.118〜120,
第2章_第7回_03_専制君主政とローマの東西分裂,WH-020172,127,共通テスト基礎,制度・政策・法律,専制君主政,せんせいくんしゅせい,ドミナトゥス|後期帝政,古代,地中海世界,ローマ帝国,3世紀末のディオクレティアヌス帝以降,284,WH-020172-I01,integrated,統合説明,integrated,「専制君主政」について説明せよ。,3世紀末、**ディオクレティアヌス帝**が進めたローマ帝国の後期の統治体制。元首政のような共和政の建前を捨て、**皇帝崇拝**と強い**軍事力・官僚機構**によって皇帝の支配を明確にし、市民を皇帝に従う臣民として扱った。,ディオクレティアヌス帝|皇帝崇拝|軍事力・官僚機構,,,,07_ローマ帝国とキリスト教(3).md p.118〜120,
第2章_第7回_03_専制君主政とローマの東西分裂,WH-020173,128,共通テスト基礎,人物,ディオクレティアヌス帝,でぃおくれてぃあぬすてい,ディオクレティアヌス,古代,地中海世界,ローマ帝国,284〜305年,284,WH-020173-B01,beginner,用語の特定,identify,四帝分治制と皇帝崇拝を導入し、キリスト教徒に最後の大迫害を加えたローマ皇帝は？,ディオクレティアヌス帝,ディオクレティアヌス帝,ディオクレティアヌス,,,07_ローマ帝国とキリスト教(3).md p.118〜119,
第2章_第7回_03_専制君主政とローマの東西分裂,WH-020173,128,共通テスト基礎,人物,ディオクレティアヌス帝,でぃおくれてぃあぬすてい,ディオクレティアヌス,古代,地中海世界,ローマ帝国,284〜305年,284,WH-020173-B02,beginner,内容,content,ディオクレティアヌス帝が東西の正帝・副帝で統治を分担した制度は？,四帝分治制,四帝分治制,テトラルキア,,,07_ローマ帝国とキリスト教(3).md p.118〜119,
第2章_第7回_03_専制君主政とローマの東西分裂,WH-020173,128,共通テスト基礎,人物,ディオクレティアヌス帝,でぃおくれてぃあぬすてい,ディオクレティアヌス,古代,地中海世界,ローマ帝国,284〜305年,284,WH-020173-B03,beginner,内容,content,ディオクレティアヌス帝が強制し、キリスト教徒が拒否した信仰上の行為は？,皇帝崇拝,皇帝崇拝,,,,07_ローマ帝国とキリスト教(3).md p.118〜119,
第2章_第7回_03_専制君主政とローマの東西分裂,WH-020173,128,共通テスト基礎,人物,ディオクレティアヌス帝,でぃおくれてぃあぬすてい,ディオクレティアヌス,古代,地中海世界,ローマ帝国,284〜305年,284,WH-020173-B04,beginner,関連,relation,ディオクレティアヌス帝が明確にした、皇帝の独裁体制である後期帝政は？,専制君主政,専制君主政,ドミナトゥス,,,07_ローマ帝国とキリスト教(3).md p.118〜119,
第2章_第7回_03_専制君主政とローマの東西分裂,WH-020173,128,共通テスト基礎,人物,ディオクレティアヌス帝,でぃおくれてぃあぬすてい,ディオクレティアヌス,古代,地中海世界,ローマ帝国,284〜305年,284,WH-020173-R01,reverse,複合説明,reverse,ディオクレティアヌス帝は何をした？,284〜305年に在位し、ローマ帝国の混乱を収めるため**専制君主政**を進めた皇帝。軍事力と官僚機構を強め、東西に正帝・副帝を置く**四帝分治制**を採用し、自らは東の正帝となった。**皇帝崇拝**を強制し、拒むキリスト教徒に最後の大迫害を行った。,専制君主政|四帝分治制|皇帝崇拝,,,,07_ローマ帝国とキリスト教(3).md p.118〜119,
第2章_第7回_03_専制君主政とローマの東西分裂,WH-020173,128,共通テスト基礎,人物,ディオクレティアヌス帝,でぃおくれてぃあぬすてい,ディオクレティアヌス,古代,地中海世界,ローマ帝国,284〜305年,284,WH-020173-I01,integrated,統合説明,integrated,「ディオクレティアヌス帝」について説明せよ。,284〜305年に在位し、ローマ帝国の混乱を収めるため**専制君主政**を進めた皇帝。軍事力と官僚機構を強め、東西に正帝・副帝を置く**四帝分治制**を採用し、自らは東の正帝となった。**皇帝崇拝**を強制し、拒むキリスト教徒に最後の大迫害を行った。,専制君主政|四帝分治制|皇帝崇拝,,,,07_ローマ帝国とキリスト教(3).md p.118〜119,
第2章_第7回_03_専制君主政とローマの東西分裂,WH-020174,129,共通テスト基礎,制度・政策・法律,四帝分治制,していぶんちせい,テトラルキア,古代,地中海世界,ローマ帝国の東西,284〜305年のディオクレティアヌス帝時代,284,WH-020174-B01,beginner,用語の特定,identify,ディオクレティアヌス帝が、帝国の東西にそれぞれ正帝と副帝を置いた統治制度は？,四帝分治制,四帝分治制,テトラルキア,,,07_ローマ帝国とキリスト教(3).md p.118〜119,
第2章_第7回_03_専制君主政とローマの東西分裂,WH-020174,129,共通テスト基礎,制度・政策・法律,四帝分治制,していぶんちせい,テトラルキア,古代,地中海世界,ローマ帝国の東西,284〜305年のディオクレティアヌス帝時代,284,WH-020174-B02,beginner,中心人物,person,四帝分治制を採用した皇帝は？,ディオクレティアヌス,ディオクレティアヌス,ディオクレティアヌス帝,,,07_ローマ帝国とキリスト教(3).md p.118〜119,
第2章_第7回_03_専制君主政とローマの東西分裂,WH-020174,129,共通テスト基礎,制度・政策・法律,四帝分治制,していぶんちせい,テトラルキア,古代,地中海世界,ローマ帝国の東西,284〜305年のディオクレティアヌス帝時代,284,WH-020174-B03,beginner,内容,content,四帝分治制で帝国の東西それぞれに配置された、2種類の皇帝は？,正帝と副帝,正帝と副帝,副帝と正帝,,,07_ローマ帝国とキリスト教(3).md p.118〜119,
第2章_第7回_03_専制君主政とローマの東西分裂,WH-020174,129,共通テスト基礎,制度・政策・法律,四帝分治制,していぶんちせい,テトラルキア,古代,地中海世界,ローマ帝国の東西,284〜305年のディオクレティアヌス帝時代,284,WH-020174-B04,beginner,内容,content,四帝分治制において、ディオクレティアヌス自身が占めた地位は？,東の正帝,東の正帝,,,,07_ローマ帝国とキリスト教(3).md p.118〜119,
第2章_第7回_03_専制君主政とローマの東西分裂,WH-020174,129,共通テスト基礎,制度・政策・法律,四帝分治制,していぶんちせい,テトラルキア,古代,地中海世界,ローマ帝国の東西,284〜305年のディオクレティアヌス帝時代,284,WH-020174-R01,reverse,複合説明,reverse,四帝分治制は、どんな目的と仕組みを持つ？,284〜305年の治世に、ローマ皇帝**ディオクレティアヌス**が採用した分担統治制度。帝国を東西に分け、それぞれ**正帝と副帝**を置き、1人では統治しきれない広い領土を分担した。政治・経済の中心が東方へ移っていたため、彼自身は**東の正帝**となった。,ディオクレティアヌス|正帝と副帝|東の正帝,,,,07_ローマ帝国とキリスト教(3).md p.118〜119,
第2章_第7回_03_専制君主政とローマの東西分裂,WH-020174,129,共通テスト基礎,制度・政策・法律,四帝分治制,していぶんちせい,テトラルキア,古代,地中海世界,ローマ帝国の東西,284〜305年のディオクレティアヌス帝時代,284,WH-020174-I01,integrated,統合説明,integrated,「四帝分治制」について説明せよ。,284〜305年の治世に、ローマ皇帝**ディオクレティアヌス**が採用した分担統治制度。帝国を東西に分け、それぞれ**正帝と副帝**を置き、1人では統治しきれない広い領土を分担した。政治・経済の中心が東方へ移っていたため、彼自身は**東の正帝**となった。,ディオクレティアヌス|正帝と副帝|東の正帝,,,,07_ローマ帝国とキリスト教(3).md p.118〜119,
第2章_第7回_03_専制君主政とローマの東西分裂,WH-020175,130,共通テスト基礎,人物,コンスタンティヌス帝,こんすたんてぃぬすてい,コンスタンティヌス,古代,地中海世界,ローマ帝国・コンスタンティノープル,306年の副帝就任〜337年,306,WH-020175-B01,beginner,用語の特定,identify,ミラノ勅令でキリスト教を公認し、ニケーア公会議を開いてビザンティウムに遷都した皇帝は？,コンスタンティヌス帝,コンスタンティヌス帝,コンスタンティヌス,,,07_ローマ帝国とキリスト教(3).md p.118〜120,
第2章_第7回_03_専制君主政とローマの東西分裂,WH-020175,130,共通テスト基礎,人物,コンスタンティヌス帝,こんすたんてぃぬすてい,コンスタンティヌス,古代,地中海世界,ローマ帝国・コンスタンティノープル,306年の副帝就任〜337年,306,WH-020175-B02,beginner,関連,relation,コンスタンティヌス帝がキリスト教を公認した勅令は？,ミラノ勅令,ミラノ勅令,,,,07_ローマ帝国とキリスト教(3).md p.118〜120,
第2章_第7回_03_専制君主政とローマの東西分裂,WH-020175,130,共通テスト基礎,人物,コンスタンティヌス帝,こんすたんてぃぬすてい,コンスタンティヌス,古代,地中海世界,ローマ帝国・コンスタンティノープル,306年の副帝就任〜337年,306,WH-020175-B03,beginner,関連,relation,コンスタンティヌス帝が325年に開いた公会議は？,ニケーア公会議,ニケーア公会議,,,,07_ローマ帝国とキリスト教(3).md p.118〜120,
第2章_第7回_03_専制君主政とローマの東西分裂,WH-020175,130,共通テスト基礎,人物,コンスタンティヌス帝,こんすたんてぃぬすてい,コンスタンティヌス,古代,地中海世界,ローマ帝国・コンスタンティノープル,306年の副帝就任〜337年,306,WH-020175-B04,beginner,地域,place,コンスタンティヌス帝が330年に遷都し、改称した都市の新名称は？,コンスタンティノープル,コンスタンティノープル,,,,07_ローマ帝国とキリスト教(3).md p.118〜120,
第2章_第7回_03_専制君主政とローマの東西分裂,WH-020175,130,共通テスト基礎,人物,コンスタンティヌス帝,こんすたんてぃぬすてい,コンスタンティヌス,古代,地中海世界,ローマ帝国・コンスタンティノープル,306年の副帝就任〜337年,306,WH-020175-B05,beginner,内容,content,コンスタンティヌス帝が発行した、純度が高く国際的に流通した金貨は？,ソリドゥス金貨,ソリドゥス金貨,,,,07_ローマ帝国とキリスト教(3).md p.118〜120,
第2章_第7回_03_専制君主政とローマの東西分裂,WH-020175,130,共通テスト基礎,人物,コンスタンティヌス帝,こんすたんてぃぬすてい,コンスタンティヌス,古代,地中海世界,ローマ帝国・コンスタンティノープル,306年の副帝就任〜337年,306,WH-020175-B06,beginner,内容,content,コンスタンティヌス帝が移動を禁止して土地に緊縛した小作人の呼称は？,コロヌス,コロヌス,,,,07_ローマ帝国とキリスト教(3).md p.118〜120,
第2章_第7回_03_専制君主政とローマの東西分裂,WH-020175,130,共通テスト基礎,人物,コンスタンティヌス帝,こんすたんてぃぬすてい,コンスタンティヌス,古代,地中海世界,ローマ帝国・コンスタンティノープル,306年の副帝就任〜337年,306,WH-020175-R01,reverse,複合説明,reverse,コンスタンティヌス帝の宗教政策はどんなものだった？,ローマ帝国の統治にキリスト教を役立てようとし、313年の**ミラノ勅令**で公認した。再統一後の325年には**ニケーア公会議**で教義の統一を進めた。,ミラノ勅令|ニケーア公会議,,,313年：「幸先よいね　ミラノ勅令」キリスト教公認（ミラノ勅令）|325年：「会議員に来い　ニケーアに」ニケーア公会議,07_ローマ帝国とキリスト教(3).md p.118〜120,
第2章_第7回_03_専制君主政とローマの東西分裂,WH-020175,130,共通テスト基礎,人物,コンスタンティヌス帝,こんすたんてぃぬすてい,コンスタンティヌス,古代,地中海世界,ローマ帝国・コンスタンティノープル,306年の副帝就任〜337年,306,WH-020175-R02,reverse,複合説明,reverse,コンスタンティヌス帝は、統治と経済で何をした？,330年に**ビザンティウム**へ遷都して**コンスタンティノープル**とし、東方を中心に統治した。**コロヌスの土地緊縛**や**ソリドゥス金貨**の発行を行った。,ビザンティウム|コンスタンティノープル|コロヌスの土地緊縛|ソリドゥス金貨,,,,07_ローマ帝国とキリスト教(3).md p.118〜120,
第2章_第7回_03_専制君主政とローマの東西分裂,WH-020175,130,共通テスト基礎,人物,コンスタンティヌス帝,こんすたんてぃぬすてい,コンスタンティヌス,古代,地中海世界,ローマ帝国・コンスタンティノープル,306年の副帝就任〜337年,306,WH-020175-I01,integrated,統合説明,integrated,「コンスタンティヌス帝」について説明せよ。,4世紀のローマ皇帝で、313年の**ミラノ勅令**でキリスト教を公認し、帝国再統一後の325年に**ニケーア公会議**を開いて教義統一を進めた。330年に**ビザンティウム**へ遷都して**コンスタンティノープル**とし、東方を統治の中心に据えた。**コロヌスの土地緊縛**や**ソリドゥス金貨**の発行によって、社会と経済の統制も強めた。,ミラノ勅令|ニケーア公会議|ビザンティウム|コンスタンティノープル|コロヌスの土地緊縛|ソリドゥス金貨,,,313年：「幸先よいね　ミラノ勅令」キリスト教公認（ミラノ勅令）|325年：「会議員に来い　ニケーアに」ニケーア公会議,07_ローマ帝国とキリスト教(3).md p.118〜120,
第2章_第7回_03_専制君主政とローマの東西分裂,WH-020176,131,共通テスト基礎,制度・政策・法律,ミラノ勅令,みらのちょくれい,,古代,地中海世界,ローマ帝国,313年,313,WH-020176-B01,beginner,用語の特定,identify,コンスタンティヌス帝らが、キリスト教を公認するために発した勅令は？,ミラノ勅令,ミラノ勅令,,,,07_ローマ帝国とキリスト教(3).md p.118〜120,
第2章_第7回_03_専制君主政とローマの東西分裂,WH-020176,131,共通テスト基礎,制度・政策・法律,ミラノ勅令,みらのちょくれい,,古代,地中海世界,ローマ帝国,313年,313,WH-020176-B02,beginner,時期,time,ミラノ勅令が出されたのはいつ？,313年,313年,,,313年：「幸先よいね　ミラノ勅令」キリスト教公認（ミラノ勅令）,07_ローマ帝国とキリスト教(3).md p.118〜120,
第2章_第7回_03_専制君主政とローマの東西分裂,WH-020176,131,共通テスト基礎,制度・政策・法律,ミラノ勅令,みらのちょくれい,,古代,地中海世界,ローマ帝国,313年,313,WH-020176-B03,beginner,中心人物,person,ミラノ勅令をリキニウス帝とともに出した皇帝は？,コンスタンティヌス,コンスタンティヌス,コンスタンティヌス帝,,,07_ローマ帝国とキリスト教(3).md p.118〜120,
第2章_第7回_03_専制君主政とローマの東西分裂,WH-020176,131,共通テスト基礎,制度・政策・法律,ミラノ勅令,みらのちょくれい,,古代,地中海世界,ローマ帝国,313年,313,WH-020176-B04,beginner,内容,content,ミラノ勅令によって公認された宗教は？,キリスト教,キリスト教,,,,07_ローマ帝国とキリスト教(3).md p.118〜120,
第2章_第7回_03_専制君主政とローマの東西分裂,WH-020176,131,共通テスト基礎,制度・政策・法律,ミラノ勅令,みらのちょくれい,,古代,地中海世界,ローマ帝国,313年,313,WH-020176-B05,beginner,関連,relation,ミラノ勅令の公認と区別される、テオドシウス帝による異教禁止を伴った宗教政策は？,キリスト教の国教化,キリスト教の国教化,,,,07_ローマ帝国とキリスト教(3).md p.118〜120,
第2章_第7回_03_専制君主政とローマの東西分裂,WH-020176,131,共通テスト基礎,制度・政策・法律,ミラノ勅令,みらのちょくれい,,古代,地中海世界,ローマ帝国,313年,313,WH-020176-R01,reverse,時期,time,ミラノ勅令が出されたのはいつ？,313年。,,,,313年：「幸先よいね　ミラノ勅令」キリスト教公認（ミラノ勅令）,07_ローマ帝国とキリスト教(3).md p.118〜120,
第2章_第7回_03_専制君主政とローマの東西分裂,WH-020176,131,共通テスト基礎,制度・政策・法律,ミラノ勅令,みらのちょくれい,,古代,地中海世界,ローマ帝国,313年,313,WH-020176-R02,reverse,複合説明,reverse,ミラノ勅令はどんな勅令で、国教化とはどう違う？,**コンスタンティヌスとリキニウス**が、ローマ帝国で**キリスト教を公認**した。信者を統治の基盤として取り込む意図があったが、後の国教化とは異なり、**伝統的な多神教は禁止しなかった**。,コンスタンティヌスとリキニウス|キリスト教を公認|伝統的な多神教は禁止しなかった,,,,07_ローマ帝国とキリスト教(3).md p.118〜120,
第2章_第7回_03_専制君主政とローマの東西分裂,WH-020176,131,共通テスト基礎,制度・政策・法律,ミラノ勅令,みらのちょくれい,,古代,地中海世界,ローマ帝国,313年,313,WH-020176-I01,integrated,統合説明,integrated,「ミラノ勅令」について説明せよ。,313年、ローマ皇帝**コンスタンティヌスとリキニウス**が連名で出し、**キリスト教を公認**した勅令。増加するキリスト教徒を統治の基盤として取り込む意図があり、この時点では**伝統的な多神教は禁止されなかった**。,コンスタンティヌスとリキニウス|キリスト教を公認|伝統的な多神教は禁止されなかった,,,313年：「幸先よいね　ミラノ勅令」キリスト教公認（ミラノ勅令）,07_ローマ帝国とキリスト教(3).md p.118〜120,
第2章_第7回_03_専制君主政とローマの東西分裂,WH-020177,132,共通テスト基礎,条約・会議,ニケーア公会議,にけーあこうかいぎ,,古代,地中海世界,ローマ帝国・ニケーア,325年,325,WH-020177-B01,beginner,用語の特定,identify,コンスタンティヌス帝が開き、アタナシウス派を正統、アリウス派を異端とした会議は？,ニケーア公会議,ニケーア公会議,,,,07_ローマ帝国とキリスト教(3).md p.118・120・124,
第2章_第7回_03_専制君主政とローマの東西分裂,WH-020177,132,共通テスト基礎,条約・会議,ニケーア公会議,にけーあこうかいぎ,,古代,地中海世界,ローマ帝国・ニケーア,325年,325,WH-020177-B02,beginner,時期,time,ニケーア公会議が開かれたのはいつ？,325年,325年,,,325年：「会議員に来い　ニケーアに」ニケーア公会議,07_ローマ帝国とキリスト教(3).md p.118・120・124,
第2章_第7回_03_専制君主政とローマの東西分裂,WH-020177,132,共通テスト基礎,条約・会議,ニケーア公会議,にけーあこうかいぎ,,古代,地中海世界,ローマ帝国・ニケーア,325年,325,WH-020177-B03,beginner,中心人物,person,ニケーア公会議を主催した皇帝は？,コンスタンティヌス,コンスタンティヌス,コンスタンティヌス帝,,,07_ローマ帝国とキリスト教(3).md p.118・120・124,
第2章_第7回_03_専制君主政とローマの東西分裂,WH-020177,132,共通テスト基礎,条約・会議,ニケーア公会議,にけーあこうかいぎ,,古代,地中海世界,ローマ帝国・ニケーア,325年,325,WH-020177-B04,beginner,内容,content,ニケーア公会議で正統とされたキリスト教の派は？,アタナシウス派,アタナシウス派,,,,07_ローマ帝国とキリスト教(3).md p.118・120・124,
第2章_第7回_03_専制君主政とローマの東西分裂,WH-020177,132,共通テスト基礎,条約・会議,ニケーア公会議,にけーあこうかいぎ,,古代,地中海世界,ローマ帝国・ニケーア,325年,325,WH-020177-B05,beginner,内容,content,ニケーア公会議で異端とされたキリスト教の派は？,アリウス派,アリウス派,,,,07_ローマ帝国とキリスト教(3).md p.118・120・124,
第2章_第7回_03_専制君主政とローマの東西分裂,WH-020177,132,共通テスト基礎,条約・会議,ニケーア公会議,にけーあこうかいぎ,,古代,地中海世界,ローマ帝国・ニケーア,325年,325,WH-020177-R01,reverse,時期,time,ニケーア公会議が開かれたのはいつ？,325年。,,,,325年：「会議員に来い　ニケーアに」ニケーア公会議,07_ローマ帝国とキリスト教(3).md p.118・120・124,
第2章_第7回_03_専制君主政とローマの東西分裂,WH-020177,132,共通テスト基礎,条約・会議,ニケーア公会議,にけーあこうかいぎ,,古代,地中海世界,ローマ帝国・ニケーア,325年,325,WH-020177-R02,reverse,複合説明,reverse,ニケーア公会議は何を決め、何を目指した？,**コンスタンティヌス帝**がローマ帝国のキリスト教を統一するために主催し、**アタナシウス派を正統**、**アリウス派を異端**とした。教義を統一し、キリスト教を帝国統治の基盤にする意図があった。,コンスタンティヌス帝|アタナシウス派を正統|アリウス派を異端,,,,07_ローマ帝国とキリスト教(3).md p.118・120・124,
第2章_第7回_03_専制君主政とローマの東西分裂,WH-020177,132,共通テスト基礎,条約・会議,ニケーア公会議,にけーあこうかいぎ,,古代,地中海世界,ローマ帝国・ニケーア,325年,325,WH-020177-I01,integrated,統合説明,integrated,「ニケーア公会議」について説明せよ。,325年、ローマ皇帝**コンスタンティヌス**がニケーアで主催した、キリスト教の教義統一のための会議。**アタナシウス派を正統**、**アリウス派を異端**とし、キリスト教を帝国統治の基盤にしようとした。,コンスタンティヌス|アタナシウス派を正統|アリウス派を異端,,,325年：「会議員に来い　ニケーアに」ニケーア公会議,07_ローマ帝国とキリスト教(3).md p.118・120・124,
第2章_第7回_03_専制君主政とローマの東西分裂,WH-020178,133,共通テスト基礎,地域・都市,コンスタンティノープル,こんすたんてぃのーぷる,ビザンティウム|ビザンティオン|コンスタンティノポリス,古代,地中海世界,ローマ帝国東方・現在のイスタンブル,330年の遷都,330,WH-020178-B01,beginner,用語の特定,identify,コンスタンティヌス帝がビザンティウムに遷都して改称した、ローマ帝国の新都は？,コンスタンティノープル,コンスタンティノープル,コンスタンティノポリス,,,07_ローマ帝国とキリスト教(3).md p.118・120,
第2章_第7回_03_専制君主政とローマの東西分裂,WH-020178,133,共通テスト基礎,地域・都市,コンスタンティノープル,こんすたんてぃのーぷる,ビザンティウム|ビザンティオン|コンスタンティノポリス,古代,地中海世界,ローマ帝国東方・現在のイスタンブル,330年の遷都,330,WH-020178-B02,beginner,時期,time,コンスタンティノープルへの遷都はいつ？,330年,330年,,,,07_ローマ帝国とキリスト教(3).md p.118・120,
第2章_第7回_03_専制君主政とローマの東西分裂,WH-020178,133,共通テスト基礎,地域・都市,コンスタンティノープル,こんすたんてぃのーぷる,ビザンティウム|ビザンティオン|コンスタンティノポリス,古代,地中海世界,ローマ帝国東方・現在のイスタンブル,330年の遷都,330,WH-020178-B03,beginner,中心人物,person,コンスタンティノープルを新都とした皇帝は？,コンスタンティヌス,コンスタンティヌス,コンスタンティヌス帝,,,07_ローマ帝国とキリスト教(3).md p.118・120,
第2章_第7回_03_専制君主政とローマの東西分裂,WH-020178,133,共通テスト基礎,地域・都市,コンスタンティノープル,こんすたんてぃのーぷる,ビザンティウム|ビザンティオン|コンスタンティノポリス,古代,地中海世界,ローマ帝国東方・現在のイスタンブル,330年の遷都,330,WH-020178-B04,beginner,地域,place,コンスタンティノープルの以前のギリシア人植民市としての名称は？,ビザンティウム,ビザンティウム,ビザンティオン,,,07_ローマ帝国とキリスト教(3).md p.118・120,
第2章_第7回_03_専制君主政とローマの東西分裂,WH-020178,133,共通テスト基礎,地域・都市,コンスタンティノープル,こんすたんてぃのーぷる,ビザンティウム|ビザンティオン|コンスタンティノポリス,古代,地中海世界,ローマ帝国東方・現在のイスタンブル,330年の遷都,330,WH-020178-B05,beginner,地域,place,コンスタンティノープルにあたる都市の現在の名称は？,イスタンブル,イスタンブル,,,,07_ローマ帝国とキリスト教(3).md p.118・120,
第2章_第7回_03_専制君主政とローマの東西分裂,WH-020178,133,共通テスト基礎,地域・都市,コンスタンティノープル,こんすたんてぃのーぷる,ビザンティウム|ビザンティオン|コンスタンティノポリス,古代,地中海世界,ローマ帝国東方・現在のイスタンブル,330年の遷都,330,WH-020178-R01,reverse,複合説明,reverse,コンスタンティノープルは、どんな背景で新都となった？,330年、**コンスタンティヌス帝**がギリシア人の植民市**ビザンティウム**へローマ帝国の首都を移して改称した都市で、現在の**イスタンブル**。帝国の政治・経済の中心が東方へ移るなか、伝統的多神教の影響が強いローマに代わる、キリスト教色の強い都となった。,コンスタンティヌス帝|ビザンティウム|イスタンブル,,,,07_ローマ帝国とキリスト教(3).md p.118・120,
第2章_第7回_03_専制君主政とローマの東西分裂,WH-020178,133,共通テスト基礎,地域・都市,コンスタンティノープル,こんすたんてぃのーぷる,ビザンティウム|ビザンティオン|コンスタンティノポリス,古代,地中海世界,ローマ帝国東方・現在のイスタンブル,330年の遷都,330,WH-020178-I01,integrated,統合説明,integrated,「コンスタンティノープル」について説明せよ。,330年、**コンスタンティヌス帝**がギリシア人の植民市**ビザンティウム**へローマ帝国の首都を移して改称した都市で、現在の**イスタンブル**。帝国の政治・経済の中心が東方へ移るなか、伝統的多神教の影響が強いローマに代わる、キリスト教色の強い都となった。,コンスタンティヌス帝|ビザンティウム|イスタンブル,,,,07_ローマ帝国とキリスト教(3).md p.118・120,
第2章_第7回_03_専制君主政とローマの東西分裂,WH-020179,204,共通テスト標準,人物,ユリアヌス帝,ゆりあぬすてい,ユリアヌス,古代,地中海世界,ローマ帝国,361〜363年,361,WH-020179-B01,beginner,用語の特定,identify,ミトラ教を信仰し、キリスト教会から背教者と呼ばれたローマ皇帝は？,ユリアヌス帝,ユリアヌス帝,ユリアヌス,,,07_ローマ帝国とキリスト教(3).md p.118・121,
第2章_第7回_03_専制君主政とローマの東西分裂,WH-020179,204,共通テスト標準,人物,ユリアヌス帝,ゆりあぬすてい,ユリアヌス,古代,地中海世界,ローマ帝国,361〜363年,361,WH-020179-B02,beginner,内容,content,ユリアヌス帝が信仰した宗教は？,ミトラ教,ミトラ教,,,,07_ローマ帝国とキリスト教(3).md p.118・121,
第2章_第7回_03_専制君主政とローマの東西分裂,WH-020179,204,共通テスト標準,人物,ユリアヌス帝,ゆりあぬすてい,ユリアヌス,古代,地中海世界,ローマ帝国,361〜363年,361,WH-020179-B03,beginner,内容,content,キリスト教会がユリアヌス帝に与えた否定的な呼称は？,背教者,背教者,,,,07_ローマ帝国とキリスト教(3).md p.118・121,
第2章_第7回_03_専制君主政とローマの東西分裂,WH-020179,204,共通テスト標準,人物,ユリアヌス帝,ゆりあぬすてい,ユリアヌス,古代,地中海世界,ローマ帝国,361〜363年,361,WH-020179-B04,beginner,関係する勢力・集団,actor,ユリアヌス帝が遠征中に戦死した相手の王朝は？,ササン朝,ササン朝,,,,07_ローマ帝国とキリスト教(3).md p.118・121,
第2章_第7回_03_専制君主政とローマの東西分裂,WH-020179,204,共通テスト標準,人物,ユリアヌス帝,ゆりあぬすてい,ユリアヌス,古代,地中海世界,ローマ帝国,361〜363年,361,WH-020179-R01,reverse,複合説明,reverse,ユリアヌス帝は、どんな宗教政策上の位置にある皇帝？,361〜363年に在位したローマ皇帝で、キリスト教公認後も**ミトラ教**を信仰した。教会から**背教者**と呼ばれ、ササン朝への遠征中に戦死した。,ミトラ教|背教者,,,,07_ローマ帝国とキリスト教(3).md p.118・121,
第2章_第7回_03_専制君主政とローマの東西分裂,WH-020179,204,共通テスト標準,人物,ユリアヌス帝,ゆりあぬすてい,ユリアヌス,古代,地中海世界,ローマ帝国,361〜363年,361,WH-020179-I01,integrated,統合説明,integrated,「ユリアヌス帝」について説明せよ。,361〜363年に在位したローマ皇帝で、キリスト教公認後も**ミトラ教**を信仰した。教会から**背教者**と呼ばれ、ササン朝への遠征中に戦死した。,ミトラ教|背教者,,,,07_ローマ帝国とキリスト教(3).md p.118・121,
第2章_第7回_03_専制君主政とローマの東西分裂,WH-020180,134,共通テスト基礎,人物,テオドシウス帝,ておどしうすてい,テオドシウス,古代,地中海世界,ローマ帝国,379〜395年,379,WH-020180-B01,beginner,用語の特定,identify,キリスト教を国教化し、その死後にローマ帝国が東西分裂した皇帝は？,テオドシウス帝,テオドシウス帝,テオドシウス,,,07_ローマ帝国とキリスト教(3).md p.118・121,
第2章_第7回_03_専制君主政とローマの東西分裂,WH-020180,134,共通テスト基礎,人物,テオドシウス帝,ておどしうすてい,テオドシウス,古代,地中海世界,ローマ帝国,379〜395年,379,WH-020180-B02,beginner,時期,time,資料で、テオドシウス帝によるキリスト教の国教化とされる年は？,392年,392年,,,392年：「割くにさけない　キリスト教」キリスト教国教化,07_ローマ帝国とキリスト教(3).md p.118・121,
第2章_第7回_03_専制君主政とローマの東西分裂,WH-020180,134,共通テスト基礎,人物,テオドシウス帝,ておどしうすてい,テオドシウス,古代,地中海世界,ローマ帝国,379〜395年,379,WH-020180-B03,beginner,内容,content,テオドシウス帝の国教化によって、すべて禁止された信仰は？,異端・異教の信仰,異端・異教の信仰,,,,07_ローマ帝国とキリスト教(3).md p.118・121,
第2章_第7回_03_専制君主政とローマの東西分裂,WH-020180,134,共通テスト基礎,人物,テオドシウス帝,ておどしうすてい,テオドシウス,古代,地中海世界,ローマ帝国,379〜395年,379,WH-020180-B04,beginner,時期,time,テオドシウス帝の死後、ローマ帝国が東西分裂したのはいつ？,395年,395年,,,395年：「時代錯誤の　ローマ分裂」ローマ帝国東西分裂,07_ローマ帝国とキリスト教(3).md p.118・121,
第2章_第7回_03_専制君主政とローマの東西分裂,WH-020180,134,共通テスト基礎,人物,テオドシウス帝,ておどしうすてい,テオドシウス,古代,地中海世界,ローマ帝国,379〜395年,379,WH-020180-R01,reverse,複合説明,reverse,テオドシウス帝は何をし、その死後どうなった？,379〜395年に在位したローマ皇帝で、帝国統合を支えるため、392年に**異端・異教の信仰を禁止**して**キリスト教を国教化**した。395年の死後、2人の息子が東西を継承し、**ローマ帝国は東西に分裂**した。,異端・異教の信仰を禁止|キリスト教を国教化|ローマ帝国は東西に分裂,,,392年：「割くにさけない　キリスト教」キリスト教国教化|395年：「時代錯誤の　ローマ分裂」ローマ帝国東西分裂,07_ローマ帝国とキリスト教(3).md p.118・121,
第2章_第7回_03_専制君主政とローマの東西分裂,WH-020180,134,共通テスト基礎,人物,テオドシウス帝,ておどしうすてい,テオドシウス,古代,地中海世界,ローマ帝国,379〜395年,379,WH-020180-I01,integrated,統合説明,integrated,「テオドシウス帝」について説明せよ。,379〜395年に在位したローマ皇帝で、帝国統合を支えるため、392年に**異端・異教の信仰を禁止**して**キリスト教を国教化**した。395年の死後、2人の息子が東西を継承し、**ローマ帝国は東西に分裂**した。,異端・異教の信仰を禁止|キリスト教を国教化|ローマ帝国は東西に分裂,,,392年：「割くにさけない　キリスト教」キリスト教国教化|395年：「時代錯誤の　ローマ分裂」ローマ帝国東西分裂,07_ローマ帝国とキリスト教(3).md p.118・121,
第2章_第7回_03_専制君主政とローマの東西分裂,WH-020181,135,共通テスト基礎,事件・革命,ローマ帝国の東西分裂,ろーまていこくのとうざいぶんれつ,ローマ帝国東西分裂,古代,地中海世界,地中海世界の東西,395年,395,WH-020181-B01,beginner,用語の特定,identify,テオドシウス帝の死後、アルカディウスとホノリウスが帝国を分けて継承した出来事は？,ローマ帝国の東西分裂,ローマ帝国の東西分裂,ローマ帝国東西分裂,,,07_ローマ帝国とキリスト教(3).md p.121〜122,
第2章_第7回_03_専制君主政とローマの東西分裂,WH-020181,135,共通テスト基礎,事件・革命,ローマ帝国の東西分裂,ろーまていこくのとうざいぶんれつ,ローマ帝国東西分裂,古代,地中海世界,地中海世界の東西,395年,395,WH-020181-B02,beginner,時期,time,ローマ帝国の東西分裂が起きたのはいつ？,395年,395年,,,395年：「時代錯誤の　ローマ分裂」ローマ帝国東西分裂,07_ローマ帝国とキリスト教(3).md p.121〜122,
第2章_第7回_03_専制君主政とローマの東西分裂,WH-020181,135,共通テスト基礎,事件・革命,ローマ帝国の東西分裂,ろーまていこくのとうざいぶんれつ,ローマ帝国東西分裂,古代,地中海世界,地中海世界の東西,395年,395,WH-020181-B03,beginner,中心人物,person,ローマ帝国の東西分裂の際に東方を継承した皇帝は？,アルカディウス,アルカディウス,,,,07_ローマ帝国とキリスト教(3).md p.121〜122,
第2章_第7回_03_専制君主政とローマの東西分裂,WH-020181,135,共通テスト基礎,事件・革命,ローマ帝国の東西分裂,ろーまていこくのとうざいぶんれつ,ローマ帝国東西分裂,古代,地中海世界,地中海世界の東西,395年,395,WH-020181-B04,beginner,中心人物,person,ローマ帝国の東西分裂の際に西方を継承した皇帝は？,ホノリウス,ホノリウス,,,,07_ローマ帝国とキリスト教(3).md p.121〜122,
第2章_第7回_03_専制君主政とローマの東西分裂,WH-020181,135,共通テスト基礎,事件・革命,ローマ帝国の東西分裂,ろーまていこくのとうざいぶんれつ,ローマ帝国東西分裂,古代,地中海世界,地中海世界の東西,395年,395,WH-020181-R01,reverse,複合説明,reverse,ローマ帝国の東西分裂はどのように起こり、東西にどんな違いがあった？,395年、**テオドシウス帝**の死後、地中海世界のローマ帝国を2人の息子が分けて継承したこと。東は**アルカディウス**、西は**ホノリウス**が継ぎ、政治・経済の中心を持つ東方に対し、西方はゲルマン人の侵入に苦しんだ。,テオドシウス帝|アルカディウス|ホノリウス,,,395年：「時代錯誤の　ローマ分裂」ローマ帝国東西分裂,07_ローマ帝国とキリスト教(3).md p.121〜122,
第2章_第7回_03_専制君主政とローマの東西分裂,WH-020181,135,共通テスト基礎,事件・革命,ローマ帝国の東西分裂,ろーまていこくのとうざいぶんれつ,ローマ帝国東西分裂,古代,地中海世界,地中海世界の東西,395年,395,WH-020181-I01,integrated,統合説明,integrated,「ローマ帝国の東西分裂」について説明せよ。,395年、**テオドシウス帝**の死後、地中海世界のローマ帝国を2人の息子が分けて継承したこと。東は**アルカディウス**、西は**ホノリウス**が継ぎ、政治・経済の中心を持つ東方に対し、西方はゲルマン人の侵入に苦しんだ。,テオドシウス帝|アルカディウス|ホノリウス,,,395年：「時代錯誤の　ローマ分裂」ローマ帝国東西分裂,07_ローマ帝国とキリスト教(3).md p.121〜122,
第2章_第7回_03_専制君主政とローマの東西分裂,WH-020182,136,共通テスト基礎,制度・政策・法律,コロヌスの土地緊縛,ころぬすのとちきんばく,コロヌス土地緊縛|コロヌスの移動禁止,古代,地中海世界,ローマ帝国,4世紀のコンスタンティヌス帝時代,324,WH-020182-B01,beginner,用語の特定,identify,コンスタンティヌス帝が、小作人の移動を禁止して住所や身分を固定した政策は？,コロヌスの土地緊縛,コロヌスの土地緊縛,コロヌス土地緊縛|コロヌスの移動禁止,,,07_ローマ帝国とキリスト教(3).md p.120,
第2章_第7回_03_専制君主政とローマの東西分裂,WH-020182,136,共通テスト基礎,制度・政策・法律,コロヌスの土地緊縛,ころぬすのとちきんばく,コロヌス土地緊縛|コロヌスの移動禁止,古代,地中海世界,ローマ帝国,4世紀のコンスタンティヌス帝時代,324,WH-020182-B02,beginner,中心人物,person,コロヌスの土地緊縛を行った皇帝は？,コンスタンティヌス,コンスタンティヌス,コンスタンティヌス帝,,,07_ローマ帝国とキリスト教(3).md p.120,
第2章_第7回_03_専制君主政とローマの東西分裂,WH-020182,136,共通テスト基礎,制度・政策・法律,コロヌスの土地緊縛,ころぬすのとちきんばく,コロヌス土地緊縛|コロヌスの移動禁止,古代,地中海世界,ローマ帝国,4世紀のコンスタンティヌス帝時代,324,WH-020182-B03,beginner,関連,relation,コロヌスの土地緊縛が起源とされる、中世の農民支配の制度は？,農奴制,農奴制,中世農奴制,,,07_ローマ帝国とキリスト教(3).md p.120,
第2章_第7回_03_専制君主政とローマの東西分裂,WH-020182,136,共通テスト基礎,制度・政策・法律,コロヌスの土地緊縛,ころぬすのとちきんばく,コロヌス土地緊縛|コロヌスの移動禁止,古代,地中海世界,ローマ帝国,4世紀のコンスタンティヌス帝時代,324,WH-020182-R01,reverse,複合説明,reverse,コロヌスの土地緊縛はどんな政策で、何につながった？,4世紀のローマ帝国で、**コンスタンティヌス帝**がコロヌスの移動を禁止し、住所や身分を変えられなくした政策。小作人が土地に拘束されることで、資料では**中世農奴制の起源**と位置づけられている。,コンスタンティヌス帝|中世農奴制の起源,,,,07_ローマ帝国とキリスト教(3).md p.120,
第2章_第7回_03_専制君主政とローマの東西分裂,WH-020182,136,共通テスト基礎,制度・政策・法律,コロヌスの土地緊縛,ころぬすのとちきんばく,コロヌス土地緊縛|コロヌスの移動禁止,古代,地中海世界,ローマ帝国,4世紀のコンスタンティヌス帝時代,324,WH-020182-I01,integrated,統合説明,integrated,「コロヌスの土地緊縛」について説明せよ。,4世紀のローマ帝国で、**コンスタンティヌス帝**がコロヌスの移動を禁止し、住所や身分を変えられなくした政策。小作人が土地に拘束されることで、資料では**中世農奴制の起源**と位置づけられている。,コンスタンティヌス帝|中世農奴制の起源,,,,07_ローマ帝国とキリスト教(3).md p.120,
第2章_第7回_03_専制君主政とローマの東西分裂,WH-020183,137,共通テスト基礎,経済・交易,ソリドゥス金貨,そりどぅすきんか,,古代,地中海世界,ローマ帝国・のちのビザンツ帝国,4世紀のコンスタンティヌス帝時代,324,WH-020183-B01,beginner,用語の特定,identify,コンスタンティヌス帝が発行し、国際的に流通した純度の高い金貨は？,ソリドゥス金貨,ソリドゥス金貨,,,,07_ローマ帝国とキリスト教(3).md p.120,
第2章_第7回_03_専制君主政とローマの東西分裂,WH-020183,137,共通テスト基礎,経済・交易,ソリドゥス金貨,そりどぅすきんか,,古代,地中海世界,ローマ帝国・のちのビザンツ帝国,4世紀のコンスタンティヌス帝時代,324,WH-020183-B02,beginner,中心人物,person,ソリドゥス金貨を発行した皇帝は？,コンスタンティヌス,コンスタンティヌス,コンスタンティヌス帝,,,07_ローマ帝国とキリスト教(3).md p.120,
第2章_第7回_03_専制君主政とローマの東西分裂,WH-020183,137,共通テスト基礎,経済・交易,ソリドゥス金貨,そりどぅすきんか,,古代,地中海世界,ローマ帝国・のちのビザンツ帝国,4世紀のコンスタンティヌス帝時代,324,WH-020183-B03,beginner,関連,relation,ソリドゥス金貨がビザンツ帝国で鋳造され続けた際の名称は？,ノミスマ,ノミスマ,,,,07_ローマ帝国とキリスト教(3).md p.120,
第2章_第7回_03_専制君主政とローマの東西分裂,WH-020183,137,共通テスト基礎,経済・交易,ソリドゥス金貨,そりどぅすきんか,,古代,地中海世界,ローマ帝国・のちのビザンツ帝国,4世紀のコンスタンティヌス帝時代,324,WH-020183-R01,reverse,複合説明,reverse,ソリドゥス金貨はどんな通貨で、どのように受け継がれた？,4世紀のローマ帝国で、**コンスタンティヌス帝**が発行した純度の高い金貨。信用の高い通貨として**国際的に流通**し、ビザンツ帝国でも**ノミスマ**の名で鋳造が続けられた。,コンスタンティヌス帝|国際的に流通|ノミスマ,,,,07_ローマ帝国とキリスト教(3).md p.120,
第2章_第7回_03_専制君主政とローマの東西分裂,WH-020183,137,共通テスト基礎,経済・交易,ソリドゥス金貨,そりどぅすきんか,,古代,地中海世界,ローマ帝国・のちのビザンツ帝国,4世紀のコンスタンティヌス帝時代,324,WH-020183-I01,integrated,統合説明,integrated,「ソリドゥス金貨」について説明せよ。,4世紀のローマ帝国で、**コンスタンティヌス帝**が発行した純度の高い金貨。信用の高い通貨として**国際的に流通**し、ビザンツ帝国でも**ノミスマ**の名で鋳造が続けられた。,コンスタンティヌス帝|国際的に流通|ノミスマ,,,,07_ローマ帝国とキリスト教(3).md p.120,
第2章_第7回_03_専制君主政とローマの東西分裂,WH-020184,138,共通テスト基礎,国家・王朝,東ローマ帝国,ひがしろーまていこく,ビザンツ帝国,古代,地中海世界,ローマ帝国東方・コンスタンティノープル,395年の分裂以降,395,WH-020184-B01,beginner,用語の特定,identify,395年にアルカディウスが継承し、政治・経済の中心を背景に長く存続したローマ帝国の一方は？,東ローマ帝国,東ローマ帝国,ビザンツ帝国,,,07_ローマ帝国とキリスト教(3).md p.121〜122,
第2章_第7回_03_専制君主政とローマの東西分裂,WH-020184,138,共通テスト基礎,国家・王朝,東ローマ帝国,ひがしろーまていこく,ビザンツ帝国,古代,地中海世界,ローマ帝国東方・コンスタンティノープル,395年の分裂以降,395,WH-020184-B02,beginner,中心人物,person,東ローマ帝国を395年の分裂時に継承した人物は？,アルカディウス,アルカディウス,,,,07_ローマ帝国とキリスト教(3).md p.121〜122,
第2章_第7回_03_専制君主政とローマの東西分裂,WH-020184,138,共通テスト基礎,国家・王朝,東ローマ帝国,ひがしろーまていこく,ビザンツ帝国,古代,地中海世界,ローマ帝国東方・コンスタンティノープル,395年の分裂以降,395,WH-020184-B03,beginner,地域,place,東ローマ帝国の中心都市となった、コンスタンティヌスの新都は？,コンスタンティノープル,コンスタンティノープル,,,,07_ローマ帝国とキリスト教(3).md p.121〜122,
第2章_第7回_03_専制君主政とローマの東西分裂,WH-020184,138,共通テスト基礎,国家・王朝,東ローマ帝国,ひがしろーまていこく,ビザンツ帝国,古代,地中海世界,ローマ帝国東方・コンスタンティノープル,395年の分裂以降,395,WH-020184-R01,reverse,複合説明,reverse,東ローマ帝国は、どんな背景で存続した？,395年、テオドシウス帝の死後に**アルカディウス**が継承した、**コンスタンティノープル**を中心とするローマ帝国の東方部分。政治・経済・軍事の中心が東方へ移っていたことを背景に勢力を保ち、資料ではその後1000年以上続いたとされる。,アルカディウス|コンスタンティノープル,,,,07_ローマ帝国とキリスト教(3).md p.121〜122,
第2章_第7回_03_専制君主政とローマの東西分裂,WH-020184,138,共通テスト基礎,国家・王朝,東ローマ帝国,ひがしろーまていこく,ビザンツ帝国,古代,地中海世界,ローマ帝国東方・コンスタンティノープル,395年の分裂以降,395,WH-020184-I01,integrated,統合説明,integrated,「東ローマ帝国」について説明せよ。,395年、テオドシウス帝の死後に**アルカディウス**が継承した、**コンスタンティノープル**を中心とするローマ帝国の東方部分。政治・経済・軍事の中心が東方へ移っていたことを背景に勢力を保ち、資料ではその後1000年以上続いたとされる。,アルカディウス|コンスタンティノープル,,,,07_ローマ帝国とキリスト教(3).md p.121〜122,
第2章_第7回_03_専制君主政とローマの東西分裂,WH-020185,139,共通テスト基礎,国家・王朝,西ローマ帝国,にしろーまていこく,,古代,地中海世界,ローマ帝国西方,395〜476年,395,WH-020185-B01,beginner,用語の特定,identify,395年にホノリウスが継承し、476年にオドアケルによって滅ぼされた国は？,西ローマ帝国,西ローマ帝国,,,,07_ローマ帝国とキリスト教(3).md p.121〜122,
第2章_第7回_03_専制君主政とローマの東西分裂,WH-020185,139,共通テスト基礎,国家・王朝,西ローマ帝国,にしろーまていこく,,古代,地中海世界,ローマ帝国西方,395〜476年,395,WH-020185-B02,beginner,時期,time,西ローマ帝国が滅亡したのはいつ？,476年,476年,,,,07_ローマ帝国とキリスト教(3).md p.121〜122,
第2章_第7回_03_専制君主政とローマの東西分裂,WH-020185,139,共通テスト基礎,国家・王朝,西ローマ帝国,にしろーまていこく,,古代,地中海世界,ローマ帝国西方,395〜476年,395,WH-020185-B03,beginner,中心人物,person,西ローマ帝国を滅ぼしたゲルマン人傭兵隊長は？,オドアケル,オドアケル,,,,07_ローマ帝国とキリスト教(3).md p.121〜122,
第2章_第7回_03_専制君主政とローマの東西分裂,WH-020185,139,共通テスト基礎,国家・王朝,西ローマ帝国,にしろーまていこく,,古代,地中海世界,ローマ帝国西方,395〜476年,395,WH-020185-B04,beginner,中心人物,person,西ローマ帝国の最後の皇帝は？,ロムルス＝アウグストゥルス,ロムルス＝アウグストゥルス,ロムルス,,,07_ローマ帝国とキリスト教(3).md p.121〜122,
第2章_第7回_03_専制君主政とローマの東西分裂,WH-020185,139,共通テスト基礎,国家・王朝,西ローマ帝国,にしろーまていこく,,古代,地中海世界,ローマ帝国西方,395〜476年,395,WH-020185-R01,reverse,複合説明,reverse,西ローマ帝国は、どのように成立し滅亡した？,395年の帝国分裂で**ホノリウス**が継承した、ローマ帝国の西方部分。ゲルマン人の侵入に苦しみ、476年にゲルマン人傭兵隊長の**オドアケル**によって滅ぼされた。最後の皇帝は**ロムルス＝アウグストゥルス**である。,ホノリウス|オドアケル|ロムルス＝アウグストゥルス,,,395年：「時代錯誤の　ローマ分裂」ローマ帝国東西分裂,07_ローマ帝国とキリスト教(3).md p.121〜122,
第2章_第7回_03_専制君主政とローマの東西分裂,WH-020185,139,共通テスト基礎,国家・王朝,西ローマ帝国,にしろーまていこく,,古代,地中海世界,ローマ帝国西方,395〜476年,395,WH-020185-I01,integrated,統合説明,integrated,「西ローマ帝国」について説明せよ。,395年の帝国分裂で**ホノリウス**が継承した、ローマ帝国の西方部分。ゲルマン人の侵入に苦しみ、476年にゲルマン人傭兵隊長の**オドアケル**によって滅ぼされた。最後の皇帝は**ロムルス＝アウグストゥルス**である。,ホノリウス|オドアケル|ロムルス＝アウグストゥルス,,,395年：「時代錯誤の　ローマ分裂」ローマ帝国東西分裂,07_ローマ帝国とキリスト教(3).md p.121〜122,
