dataset_label,item_id,importance_rank,difficulty_label,domain,unit,item,reading,aliases,item_type,rule_info,card_id,card_type,focus,question,answer,accepted_answers,explanation,example_original,example_kundoku,example_kakikudashi,example_reading,example_translation,confusable_with,distinction,memory_aid,source_name,source_url,reading_map
漢文 意味瞬発 Deck1 最重要250項目,CC-000001,1,Deck1 最重要・意味瞬発,再読文字,否定,未〜,いまだ〜ず,未,再読文字,形=未〜;読み=いまだ〜ず;意味=まだ〜ない;音声=解答後,CC-000001-C01,meaning,意味瞬発（音声=解答後）,「未〜」の意味を答えよ。,まだ〜ない,まだ〜ない｜いまだ〜ない,動作・状態がまだ実現していないことを表す。,なし,なし,なし,なし,なし,なし,なし,なし,大東文化大学「漢文訓読」・高等学校漢文標準句法（複数照合）,https://www2.ic.daito.ac.jp/oukodou/kuzukago/kundoku%2C1.html,なし
漢文 意味瞬発 Deck1 最重要250項目,CC-000002,2,Deck1 最重要・意味瞬発,再読文字,将来・意志,将〜,まさに〜んとす,将,再読文字,形=将〜;読み=まさに〜んとす;意味=今にも〜しようとする・〜するだろう;音声=解答後,CC-000002-C01,meaning,意味瞬発（音声=解答後）,「将〜」の意味を答えよ。,今にも〜しようとする・〜するだろう,今にも〜しようとする・〜するだろう｜まさに〜しようとする,近い将来の動作や意志を表す。,なし,なし,なし,なし,なし,且〜,「将」は将来・意志を表すことが多い。,なし,大東文化大学「漢文訓読」・高等学校漢文標準句法（複数照合）,https://www2.ic.daito.ac.jp/oukodou/kuzukago/kundoku%2C1.html,なし
漢文 意味瞬発 Deck1 最重要250項目,CC-000003,3,Deck1 最重要・意味瞬発,再読文字,将来・意志,且〜,まさに〜んとす,且,再読文字,形=且〜;読み=まさに〜んとす;意味=今にも〜しようとする;音声=解答後,CC-000003-C01,meaning,意味瞬発（音声=解答後）,「且〜」の意味を答えよ。,今にも〜しようとする,今にも〜しようとする｜まさに〜しようとする,動作がまさに始まろうとすることを表す。,なし,なし,なし,なし,なし,且（累加）,再読文字では「まさに〜んとす」、接続語では「そのうえ」。,なし,大東文化大学「漢文訓読」・高等学校漢文標準句法（複数照合）,https://www2.ic.daito.ac.jp/oukodou/kuzukago/kundoku%2C1.html,なし
漢文 意味瞬発 Deck1 最重要250項目,CC-000004,4,Deck1 最重要・意味瞬発,再読文字,当然・推量,当〜,まさに〜べし,当,再読文字,形=当〜;読み=まさに〜べし;意味=当然〜すべきだ・きっと〜だろう;音声=解答後,CC-000004-C01,meaning,意味瞬発（音声=解答後）,「当〜」の意味を答えよ。,当然〜すべきだ・きっと〜だろう,当然〜すべきだ・きっと〜だろう｜〜するはずだ,当然・義務または確かな推量を表す。,なし,なし,なし,なし,なし,応〜,「当」は当然・義務の意味が中心。,なし,大東文化大学「漢文訓読」・高等学校漢文標準句法（複数照合）,https://www2.ic.daito.ac.jp/oukodou/kuzukago/kundoku%2C1.html,なし
漢文 意味瞬発 Deck1 最重要250項目,CC-000005,5,Deck1 最重要・意味瞬発,再読文字,推量・当然,応〜,まさに〜べし,応,再読文字,形=応〜;読み=まさに〜べし;意味=きっと〜するだろう・当然〜すべきだ;音声=解答後,CC-000005-C01,meaning,意味瞬発（音声=解答後）,「応〜」の意味を答えよ。,きっと〜するだろう・当然〜すべきだ,きっと〜するだろう・当然〜すべきだ｜〜するはずだ,推量を中心に、当然の意味でも用いる。,なし,なし,なし,なし,なし,当〜,「応」は推量の意味が中心。,なし,大東文化大学「漢文訓読」・高等学校漢文標準句法（複数照合）,https://www2.ic.daito.ac.jp/oukodou/kuzukago/kundoku%2C1.html,なし
漢文 意味瞬発 Deck1 最重要250項目,CC-000006,6,Deck1 最重要・意味瞬発,再読文字,当然・勧告,宜〜,よろしく〜べし,宜,再読文字,形=宜〜;読み=よろしく〜べし;意味=〜するのがよい・〜すべきだ;音声=解答後,CC-000006-C01,meaning,意味瞬発（音声=解答後）,「宜〜」の意味を答えよ。,〜するのがよい・〜すべきだ,〜するのがよい・〜すべきだ｜〜したほうがよい,適切さや勧告を表す。,なし,なし,なし,なし,なし,須〜,「宜」は適切・勧告、「須」は必要・義務。,なし,大東文化大学「漢文訓読」・高等学校漢文標準句法（複数照合）,https://www2.ic.daito.ac.jp/oukodou/kuzukago/kundoku%2C1.html,なし
漢文 意味瞬発 Deck1 最重要250項目,CC-000007,7,Deck1 最重要・意味瞬発,再読文字,必要・義務,須〜,すべからく〜べし,須,再読文字,形=須〜;読み=すべからく〜べし;意味=ぜひ〜しなければならない;音声=解答後,CC-000007-C01,meaning,意味瞬発（音声=解答後）,「須〜」の意味を答えよ。,ぜひ〜しなければならない,ぜひ〜しなければならない｜〜する必要がある,必要・義務を強く表す。,なし,なし,なし,なし,なし,宜〜,「須」は必要性が強い。,なし,大東文化大学「漢文訓読」・高等学校漢文標準句法（複数照合）,https://www2.ic.daito.ac.jp/oukodou/kuzukago/kundoku%2C1.html,なし
漢文 意味瞬発 Deck1 最重要250項目,CC-000008,8,Deck1 最重要・意味瞬発,再読文字,比況,猶〜,なお〜のごとし,猶,再読文字,形=猶〜;読み=なお〜のごとし;意味=ちょうど〜のようだ;音声=解答後,CC-000008-C01,meaning,意味瞬発（音声=解答後）,「猶〜」の意味を答えよ。,ちょうど〜のようだ,ちょうど〜のようだ｜まるで〜のようだ,二つのものをたとえて同様だと表す。,なし,なし,なし,なし,なし,猶（副詞）,再読文字では「〜のようだ」、副詞では「なお」。,なし,大東文化大学「漢文訓読」・高等学校漢文標準句法（複数照合）,https://www2.ic.daito.ac.jp/oukodou/kuzukago/kundoku%2C1.html,なし
漢文 意味瞬発 Deck1 最重要250項目,CC-000009,9,Deck1 最重要・意味瞬発,再読文字,反語・勧誘,盍〜,なんぞ〜ざる,盍,再読文字,形=盍〜;読み=なんぞ〜ざる;意味=どうして〜しないのか・〜したらどうか;音声=解答後,CC-000009-C01,meaning,意味瞬発（音声=解答後）,「盍〜」の意味を答えよ。,どうして〜しないのか・〜したらどうか,どうして〜しないのか・〜したらどうか｜なぜ〜しないのか,反語の形で相手に行動を勧めることが多い。,なし,なし,なし,なし,なし,何不〜,「盍」は「何不」を一字で表す。,なし,大東文化大学「漢文訓読」・高等学校漢文標準句法（複数照合）,https://www2.ic.daito.ac.jp/oukodou/kuzukago/kundoku%2C1.html,なし
漢文 意味瞬発 Deck1 最重要250項目,CC-000010,10,Deck1 最重要・意味瞬発,句法,否定,不〜,〜ず,不,否定形,形=不〜;読み=〜ず;意味=〜ない;音声=解答後,CC-000010-C01,meaning,意味瞬発（音声=解答後）,「不〜」の意味を答えよ。,〜ない,〜ない,最も基本的な否定を表す。,なし,なし,なし,なし,なし,なし,なし,なし,大東文化大学「漢文訓読」・高等学校漢文標準句法（複数照合）,https://www2.ic.daito.ac.jp/oukodou/kuzukago/kundoku%2C1.html,なし
漢文 意味瞬発 Deck1 最重要250項目,CC-000011,11,Deck1 最重要・意味瞬発,句法,否定,非〜,〜にあらず,非,否定形,形=非〜;読み=〜にあらず;意味=〜ではない;音声=解答後,CC-000011-C01,meaning,意味瞬発（音声=解答後）,「非〜」の意味を答えよ。,〜ではない,〜ではない｜〜でない,名詞・判断などを打ち消す。,なし,なし,なし,なし,なし,不〜,「非」は「〜ではない」、「不」は動作・状態の否定が中心。,なし,大東文化大学「漢文訓読」・高等学校漢文標準句法（複数照合）,https://www2.ic.daito.ac.jp/oukodou/kuzukago/kundoku%2C1.html,なし
漢文 意味瞬発 Deck1 最重要250項目,CC-000012,12,Deck1 最重要・意味瞬発,句法,否定,無〜（存在否定）,〜なし,無〜,存在否定,形=無〜（存在否定）;読み=〜なし;意味=〜がない・〜するものがない;音声=解答後,CC-000012-C01,meaning,意味瞬発（音声=解答後）,「無〜（存在否定）」の意味を答えよ。,〜がない・〜するものがない,〜がない・〜するものがない｜〜はない,存在や所有がないことを表す。,なし,なし,なし,なし,なし,無〜（禁止）,文脈により存在否定か禁止かを見分ける。,なし,大東文化大学「漢文訓読」・高等学校漢文標準句法（複数照合）,https://www2.ic.daito.ac.jp/oukodou/kuzukago/kundoku%2C1.html,なし
漢文 意味瞬発 Deck1 最重要250項目,CC-000013,13,Deck1 最重要・意味瞬発,句法,否定,莫〜（存在否定）,〜なし,莫〜,存在否定,形=莫〜（存在否定）;読み=〜なし;意味=〜するものはない・誰も〜ない;音声=解答後,CC-000013-C01,meaning,意味瞬発（音声=解答後）,「莫〜（存在否定）」の意味を答えよ。,〜するものはない・誰も〜ない,〜するものはない・誰も〜ない｜誰も〜しない,人や物の存在を全面的に否定する。,なし,なし,なし,なし,なし,莫〜（禁止）,文脈により存在否定か禁止かを見分ける。,なし,大東文化大学「漢文訓読」・高等学校漢文標準句法（複数照合）,https://www2.ic.daito.ac.jp/oukodou/kuzukago/kundoku%2C1.html,なし
漢文 意味瞬発 Deck1 最重要250項目,CC-000014,14,Deck1 最重要・意味瞬発,句法,否定,未嘗〜,いまだかつて〜ず,未曾〜,未経験否定,形=未嘗〜;読み=いまだかつて〜ず;意味=今まで一度も〜ない;音声=解答後,CC-000014-C01,meaning,意味瞬発（音声=解答後）,「未嘗〜」の意味を答えよ。,今まで一度も〜ない,今まで一度も〜ない｜かつて〜したことがない,過去から現在まで一度も経験していないことを表す。,なし,なし,なし,なし,なし,未嘗不〜,「不」が一つなら未経験否定、二重否定なら肯定。,なし,大東文化大学「漢文訓読」・高等学校漢文標準句法（複数照合）,https://www2.ic.daito.ac.jp/oukodou/kuzukago/kundoku%2C1.html,なし
漢文 意味瞬発 Deck1 最重要250項目,CC-000015,15,Deck1 最重要・意味瞬発,句法,否定,不復〜,また〜ず,なし,否定形,形=不復〜;読み=また〜ず;意味=二度と〜ない・もはや〜ない;音声=解答後,CC-000015-C01,meaning,意味瞬発（音声=解答後）,「不復〜」の意味を答えよ。,二度と〜ない・もはや〜ない,二度と〜ない・もはや〜ない｜再び〜しない,同じ動作が今後繰り返されないことを表す。,なし,なし,なし,なし,なし,復不〜,「不復」は「もう〜ない」。,なし,大東文化大学「漢文訓読」・高等学校漢文標準句法（複数照合）,https://www2.ic.daito.ac.jp/oukodou/kuzukago/kundoku%2C1.html,なし
漢文 意味瞬発 Deck1 最重要250項目,CC-000016,16,Deck1 最重要・意味瞬発,句法,不可能・禁止,不可〜,〜べからず,なし,不可能・禁止形,形=不可〜;読み=〜べからず;意味=〜できない・〜してはならない;音声=解答後,CC-000016-C01,meaning,意味瞬発（音声=解答後）,「不可〜」の意味を答えよ。,〜できない・〜してはならない,〜できない・〜してはならない｜〜することができない｜〜するな,文脈により不可能または禁止を表す。,なし,なし,なし,なし,なし,不可不〜,否定が一つなら不可能・禁止、二つなら義務。,なし,大東文化大学「漢文訓読」・高等学校漢文標準句法（複数照合）,https://www2.ic.daito.ac.jp/oukodou/kuzukago/kundoku%2C1.html,なし
漢文 意味瞬発 Deck1 最重要250項目,CC-000017,17,Deck1 最重要・意味瞬発,句法,不可能,不能〜,〜するあたわず,なし,不可能形,形=不能〜;読み=〜するあたわず;意味=〜することができない;音声=解答後,CC-000017-C01,meaning,意味瞬発（音声=解答後）,「不能〜」の意味を答えよ。,〜することができない,〜することができない｜〜できない,能力・事情のため実行できないことを表す。,なし,なし,なし,なし,なし,不能不〜,否定が一つなら不可能、二つなら「せずにはいられない」。,なし,大東文化大学「漢文訓読」・高等学校漢文標準句法（複数照合）,https://www2.ic.daito.ac.jp/oukodou/kuzukago/kundoku%2C1.html,なし
漢文 意味瞬発 Deck1 最重要250項目,CC-000018,18,Deck1 最重要・意味瞬発,句法,不可能,不得〜,〜するをえず,なし,不可能形,形=不得〜;読み=〜するをえず;意味=〜することができない;音声=解答後,CC-000018-C01,meaning,意味瞬発（音声=解答後）,「不得〜」の意味を答えよ。,〜することができない,〜することができない｜〜できない,条件・事情のため実行できないことを表す。,なし,なし,なし,なし,なし,不得不〜,否定が一つなら不可能、二つなら義務。,なし,大東文化大学「漢文訓読」・高等学校漢文標準句法（複数照合）,https://www2.ic.daito.ac.jp/oukodou/kuzukago/kundoku%2C1.html,なし
漢文 意味瞬発 Deck1 最重要250項目,CC-000019,19,Deck1 最重要・意味瞬発,句法,否定,不敢〜,あえて〜せず,なし,否定形,形=不敢〜;読み=あえて〜せず;意味=恐れ多くて、または勇気がなくて〜しない;音声=解答後,CC-000019-C01,meaning,意味瞬発（音声=解答後）,「不敢〜」の意味を答えよ。,恐れ多くて、または勇気がなくて〜しない,恐れ多くて、または勇気がなくて〜しない｜あえて〜しない,心理的な恐れや遠慮から行わないことを表す。,なし,なし,なし,なし,なし,莫敢〜,「不敢」は主語が行わない、「莫敢」は誰も行わない。,なし,大東文化大学「漢文訓読」・高等学校漢文標準句法（複数照合）,https://www2.ic.daito.ac.jp/oukodou/kuzukago/kundoku%2C1.html,なし
漢文 意味瞬発 Deck1 最重要250項目,CC-000020,20,Deck1 最重要・意味瞬発,句法,否定,不忍〜,〜するにしのびず,なし,否定形,形=不忍〜;読み=〜するにしのびず;意味=むごくて〜できない・〜するに耐えない;音声=解答後,CC-000020-C01,meaning,意味瞬発（音声=解答後）,「不忍〜」の意味を答えよ。,むごくて〜できない・〜するに耐えない,むごくて〜できない・〜するに耐えない｜見るに耐えず〜できない,感情的に耐えられず実行できないことを表す。,なし,なし,なし,なし,なし,不能〜,能力不足ではなく、心情的に耐えられない。,なし,大東文化大学「漢文訓読」・高等学校漢文標準句法（複数照合）,https://www2.ic.daito.ac.jp/oukodou/kuzukago/kundoku%2C1.html,なし
漢文 意味瞬発 Deck1 最重要250項目,CC-000021,21,Deck1 最重要・意味瞬発,句法,禁止,勿〜,〜することなかれ,なし,禁止形,形=勿〜;読み=〜することなかれ;意味=〜するな;音声=解答後,CC-000021-C01,meaning,意味瞬発（音声=解答後）,「勿〜」の意味を答えよ。,〜するな,〜するな｜〜してはいけない,相手の行為を禁止する。,なし,なし,なし,なし,なし,毋〜,意味はほぼ同じ禁止。,なし,大東文化大学「漢文訓読」・高等学校漢文標準句法（複数照合）,https://www2.ic.daito.ac.jp/oukodou/kuzukago/kundoku%2C1.html,なし
漢文 意味瞬発 Deck1 最重要250項目,CC-000022,22,Deck1 最重要・意味瞬発,句法,禁止,毋〜,〜することなかれ,なし,禁止形,形=毋〜;読み=〜することなかれ;意味=〜するな;音声=解答後,CC-000022-C01,meaning,意味瞬発（音声=解答後）,「毋〜」の意味を答えよ。,〜するな,〜するな｜〜してはいけない,相手の行為を禁止する。,なし,なし,なし,なし,なし,勿〜,意味はほぼ同じ禁止。,なし,大東文化大学「漢文訓読」・高等学校漢文標準句法（複数照合）,https://www2.ic.daito.ac.jp/oukodou/kuzukago/kundoku%2C1.html,なし
漢文 意味瞬発 Deck1 最重要250項目,CC-000023,23,Deck1 最重要・意味瞬発,句法,禁止,莫〜（禁止）,〜するなかれ,莫〜,禁止形,形=莫〜（禁止）;読み=〜するなかれ;意味=〜するな;音声=解答後,CC-000023-C01,meaning,意味瞬発（音声=解答後）,「莫〜（禁止）」の意味を答えよ。,〜するな,〜するな｜〜してはいけない,命令文では禁止を表す。,なし,なし,なし,なし,なし,莫〜（存在否定）,命令なら禁止、平叙文なら存在否定になりやすい。,なし,大東文化大学「漢文訓読」・高等学校漢文標準句法（複数照合）,https://www2.ic.daito.ac.jp/oukodou/kuzukago/kundoku%2C1.html,なし
漢文 意味瞬発 Deck1 最重要250項目,CC-000024,24,Deck1 最重要・意味瞬発,句法,部分否定,不必〜,必ずしも〜ず,なし,部分否定,形=不必〜;読み=必ずしも〜ず;意味=必ずしも〜とは限らない;音声=解答後,CC-000024-C01,meaning,意味瞬発（音声=解答後）,「不必〜」の意味を答えよ。,必ずしも〜とは限らない,必ずしも〜とは限らない｜必ず〜する必要はない,「必ず」という副詞だけを否定する。,なし,なし,なし,なし,なし,必不〜,「不必」は部分否定、「必不」は必ず〜ない。,なし,大東文化大学「漢文訓読」・高等学校漢文標準句法（複数照合）,https://www2.ic.daito.ac.jp/oukodou/kuzukago/kundoku%2C1.html,なし
漢文 意味瞬発 Deck1 最重要250項目,CC-000025,25,Deck1 最重要・意味瞬発,句法,部分否定,未必〜,いまだかならずしも〜ず,なし,部分否定,形=未必〜;読み=いまだかならずしも〜ず;意味=必ずしも〜とは限らない;音声=解答後,CC-000025-C01,meaning,意味瞬発（音声=解答後）,「未必〜」の意味を答えよ。,必ずしも〜とは限らない,必ずしも〜とは限らない｜必ず〜というわけではない,断定を避け、例外の可能性を残す。,なし,なし,なし,なし,なし,不必〜,どちらも部分否定だが、「未必」は判断の不確かさを表しやすい。,なし,大東文化大学「漢文訓読」・高等学校漢文標準句法（複数照合）,https://www2.ic.daito.ac.jp/oukodou/kuzukago/kundoku%2C1.html,なし
漢文 意味瞬発 Deck1 最重要250項目,CC-000026,26,Deck1 最重要・意味瞬発,句法,二重否定,無不〜,〜せざるなし,なし,二重否定,形=無不〜;読み=〜せざるなし;意味=すべて〜する・必ず〜する;音声=解答後,CC-000026-C01,meaning,意味瞬発（音声=解答後）,「無不〜」の意味を答えよ。,すべて〜する・必ず〜する,すべて〜する・必ず〜する｜〜しないものはない,否定を二つ重ねて強い肯定を表す。,なし,なし,なし,なし,なし,無〜,「無不」は二重否定で肯定。,なし,大東文化大学「漢文訓読」・高等学校漢文標準句法（複数照合）,https://www2.ic.daito.ac.jp/oukodou/kuzukago/kundoku%2C1.html,なし
漢文 意味瞬発 Deck1 最重要250項目,CC-000027,27,Deck1 最重要・意味瞬発,句法,二重否定,莫不〜,〜せざるなし,なし,二重否定,形=莫不〜;読み=〜せざるなし;意味=誰もが〜する・すべて〜する;音声=解答後,CC-000027-C01,meaning,意味瞬発（音声=解答後）,「莫不〜」の意味を答えよ。,誰もが〜する・すべて〜する,誰もが〜する・すべて〜する｜〜しない者はいない,否定を二つ重ねて全面的な肯定を表す。,なし,なし,なし,なし,なし,莫〜,「莫不」は二重否定で肯定。,なし,大東文化大学「漢文訓読」・高等学校漢文標準句法（複数照合）,https://www2.ic.daito.ac.jp/oukodou/kuzukago/kundoku%2C1.html,なし
漢文 意味瞬発 Deck1 最重要250項目,CC-000028,28,Deck1 最重要・意味瞬発,句法,二重否定,非不〜,〜せざるにあらず,なし,二重否定,形=非不〜;読み=〜せざるにあらず;意味=〜しないわけではない;音声=解答後,CC-000028-C01,meaning,意味瞬発（音声=解答後）,「非不〜」の意味を答えよ。,〜しないわけではない,〜しないわけではない｜実際には〜する,控えめな肯定を表す。,なし,なし,なし,なし,なし,不〜,単純否定ではなく二重否定。,なし,大東文化大学「漢文訓読」・高等学校漢文標準句法（複数照合）,https://www2.ic.daito.ac.jp/oukodou/kuzukago/kundoku%2C1.html,なし
漢文 意味瞬発 Deck1 最重要250項目,CC-000029,29,Deck1 最重要・意味瞬発,句法,二重否定,不可不〜,〜せざるべからず,なし,義務形,形=不可不〜;読み=〜せざるべからず;意味=〜しなければならない;音声=解答後,CC-000029-C01,meaning,意味瞬発（音声=解答後）,「不可不〜」の意味を答えよ。,〜しなければならない,〜しなければならない｜必ず〜する必要がある,二重否定によって強い義務を表す。,なし,なし,なし,なし,なし,不可〜,否定が一つなら不可能・禁止、二つなら義務。,なし,大東文化大学「漢文訓読」・高等学校漢文標準句法（複数照合）,https://www2.ic.daito.ac.jp/oukodou/kuzukago/kundoku%2C1.html,なし
漢文 意味瞬発 Deck1 最重要250項目,CC-000030,30,Deck1 最重要・意味瞬発,句法,二重否定,不能不〜,〜せざるあたわず,なし,必然形,形=不能不〜;読み=〜せざるあたわず;意味=〜せずにはいられない;音声=解答後,CC-000030-C01,meaning,意味瞬発（音声=解答後）,「不能不〜」の意味を答えよ。,〜せずにはいられない,〜せずにはいられない｜どうしても〜する,事情や感情から避けられないことを表す。,なし,なし,なし,なし,なし,不能〜,否定が一つなら不可能、二つなら必然的な肯定。,なし,大東文化大学「漢文訓読」・高等学校漢文標準句法（複数照合）,https://www2.ic.daito.ac.jp/oukodou/kuzukago/kundoku%2C1.html,なし
漢文 意味瞬発 Deck1 最重要250項目,CC-000031,31,Deck1 最重要・意味瞬発,句法,二重否定,不得不〜,〜せざるをえず,なし,義務形,形=不得不〜;読み=〜せざるをえず;意味=やむを得ず〜しなければならない;音声=解答後,CC-000031-C01,meaning,意味瞬発（音声=解答後）,「不得不〜」の意味を答えよ。,やむを得ず〜しなければならない,やむを得ず〜しなければならない｜〜せざるを得ない,事情に迫られた義務を表す。,なし,なし,なし,なし,なし,不得〜,否定が一つなら不可能、二つなら義務。,なし,大東文化大学「漢文訓読」・高等学校漢文標準句法（複数照合）,https://www2.ic.daito.ac.jp/oukodou/kuzukago/kundoku%2C1.html,なし
漢文 意味瞬発 Deck1 最重要250項目,CC-000032,32,Deck1 最重要・意味瞬発,句法,二重否定,未嘗不〜,いまだかつて〜せずんばあらず,なし,二重否定,形=未嘗不〜;読み=いまだかつて〜せずんばあらず;意味=いつも〜する・〜しないことはない;音声=解答後,CC-000032-C01,meaning,意味瞬発（音声=解答後）,「未嘗不〜」の意味を答えよ。,いつも〜する・〜しないことはない,いつも〜する・〜しないことはない｜必ず〜する,過去から現在まで例外なく行われたことを表す。,なし,なし,なし,なし,なし,未嘗〜,「不」が一つなら一度も〜ない、二つならいつも〜する。,なし,大東文化大学「漢文訓読」・高等学校漢文標準句法（複数照合）,https://www2.ic.daito.ac.jp/oukodou/kuzukago/kundoku%2C1.html,なし
漢文 意味瞬発 Deck1 最重要250項目,CC-000033,33,Deck1 最重要・意味瞬発,句法,否定,無所〜,〜するところなし,なし,所字否定,形=無所〜;読み=〜するところなし;意味=〜するところ・ものがない;音声=解答後,CC-000033-C01,meaning,意味瞬発（音声=解答後）,「無所〜」の意味を答えよ。,〜するところ・ものがない,〜するところ・ものがない｜〜する対象がない,「所」を伴い、動作の対象や場所がないことを表す。,なし,なし,なし,なし,なし,無以〜,「無所」は対象・場所、「無以」は手段がない。,なし,大東文化大学「漢文訓読」・高等学校漢文標準句法（複数照合）,https://www2.ic.daito.ac.jp/oukodou/kuzukago/kundoku%2C1.html,なし
漢文 意味瞬発 Deck1 最重要250項目,CC-000034,34,Deck1 最重要・意味瞬発,句法,否定,無以〜,もって〜することなし,なし,手段否定,形=無以〜;読み=もって〜することなし;意味=〜する手段がない・〜できない;音声=解答後,CC-000034-C01,meaning,意味瞬発（音声=解答後）,「無以〜」の意味を答えよ。,〜する手段がない・〜できない,〜する手段がない・〜できない｜〜する方法がない,手段・方法がないため実行できないことを表す。,なし,なし,なし,なし,なし,無所〜,「無以」は手段、「無所」は対象・場所。,なし,大東文化大学「漢文訓読」・高等学校漢文標準句法（複数照合）,https://www2.ic.daito.ac.jp/oukodou/kuzukago/kundoku%2C1.html,なし
漢文 意味瞬発 Deck1 最重要250項目,CC-000035,35,Deck1 最重要・意味瞬発,句法,疑問,何〜,なに・なんぞ〜,なし,疑問形,形=何〜;読み=なに・なんぞ〜;意味=何を・なぜ;音声=解答後,CC-000035-C01,meaning,意味瞬発（音声=解答後）,「何〜」の意味を答えよ。,何を・なぜ,何を・なぜ｜何・どうして,疑問語として対象または理由を尋ねる。,なし,なし,なし,なし,なし,何〜哉,文末表現と文脈により疑問か反語かを判断する。,なし,大東文化大学「漢文訓読」・高等学校漢文標準句法（複数照合）,https://www2.ic.daito.ac.jp/oukodou/kuzukago/kundoku%2C1.html,なし
漢文 意味瞬発 Deck1 最重要250項目,CC-000036,36,Deck1 最重要・意味瞬発,句法,疑問,誰〜,たれか〜,なし,疑問形,形=誰〜;読み=たれか〜;意味=誰が・誰を;音声=解答後,CC-000036-C01,meaning,意味瞬発（音声=解答後）,「誰〜」の意味を答えよ。,誰が・誰を,誰が・誰を｜誰,人物を尋ねる。,なし,なし,なし,なし,なし,孰〜,「誰」は人物、「孰」は人物または選択肢の比較。,なし,大東文化大学「漢文訓読」・高等学校漢文標準句法（複数照合）,https://www2.ic.daito.ac.jp/oukodou/kuzukago/kundoku%2C1.html,なし
漢文 意味瞬発 Deck1 最重要250項目,CC-000037,37,Deck1 最重要・意味瞬発,句法,疑問,孰〜,たれか・いずれか〜,なし,疑問形,形=孰〜;読み=たれか・いずれか〜;意味=誰・どちら;音声=解答後,CC-000037-C01,meaning,意味瞬発（音声=解答後）,「孰〜」の意味を答えよ。,誰・どちら,誰・どちら｜どれ・いずれ,人物または複数の選択肢から一つを尋ねる。,なし,なし,なし,なし,なし,誰〜,「孰」は比較・選択にも使う。,なし,大東文化大学「漢文訓読」・高等学校漢文標準句法（複数照合）,https://www2.ic.daito.ac.jp/oukodou/kuzukago/kundoku%2C1.html,なし
漢文 意味瞬発 Deck1 最重要250項目,CC-000038,38,Deck1 最重要・意味瞬発,句法,疑問・反語,安〜,いずくにか・いずくんぞ〜,なし,疑問形,形=安〜;読み=いずくにか・いずくんぞ〜;意味=どこに・どうして;音声=解答後,CC-000038-C01,meaning,意味瞬発（音声=解答後）,「安〜」の意味を答えよ。,どこに・どうして,どこに・どうして｜どこ・なぜ,場所を尋ねる疑問、または反語に用いる。,なし,なし,なし,なし,なし,悪〜,どちらも「いずく」と読み、場所・反語を表す。,なし,大東文化大学「漢文訓読」・高等学校漢文標準句法（複数照合）,https://www2.ic.daito.ac.jp/oukodou/kuzukago/kundoku%2C1.html,なし
漢文 意味瞬発 Deck1 最重要250項目,CC-000039,39,Deck1 最重要・意味瞬発,句法,疑問・反語,悪〜,いずくにか・いずくんぞ〜,なし,疑問形,形=悪〜;読み=いずくにか・いずくんぞ〜;意味=どこに・どうして;音声=解答後,CC-000039-C01,meaning,意味瞬発（音声=解答後）,「悪〜」の意味を答えよ。,どこに・どうして,どこに・どうして｜どこ・なぜ,場所を尋ねる疑問、または反語に用いる。,なし,なし,なし,なし,なし,悪（多義語）,疑問語では「いずく」、動詞では「にくむ」。,なし,大東文化大学「漢文訓読」・高等学校漢文標準句法（複数照合）,https://www2.ic.daito.ac.jp/oukodou/kuzukago/kundoku%2C1.html,なし
漢文 意味瞬発 Deck1 最重要250項目,CC-000040,40,Deck1 最重要・意味瞬発,句法,疑問・反語,焉〜,いずくにか・いずくんぞ〜,なし,疑問形,形=焉〜;読み=いずくにか・いずくんぞ〜;意味=どこに・どうして;音声=解答後,CC-000040-C01,meaning,意味瞬発（音声=解答後）,「焉〜」の意味を答えよ。,どこに・どうして,どこに・どうして｜どこ・なぜ,場所を尋ねる疑問、または反語に用いる。,なし,なし,なし,なし,なし,焉（機能語）,疑問語のほか、代名詞・語気にも用いる。,なし,大東文化大学「漢文訓読」・高等学校漢文標準句法（複数照合）,https://www2.ic.daito.ac.jp/oukodou/kuzukago/kundoku%2C1.html,なし
漢文 意味瞬発 Deck1 最重要250項目,CC-000041,41,Deck1 最重要・意味瞬発,句法,疑問,胡〜,なんぞ〜,なし,疑問形,形=胡〜;読み=なんぞ〜;意味=なぜ・どうして;音声=解答後,CC-000041-C01,meaning,意味瞬発（音声=解答後）,「胡〜」の意味を答えよ。,なぜ・どうして,なぜ・どうして｜どうして,理由を尋ねる疑問語。,なし,なし,なし,なし,なし,奚〜,どちらも「なんぞ」と読み、理由を尋ねる。,なし,大東文化大学「漢文訓読」・高等学校漢文標準句法（複数照合）,https://www2.ic.daito.ac.jp/oukodou/kuzukago/kundoku%2C1.html,なし
漢文 意味瞬発 Deck1 最重要250項目,CC-000042,42,Deck1 最重要・意味瞬発,句法,疑問,奚〜,なんぞ〜,なし,疑問形,形=奚〜;読み=なんぞ〜;意味=なぜ・どうして・何を;音声=解答後,CC-000042-C01,meaning,意味瞬発（音声=解答後）,「奚〜」の意味を答えよ。,なぜ・どうして・何を,なぜ・どうして・何を｜どうして,理由や対象を尋ねる疑問語。,なし,なし,なし,なし,なし,胡〜,「奚」は目的語として「何を」の意味にもなる。,なし,大東文化大学「漢文訓読」・高等学校漢文標準句法（複数照合）,https://www2.ic.daito.ac.jp/oukodou/kuzukago/kundoku%2C1.html,なし
漢文 意味瞬発 Deck1 最重要250項目,CC-000043,43,Deck1 最重要・意味瞬発,句法,疑問,曷〜,なんぞ・いつ〜,なし,疑問形,形=曷〜;読み=なんぞ・いつ〜;意味=なぜ・いつ;音声=解答後,CC-000043-C01,meaning,意味瞬発（音声=解答後）,「曷〜」の意味を答えよ。,なぜ・いつ,なぜ・いつ｜どうして,理由または時を尋ねる。,なし,なし,なし,なし,なし,胡〜,「曷」は「いつ」の意味にもなる。,なし,大東文化大学「漢文訓読」・高等学校漢文標準句法（複数照合）,https://www2.ic.daito.ac.jp/oukodou/kuzukago/kundoku%2C1.html,なし
漢文 意味瞬発 Deck1 最重要250項目,CC-000044,44,Deck1 最重要・意味瞬発,句法,疑問,何以〜,なにをもって〜,なし,疑問形,形=何以〜;読み=なにをもって〜;意味=何によって・どうして;音声=解答後,CC-000044-C01,meaning,意味瞬発（音声=解答後）,「何以〜」の意味を答えよ。,何によって・どうして,何によって・どうして｜どのような方法で,手段・理由を尋ねる。,なし,なし,なし,なし,なし,何故〜,「何以」は手段、「何故」は理由が中心。,なし,大東文化大学「漢文訓読」・高等学校漢文標準句法（複数照合）,https://www2.ic.daito.ac.jp/oukodou/kuzukago/kundoku%2C1.html,なし
漢文 意味瞬発 Deck1 最重要250項目,CC-000045,45,Deck1 最重要・意味瞬発,句法,疑問,何故〜,なんのゆえに〜,なし,疑問形,形=何故〜;読み=なんのゆえに〜;意味=なぜ;音声=解答後,CC-000045-C01,meaning,意味瞬発（音声=解答後）,「何故〜」の意味を答えよ。,なぜ,なぜ｜どうして,理由を直接尋ねる。,なし,なし,なし,なし,なし,何以〜,「何故」は理由が中心。,なし,大東文化大学「漢文訓読」・高等学校漢文標準句法（複数照合）,https://www2.ic.daito.ac.jp/oukodou/kuzukago/kundoku%2C1.html,なし
漢文 意味瞬発 Deck1 最重要250項目,CC-000046,46,Deck1 最重要・意味瞬発,句法,疑問,何為〜,なんすれぞ・なにをかなす,なし,疑問形,形=何為〜;読み=なんすれぞ・なにをかなす;意味=どうして〜するのか・何をするのか;音声=解答後,CC-000046-C01,meaning,意味瞬発（音声=解答後）,「何為〜」の意味を答えよ。,どうして〜するのか・何をするのか,どうして〜するのか・何をするのか｜なぜ〜するのか,語順と文脈によって理由または行為の内容を尋ねる。,なし,なし,なし,なし,なし,何以A為,「何為」は疑問、「何以A為」は反語で不要を表しやすい。,なし,大東文化大学「漢文訓読」・高等学校漢文標準句法（複数照合）,https://www2.ic.daito.ac.jp/oukodou/kuzukago/kundoku%2C1.html,なし
漢文 意味瞬発 Deck1 最重要250項目,CC-000047,47,Deck1 最重要・意味瞬発,句法,疑問,何如,いかん,なし,疑問形,形=何如;読み=いかん;意味=どうであるか・どうするか;音声=解答後,CC-000047-C01,meaning,意味瞬発（音声=解答後）,「何如」の意味を答えよ。,どうであるか・どうするか,どうであるか・どうするか｜どのようであるか,状態や方法を尋ねる定型表現。,なし,なし,なし,なし,なし,如何,語順が逆でも基本的な意味は近い。,なし,大東文化大学「漢文訓読」・高等学校漢文標準句法（複数照合）,https://www2.ic.daito.ac.jp/oukodou/kuzukago/kundoku%2C1.html,なし
漢文 意味瞬発 Deck1 最重要250項目,CC-000048,48,Deck1 最重要・意味瞬発,句法,疑問,如何,いかん,なし,疑問形,形=如何;読み=いかん;意味=どうであるか・どうするか;音声=解答後,CC-000048-C01,meaning,意味瞬発（音声=解答後）,「如何」の意味を答えよ。,どうであるか・どうするか,どうであるか・どうするか｜どのようであるか,状態や方法を尋ねる定型表現。,なし,なし,なし,なし,なし,何如,語順が逆でも基本的な意味は近い。,なし,大東文化大学「漢文訓読」・高等学校漢文標準句法（複数照合）,https://www2.ic.daito.ac.jp/oukodou/kuzukago/kundoku%2C1.html,なし
漢文 意味瞬発 Deck1 最重要250項目,CC-000049,49,Deck1 最重要・意味瞬発,句法,疑問,奈何,いかんせん,なし,疑問形,形=奈何;読み=いかんせん;意味=どうしようか;音声=解答後,CC-000049-C01,meaning,意味瞬発（音声=解答後）,「奈何」の意味を答えよ。,どうしようか,どうしようか｜どうすればよいか,対処の方法を尋ねる。,なし,なし,なし,なし,なし,如何,「奈何」は困惑・対処の意味が強い。,なし,大東文化大学「漢文訓読」・高等学校漢文標準句法（複数照合）,https://www2.ic.daito.ac.jp/oukodou/kuzukago/kundoku%2C1.html,なし
漢文 意味瞬発 Deck1 最重要250項目,CC-000050,50,Deck1 最重要・意味瞬発,句法,疑問,幾何,いくばく,なし,疑問形,形=幾何;読み=いくばく;意味=どれほど・いくら;音声=解答後,CC-000050-C01,meaning,意味瞬発（音声=解答後）,「幾何」の意味を答えよ。,どれほど・いくら,どれほど・いくら｜どのくらい,数量・程度を尋ねる。,なし,なし,なし,なし,なし,なし,なし,なし,大東文化大学「漢文訓読」・高等学校漢文標準句法（複数照合）,https://www2.ic.daito.ac.jp/oukodou/kuzukago/kundoku%2C1.html,なし
漢文 意味瞬発 Deck1 最重要250項目,CC-000051,51,Deck1 最重要・意味瞬発,句法,理由提示,何者,なんとなれば,なし,理由提示形,形=何者;読み=なんとなれば;意味=なぜならば;音声=解答後,CC-000051-C01,meaning,意味瞬発（音声=解答後）,「何者」の意味を答えよ。,なぜならば,なぜならば｜その理由は,前の判断に続けて理由を示す。,なし,なし,なし,なし,なし,何則,どちらも理由を導く定型表現。,なし,大東文化大学「漢文訓読」・高等学校漢文標準句法（複数照合）,https://www2.ic.daito.ac.jp/oukodou/kuzukago/kundoku%2C1.html,なし
漢文 意味瞬発 Deck1 最重要250項目,CC-000052,52,Deck1 最重要・意味瞬発,句法,比較疑問,A与B孰〜,AとBといずれか〜,なし,比較疑問形,形=A与B孰〜;読み=AとBといずれか〜;意味=AとBではどちらが〜か;音声=解答後,CC-000052-C01,meaning,意味瞬発（音声=解答後）,「A与B孰〜」の意味を答えよ。,AとBではどちらが〜か,AとBではどちらが〜か｜AとBのどちらが〜か,二つを比べて優劣・程度を尋ねる。,なし,なし,なし,なし,なし,A孰与B,語順が異なる比較疑問。,なし,大東文化大学「漢文訓読」・高等学校漢文標準句法（複数照合）,https://www2.ic.daito.ac.jp/oukodou/kuzukago/kundoku%2C1.html,なし
漢文 意味瞬発 Deck1 最重要250項目,CC-000053,53,Deck1 最重要・意味瞬発,句法,反語,豈〜哉,あに〜んや,豈〜乎,反語形,形=豈〜哉;読み=あに〜んや;意味=どうして〜だろうか、いや〜ない;音声=解答後,CC-000053-C01,meaning,意味瞬発（音声=解答後）,「豈〜哉」の意味を答えよ。,どうして〜だろうか、いや〜ない,どうして〜だろうか、いや〜ない｜まさか〜ではない,強い反語を表す代表的な形。,なし,なし,なし,なし,なし,何〜哉,「豈」は反語の合図になりやすい。,なし,大東文化大学「漢文訓読」・高等学校漢文標準句法（複数照合）,https://www2.ic.daito.ac.jp/oukodou/kuzukago/kundoku%2C1.html,なし
漢文 意味瞬発 Deck1 最重要250項目,CC-000054,54,Deck1 最重要・意味瞬発,句法,反語,豈不〜哉,あに〜ずや,なし,反語形,形=豈不〜哉;読み=あに〜ずや;意味=どうして〜でないだろうか、いや〜である;音声=解答後,CC-000054-C01,meaning,意味瞬発（音声=解答後）,「豈不〜哉」の意味を答えよ。,どうして〜でないだろうか、いや〜である,どうして〜でないだろうか、いや〜である｜当然〜である,否定を含む反語で強い肯定を表す。,なし,なし,なし,なし,なし,豈〜哉,「不」が入るため結論は肯定になる。,なし,大東文化大学「漢文訓読」・高等学校漢文標準句法（複数照合）,https://www2.ic.daito.ac.jp/oukodou/kuzukago/kundoku%2C1.html,なし
漢文 意味瞬発 Deck1 最重要250項目,CC-000055,55,Deck1 最重要・意味瞬発,句法,反語,独〜乎,ひとり〜んや,独〜哉,反語形,形=独〜乎;読み=ひとり〜んや;意味=どうしてただ〜だけだろうか、いや〜だけではない;音声=解答後,CC-000055-C01,meaning,意味瞬発（音声=解答後）,「独〜乎」の意味を答えよ。,どうしてただ〜だけだろうか、いや〜だけではない,どうしてただ〜だけだろうか、いや〜だけではない｜〜だけではない,限定を打ち消して範囲を広げる反語。,なし,なし,なし,なし,なし,独〜（限定）,「独〜乎」は反語、「独〜」だけなら限定。,なし,大東文化大学「漢文訓読」・高等学校漢文標準句法（複数照合）,https://www2.ic.daito.ac.jp/oukodou/kuzukago/kundoku%2C1.html,なし
漢文 意味瞬発 Deck1 最重要250項目,CC-000056,56,Deck1 最重要・意味瞬発,句法,反語,何〜哉,なんぞ〜んや,なし,反語形,形=何〜哉;読み=なんぞ〜んや;意味=どうして〜だろうか、いや〜ない;音声=解答後,CC-000056-C01,meaning,意味瞬発（音声=解答後）,「何〜哉」の意味を答えよ。,どうして〜だろうか、いや〜ない,どうして〜だろうか、いや〜ない｜なぜ〜だろうか、いや〜ない,文脈と文末の「哉」により反語になることが多い。,なし,なし,なし,なし,なし,何〜,疑問か反語かは文脈で判断する。,なし,大東文化大学「漢文訓読」・高等学校漢文標準句法（複数照合）,https://www2.ic.daito.ac.jp/oukodou/kuzukago/kundoku%2C1.html,なし
漢文 意味瞬発 Deck1 最重要250項目,CC-000057,57,Deck1 最重要・意味瞬発,句法,反語・倒置,何A之有,なんのAかこれあらん,何有A,反語形,形=何A之有;読み=なんのAかこれあらん;意味=どんなAがあるだろうか、いやない;音声=解答後,CC-000057-C01,meaning,意味瞬発（音声=解答後）,「何A之有」の意味を答えよ。,どんなAがあるだろうか、いやない,どんなAがあるだろうか、いやない｜Aなどない,目的語Aを前に出した反語の定型。,なし,なし,なし,なし,なし,なし,「之」は目的語前置の目印。,なし,大東文化大学「漢文訓読」・高等学校漢文標準句法（複数照合）,https://www2.ic.daito.ac.jp/oukodou/kuzukago/kundoku%2C1.html,なし
漢文 意味瞬発 Deck1 最重要250項目,CC-000058,58,Deck1 最重要・意味瞬発,句法,詠嘆・反語,不亦〜乎,また〜ならずや,なし,詠嘆形,形=不亦〜乎;読み=また〜ならずや;意味=なんと〜ではないか;音声=解答後,CC-000058-C01,meaning,意味瞬発（音声=解答後）,「不亦〜乎」の意味を答えよ。,なんと〜ではないか,なんと〜ではないか｜実に〜ではないか,相手の同意を求めながら強く肯定・詠嘆する。,なし,なし,なし,なし,なし,豈不〜哉,どちらも肯定的な結論だが、「不亦」は詠嘆的。,なし,大東文化大学「漢文訓読」・高等学校漢文標準句法（複数照合）,https://www2.ic.daito.ac.jp/oukodou/kuzukago/kundoku%2C1.html,なし
漢文 意味瞬発 Deck1 最重要250項目,CC-000059,59,Deck1 最重要・意味瞬発,句法,疑念・推量,無乃〜乎,すなわち〜なからんや,なし,疑念形,形=無乃〜乎;読み=すなわち〜なからんや;意味=〜ではあるまいか;音声=解答後,CC-000059-C01,meaning,意味瞬発（音声=解答後）,「無乃〜乎」の意味を答えよ。,〜ではあるまいか,〜ではあるまいか｜おそらく〜ではないか,控えめな疑念・推量を表す。,なし,なし,なし,なし,なし,豈〜哉,強い反語ではなく、控えめな推量。,なし,大東文化大学「漢文訓読」・高等学校漢文標準句法（複数照合）,https://www2.ic.daito.ac.jp/oukodou/kuzukago/kundoku%2C1.html,なし
漢文 意味瞬発 Deck1 最重要250項目,CC-000060,60,Deck1 最重要・意味瞬発,句法,使役,使A B,AをしてBせしむ,なし,使役形,形=使A B;読み=AをしてBせしむ;意味=AにBさせる;音声=解答後,CC-000060-C01,meaning,意味瞬発（音声=解答後）,「使A B」の意味を答えよ。,AにBさせる,AにBさせる｜AをBさせる,「使」が使役の対象Aと動作Bを取る。,なし,なし,なし,なし,なし,使A則B,「使A B」は使役、「使A則B」は仮定。,なし,大東文化大学「漢文訓読」・高等学校漢文標準句法（複数照合）,https://www2.ic.daito.ac.jp/oukodou/kuzukago/kundoku%2C1.html,なし
漢文 意味瞬発 Deck1 最重要250項目,CC-000061,61,Deck1 最重要・意味瞬発,句法,使役,令A B,AをしてBせしむ,なし,使役形,形=令A B;読み=AをしてBせしむ;意味=AにBさせる;音声=解答後,CC-000061-C01,meaning,意味瞬発（音声=解答後）,「令A B」の意味を答えよ。,AにBさせる,AにBさせる｜AをBさせる,「令」が命令・使役を表す。,なし,なし,なし,なし,なし,使A B,意味は近いが、「令」は命令のニュアンスが強い。,なし,大東文化大学「漢文訓読」・高等学校漢文標準句法（複数照合）,https://www2.ic.daito.ac.jp/oukodou/kuzukago/kundoku%2C1.html,なし
漢文 意味瞬発 Deck1 最重要250項目,CC-000062,62,Deck1 最重要・意味瞬発,句法,使役,教A B,AをしてBせしむ,なし,使役形,形=教A B;読み=AをしてBせしむ;意味=AにBさせる・Aに教えてBさせる;音声=解答後,CC-000062-C01,meaning,意味瞬発（音声=解答後）,「教A B」の意味を答えよ。,AにBさせる・Aに教えてBさせる,AにBさせる・Aに教えてBさせる｜AをBさせる,「教」が使役を表す。,なし,なし,なし,なし,なし,令A B,「教」は教示の意味を伴うことがある。,なし,大東文化大学「漢文訓読」・高等学校漢文標準句法（複数照合）,https://www2.ic.daito.ac.jp/oukodou/kuzukago/kundoku%2C1.html,なし
漢文 意味瞬発 Deck1 最重要250項目,CC-000063,63,Deck1 最重要・意味瞬発,句法,使役,遣A B,AをしてBせしむ,なし,使役形,形=遣A B;読み=AをしてBせしむ;意味=Aを行かせてBさせる・AにBさせる;音声=解答後,CC-000063-C01,meaning,意味瞬発（音声=解答後）,「遣A B」の意味を答えよ。,Aを行かせてBさせる・AにBさせる,Aを行かせてBさせる・AにBさせる｜Aを派遣してBさせる,「遣」は派遣して行動させる意味を含みやすい。,なし,なし,なし,なし,なし,使A B,単純な使役より、派遣の意味が強い。,なし,大東文化大学「漢文訓読」・高等学校漢文標準句法（複数照合）,https://www2.ic.daito.ac.jp/oukodou/kuzukago/kundoku%2C1.html,なし
漢文 意味瞬発 Deck1 最重要250項目,CC-000064,64,Deck1 最重要・意味瞬発,句法,受身,見V,Vせらる,なし,受身形,形=見V;読み=Vせらる;意味=Vされる;音声=解答後,CC-000064-C01,meaning,意味瞬発（音声=解答後）,「見V」の意味を答えよ。,Vされる,Vされる｜〜される,動詞の前の「見」が受身を表す。,なし,なし,なし,なし,なし,見（多義語）,単独の「見」は「見る」などの意味もある。,なし,大東文化大学「漢文訓読」・高等学校漢文標準句法（複数照合）,https://www2.ic.daito.ac.jp/oukodou/kuzukago/kundoku%2C1.html,なし
漢文 意味瞬発 Deck1 最重要250項目,CC-000065,65,Deck1 最重要・意味瞬発,句法,受身,被V,Vせらる,なし,受身形,形=被V;読み=Vせらる;意味=Vされる;音声=解答後,CC-000065-C01,meaning,意味瞬発（音声=解答後）,「被V」の意味を答えよ。,Vされる,Vされる｜〜される,「被」が受身を表す。,なし,なし,なし,なし,なし,見V,どちらも受身だが、形が異なる。,なし,大東文化大学「漢文訓読」・高等学校漢文標準句法（複数照合）,https://www2.ic.daito.ac.jp/oukodou/kuzukago/kundoku%2C1.html,なし
漢文 意味瞬発 Deck1 最重要250項目,CC-000066,66,Deck1 最重要・意味瞬発,句法,受身,為A所V,AのVするところとなる,なし,受身形,形=為A所V;読み=AのVするところとなる;意味=AにVされる;音声=解答後,CC-000066-C01,meaning,意味瞬発（音声=解答後）,「為A所V」の意味を答えよ。,AにVされる,AにVされる｜AによってVされる,「為」と「所」が受身の枠を作る。,なし,なし,なし,なし,なし,以A為B,「為A所V」は受身、「以A為B」は認定・変化。,なし,大東文化大学「漢文訓読」・高等学校漢文標準句法（複数照合）,https://www2.ic.daito.ac.jp/oukodou/kuzukago/kundoku%2C1.html,なし
漢文 意味瞬発 Deck1 最重要250項目,CC-000067,67,Deck1 最重要・意味瞬発,句法,受身,見V於A,AにVせらる,なし,受身形,形=見V於A;読み=AにVせらる;意味=AにVされる;音声=解答後,CC-000067-C01,meaning,意味瞬発（音声=解答後）,「見V於A」の意味を答えよ。,AにVされる,AにVされる｜AによってVされる,「見」と「於」が受身の動作主Aを示す。,なし,なし,なし,なし,なし,見V,「於A」が動作主を明示する。,なし,大東文化大学「漢文訓読」・高等学校漢文標準句法（複数照合）,https://www2.ic.daito.ac.jp/oukodou/kuzukago/kundoku%2C1.html,なし
漢文 意味瞬発 Deck1 最重要250項目,CC-000068,68,Deck1 最重要・意味瞬発,句法,受身,V於A（受身）,AにVせらる,なし,受身形,形=V於A（受身）;読み=AにVせらる;意味=AにVされる;音声=解答後,CC-000068-C01,meaning,意味瞬発（音声=解答後）,「V於A（受身）」の意味を答えよ。,AにVされる,AにVされる｜AによってVされる,文脈上、動詞と「於A」で受身を表す。,なし,なし,なし,なし,なし,A於B（比較）,同じ「於」でも、動詞と関係すれば受身、形容語と関係すれば比較になりやすい。,なし,大東文化大学「漢文訓読」・高等学校漢文標準句法（複数照合）,https://www2.ic.daito.ac.jp/oukodou/kuzukago/kundoku%2C1.html,なし
漢文 意味瞬発 Deck1 最重要250項目,CC-000069,69,Deck1 最重要・意味瞬発,句法,受身,為A V（受身）,AにVせらる,なし,受身形,形=為A V（受身）;読み=AにVせらる;意味=AにVされる;音声=解答後,CC-000069-C01,meaning,意味瞬発（音声=解答後）,「為A V（受身）」の意味を答えよ。,AにVされる,AにVされる｜AによってVされる,「為A」が受身の動作主を示す。,なし,なし,なし,なし,なし,為A所V,「所」を伴わない受身形。,なし,大東文化大学「漢文訓読」・高等学校漢文標準句法（複数照合）,https://www2.ic.daito.ac.jp/oukodou/kuzukago/kundoku%2C1.html,なし
漢文 意味瞬発 Deck1 最重要250項目,CC-000070,70,Deck1 最重要・意味瞬発,句法,比較,A於B（比較）,AはBより〜,A于B,比較形,形=A於B（比較）;読み=AはBより〜;意味=AはBより〜だ;音声=解答後,CC-000070-C01,meaning,意味瞬発（音声=解答後）,「A於B（比較）」の意味を答えよ。,AはBより〜だ,AはBより〜だ｜Aの方がBより〜だ,「於・于」が比較の基準Bを示す。,なし,なし,なし,なし,なし,V於A（受身）,形容語の比較か、動詞の受身かを文脈で見分ける。,なし,大東文化大学「漢文訓読」・高等学校漢文標準句法（複数照合）,https://www2.ic.daito.ac.jp/oukodou/kuzukago/kundoku%2C1.html,なし
漢文 意味瞬発 Deck1 最重要250項目,CC-000071,71,Deck1 最重要・意味瞬発,句法,比較,A不如B,AはBにしかず,なし,比較形,形=A不如B;読み=AはBにしかず;意味=AはBに及ばない;音声=解答後,CC-000071-C01,meaning,意味瞬発（音声=解答後）,「A不如B」の意味を答えよ。,AはBに及ばない,AはBに及ばない｜AはBほどよくない,AがBより劣ることを表す。,なし,なし,なし,なし,なし,A不若B,意味はほぼ同じ。,なし,大東文化大学「漢文訓読」・高等学校漢文標準句法（複数照合）,https://www2.ic.daito.ac.jp/oukodou/kuzukago/kundoku%2C1.html,なし
漢文 意味瞬発 Deck1 最重要250項目,CC-000072,72,Deck1 最重要・意味瞬発,句法,比較,A不若B,AはBにしかず,なし,比較形,形=A不若B;読み=AはBにしかず;意味=AはBに及ばない;音声=解答後,CC-000072-C01,meaning,意味瞬発（音声=解答後）,「A不若B」の意味を答えよ。,AはBに及ばない,AはBに及ばない｜AはBほどよくない,AがBより劣ることを表す。,なし,なし,なし,なし,なし,A不如B,意味はほぼ同じ。,なし,大東文化大学「漢文訓読」・高等学校漢文標準句法（複数照合）,https://www2.ic.daito.ac.jp/oukodou/kuzukago/kundoku%2C1.html,なし
漢文 意味瞬発 Deck1 最重要250項目,CC-000073,73,Deck1 最重要・意味瞬発,句法,最上級,莫如A,Aにしくはなし,なし,最上級形,形=莫如A;読み=Aにしくはなし;意味=Aに及ぶものはない・Aが最もよい;音声=解答後,CC-000073-C01,meaning,意味瞬発（音声=解答後）,「莫如A」の意味を答えよ。,Aに及ぶものはない・Aが最もよい,Aに及ぶものはない・Aが最もよい｜Aが一番よい,他にAを超えるものがないことを表す。,なし,なし,なし,なし,なし,莫若A,意味はほぼ同じ。,なし,大東文化大学「漢文訓読」・高等学校漢文標準句法（複数照合）,https://www2.ic.daito.ac.jp/oukodou/kuzukago/kundoku%2C1.html,なし
漢文 意味瞬発 Deck1 最重要250項目,CC-000074,74,Deck1 最重要・意味瞬発,句法,最上級,莫若A,Aにしくはなし,なし,最上級形,形=莫若A;読み=Aにしくはなし;意味=Aに及ぶものはない・Aが最もよい;音声=解答後,CC-000074-C01,meaning,意味瞬発（音声=解答後）,「莫若A」の意味を答えよ。,Aに及ぶものはない・Aが最もよい,Aに及ぶものはない・Aが最もよい｜Aが一番よい,他にAを超えるものがないことを表す。,なし,なし,なし,なし,なし,莫如A,意味はほぼ同じ。,なし,大東文化大学「漢文訓読」・高等学校漢文標準句法（複数照合）,https://www2.ic.daito.ac.jp/oukodou/kuzukago/kundoku%2C1.html,なし
漢文 意味瞬発 Deck1 最重要250項目,CC-000075,75,Deck1 最重要・意味瞬発,句法,比較疑問,A孰与B,AはBといずれぞ,なし,比較疑問形,形=A孰与B;読み=AはBといずれぞ;意味=AとBではどちらが〜か;音声=解答後,CC-000075-C01,meaning,意味瞬発（音声=解答後）,「A孰与B」の意味を答えよ。,AとBではどちらが〜か,AとBではどちらが〜か｜AとBのどちらが〜か,二つを比較して優劣を尋ねる。,なし,なし,なし,なし,なし,A与B孰〜,語順が異なる比較疑問。,なし,大東文化大学「漢文訓読」・高等学校漢文標準句法（複数照合）,https://www2.ic.daito.ac.jp/oukodou/kuzukago/kundoku%2C1.html,なし
漢文 意味瞬発 Deck1 最重要250項目,CC-000076,76,Deck1 最重要・意味瞬発,句法,比較,A不及B,AはBにおよばず,なし,比較形,形=A不及B;読み=AはBにおよばず;意味=AはBに及ばない;音声=解答後,CC-000076-C01,meaning,意味瞬発（音声=解答後）,「A不及B」の意味を答えよ。,AはBに及ばない,AはBに及ばない｜AはBほどではない,能力・程度がBに届かないことを表す。,なし,なし,なし,なし,なし,A不如B,意味は近いが、「及」は到達のイメージ。,なし,大東文化大学「漢文訓読」・高等学校漢文標準句法（複数照合）,https://www2.ic.daito.ac.jp/oukodou/kuzukago/kundoku%2C1.html,なし
漢文 意味瞬発 Deck1 最重要250項目,CC-000077,77,Deck1 最重要・意味瞬発,句法,比況,A如B,AはBのごとし,なし,比況形,形=A如B;読み=AはBのごとし;意味=AはBのようだ;音声=解答後,CC-000077-C01,meaning,意味瞬発（音声=解答後）,「A如B」の意味を答えよ。,AはBのようだ,AはBのようだ｜AはBに似ている,AをBにたとえる。,なし,なし,なし,なし,なし,A若B,意味はほぼ同じ。,なし,大東文化大学「漢文訓読」・高等学校漢文標準句法（複数照合）,https://www2.ic.daito.ac.jp/oukodou/kuzukago/kundoku%2C1.html,なし
漢文 意味瞬発 Deck1 最重要250項目,CC-000078,78,Deck1 最重要・意味瞬発,句法,比況,A若B,AはBのごとし,なし,比況形,形=A若B;読み=AはBのごとし;意味=AはBのようだ;音声=解答後,CC-000078-C01,meaning,意味瞬発（音声=解答後）,「A若B」の意味を答えよ。,AはBのようだ,AはBのようだ｜AはBに似ている,AをBにたとえる。,なし,なし,なし,なし,なし,A如B,意味はほぼ同じ。,なし,大東文化大学「漢文訓読」・高等学校漢文標準句法（複数照合）,https://www2.ic.daito.ac.jp/oukodou/kuzukago/kundoku%2C1.html,なし
漢文 意味瞬発 Deck1 最重要250項目,CC-000079,79,Deck1 最重要・意味瞬発,句法,比況,A猶B,AはなおBのごとし,なし,比況形,形=A猶B;読み=AはなおBのごとし;意味=AはちょうどBのようだ;音声=解答後,CC-000079-C01,meaning,意味瞬発（音声=解答後）,「A猶B」の意味を答えよ。,AはちょうどBのようだ,AはちょうどBのようだ｜AはまるでBのようだ,「猶」が強い比況を表す。,なし,なし,なし,なし,なし,猶〜,再読文字としても同じ比況を表す。,なし,大東文化大学「漢文訓読」・高等学校漢文標準句法（複数照合）,https://www2.ic.daito.ac.jp/oukodou/kuzukago/kundoku%2C1.html,なし
漢文 意味瞬発 Deck1 最重要250項目,CC-000080,80,Deck1 最重要・意味瞬発,句法,選択,与其A寧B,そのAせんよりはむしろBせよ,なし,選択形,形=与其A寧B;読み=そのAせんよりはむしろBせよ;意味=Aするより、むしろBする方がよい;音声=解答後,CC-000080-C01,meaning,意味瞬発（音声=解答後）,「与其A寧B」の意味を答えよ。,Aするより、むしろBする方がよい,Aするより、むしろBする方がよい｜AよりBを選ぶ,二つの選択肢からBを選ぶ。,なし,なし,なし,なし,なし,寧A無B,どちらも選択だが、語順が異なる。,なし,大東文化大学「漢文訓読」・高等学校漢文標準句法（複数照合）,https://www2.ic.daito.ac.jp/oukodou/kuzukago/kundoku%2C1.html,なし
漢文 意味瞬発 Deck1 最重要250項目,CC-000081,81,Deck1 最重要・意味瞬発,句法,選択,寧A無B,むしろAするともBするなかれ,なし,選択形,形=寧A無B;読み=むしろAするともBするなかれ;意味=Bするくらいなら、むしろAする;音声=解答後,CC-000081-C01,meaning,意味瞬発（音声=解答後）,「寧A無B」の意味を答えよ。,Bするくらいなら、むしろAする,Bするくらいなら、むしろAする｜Aを選びBを避ける,強い選択・決意を表す。,なし,なし,なし,なし,なし,与其A寧B,どちらもBを避け別案を選ぶ形。,なし,大東文化大学「漢文訓読」・高等学校漢文標準句法（複数照合）,https://www2.ic.daito.ac.jp/oukodou/kuzukago/kundoku%2C1.html,なし
漢文 意味瞬発 Deck1 最重要250項目,CC-000082,82,Deck1 最重要・意味瞬発,句法,限定,唯〜,ただ〜のみ,なし,限定形,形=唯〜;読み=ただ〜のみ;意味=ただ〜だけ;音声=解答後,CC-000082-C01,meaning,意味瞬発（音声=解答後）,「唯〜」の意味を答えよ。,ただ〜だけ,ただ〜だけ｜〜だけ,範囲を一つに限る。,なし,なし,なし,なし,なし,惟〜,意味はほぼ同じ。,なし,大東文化大学「漢文訓読」・高等学校漢文標準句法（複数照合）,https://www2.ic.daito.ac.jp/oukodou/kuzukago/kundoku%2C1.html,なし
漢文 意味瞬発 Deck1 最重要250項目,CC-000083,83,Deck1 最重要・意味瞬発,句法,限定,惟〜,ただ〜のみ,なし,限定形,形=惟〜;読み=ただ〜のみ;意味=ただ〜だけ;音声=解答後,CC-000083-C01,meaning,意味瞬発（音声=解答後）,「惟〜」の意味を答えよ。,ただ〜だけ,ただ〜だけ｜〜だけ,範囲を一つに限る。,なし,なし,なし,なし,なし,唯〜,意味はほぼ同じ。,なし,大東文化大学「漢文訓読」・高等学校漢文標準句法（複数照合）,https://www2.ic.daito.ac.jp/oukodou/kuzukago/kundoku%2C1.html,なし
漢文 意味瞬発 Deck1 最重要250項目,CC-000084,84,Deck1 最重要・意味瞬発,句法,限定,但〜,ただ〜のみ,なし,限定形,形=但〜;読み=ただ〜のみ;意味=ただ〜だけ;音声=解答後,CC-000084-C01,meaning,意味瞬発（音声=解答後）,「但〜」の意味を答えよ。,ただ〜だけ,ただ〜だけ｜〜だけ,範囲を限定する。,なし,なし,なし,なし,なし,唯〜,「但」は接続語の「ただし」にもなる。,なし,大東文化大学「漢文訓読」・高等学校漢文標準句法（複数照合）,https://www2.ic.daito.ac.jp/oukodou/kuzukago/kundoku%2C1.html,なし
漢文 意味瞬発 Deck1 最重要250項目,CC-000085,85,Deck1 最重要・意味瞬発,句法,限定,徒〜,ただ〜のみ,なし,限定形,形=徒〜;読み=ただ〜のみ;意味=ただ〜だけ・むなしく〜;音声=解答後,CC-000085-C01,meaning,意味瞬発（音声=解答後）,「徒〜」の意味を答えよ。,ただ〜だけ・むなしく〜,ただ〜だけ・むなしく〜｜単に〜だけ,限定または無益な動作を表す。,なし,なし,なし,なし,なし,独〜（限定）,「徒」には「むなしく」の意味もある。,なし,大東文化大学「漢文訓読」・高等学校漢文標準句法（複数照合）,https://www2.ic.daito.ac.jp/oukodou/kuzukago/kundoku%2C1.html,なし
漢文 意味瞬発 Deck1 最重要250項目,CC-000086,86,Deck1 最重要・意味瞬発,句法,限定,独〜（限定）,ひとり〜のみ,独〜,限定形,形=独〜（限定）;読み=ひとり〜のみ;意味=ただ〜だけ;音声=解答後,CC-000086-C01,meaning,意味瞬発（音声=解答後）,「独〜（限定）」の意味を答えよ。,ただ〜だけ,ただ〜だけ｜〜だけ,一つだけに限定する。,なし,なし,なし,なし,なし,独〜乎,文末に疑問・反語があれば限定を打ち消す。,なし,大東文化大学「漢文訓読」・高等学校漢文標準句法（複数照合）,https://www2.ic.daito.ac.jp/oukodou/kuzukago/kundoku%2C1.html,なし
漢文 意味瞬発 Deck1 最重要250項目,CC-000087,87,Deck1 最重要・意味瞬発,句法,限定,〜耳,〜のみ,耳,限定形,形=〜耳;読み=〜のみ;意味=〜だけだ;音声=解答後,CC-000087-C01,meaning,意味瞬発（音声=解答後）,「〜耳」の意味を答えよ。,〜だけだ,〜だけだ｜〜にすぎない,文末で範囲を限定する。,なし,なし,なし,なし,なし,〜而已,意味はほぼ同じ。,なし,大東文化大学「漢文訓読」・高等学校漢文標準句法（複数照合）,https://www2.ic.daito.ac.jp/oukodou/kuzukago/kundoku%2C1.html,なし
漢文 意味瞬発 Deck1 最重要250項目,CC-000088,88,Deck1 最重要・意味瞬発,句法,限定,〜而已,〜のみ,而已｜而已矣,限定形,形=〜而已;読み=〜のみ;意味=〜だけだ;音声=解答後,CC-000088-C01,meaning,意味瞬発（音声=解答後）,「〜而已」の意味を答えよ。,〜だけだ,〜だけだ｜〜にすぎない,文末でそれ以上ではないと限定する。,なし,なし,なし,なし,なし,〜耳,意味はほぼ同じ。,なし,大東文化大学「漢文訓読」・高等学校漢文標準句法（複数照合）,https://www2.ic.daito.ac.jp/oukodou/kuzukago/kundoku%2C1.html,なし
漢文 意味瞬発 Deck1 最重要250項目,CC-000089,89,Deck1 最重要・意味瞬発,句法,累加,不唯A亦B,ただにAのみならずまたB,非唯A亦B,累加形,形=不唯A亦B;読み=ただにAのみならずまたB;意味=AだけでなくBも;音声=解答後,CC-000089-C01,meaning,意味瞬発（音声=解答後）,「不唯A亦B」の意味を答えよ。,AだけでなくBも,AだけでなくBも｜AのみならずBも,Aに加えてBも成り立つことを表す。,なし,なし,なし,なし,なし,唯〜,「不唯」は限定を否定して累加する。,なし,大東文化大学「漢文訓読」・高等学校漢文標準句法（複数照合）,https://www2.ic.daito.ac.jp/oukodou/kuzukago/kundoku%2C1.html,なし
漢文 意味瞬発 Deck1 最重要250項目,CC-000090,90,Deck1 最重要・意味瞬発,句法,仮定,若A則B,もしAならばすなわちB,如A則B,仮定形,形=若A則B;読み=もしAならばすなわちB;意味=もしAならばB;音声=解答後,CC-000090-C01,meaning,意味瞬発（音声=解答後）,「若A則B」の意味を答えよ。,もしAならばB,もしAならばB｜AならB,一般的な仮定条件を表す。,なし,なし,なし,なし,なし,若（二人称）,「若」が「なんじ」なら二人称、条件なら「もし」。,なし,大東文化大学「漢文訓読」・高等学校漢文標準句法（複数照合）,https://www2.ic.daito.ac.jp/oukodou/kuzukago/kundoku%2C1.html,なし
漢文 意味瞬発 Deck1 最重要250項目,CC-000091,91,Deck1 最重要・意味瞬発,句法,仮定,苟A則B,いやしくもAならばすなわちB,苟A,仮定形,形=苟A則B;読み=いやしくもAならばすなわちB;意味=もしAならばB;音声=解答後,CC-000091-C01,meaning,意味瞬発（音声=解答後）,「苟A則B」の意味を答えよ。,もしAならばB,もしAならばB｜Aであるならば,条件を強く提示する。,なし,なし,なし,なし,なし,苟（副詞）,文脈により「かりそめにも」の意味もある。,なし,大東文化大学「漢文訓読」・高等学校漢文標準句法（複数照合）,https://www2.ic.daito.ac.jp/oukodou/kuzukago/kundoku%2C1.html,なし
漢文 意味瞬発 Deck1 最重要250項目,CC-000092,92,Deck1 最重要・意味瞬発,句法,仮定,誠A則B,まことにAならばすなわちB,誠A,仮定形,形=誠A則B;読み=まことにAならばすなわちB;意味=本当にAならばB;音声=解答後,CC-000092-C01,meaning,意味瞬発（音声=解答後）,「誠A則B」の意味を答えよ。,本当にAならばB,本当にAならばB｜もし本当にAならば,真実であることを条件にする。,なし,なし,なし,なし,なし,信,「誠」は条件、「信」は副詞で「本当に」。,なし,大東文化大学「漢文訓読」・高等学校漢文標準句法（複数照合）,https://www2.ic.daito.ac.jp/oukodou/kuzukago/kundoku%2C1.html,なし
漢文 意味瞬発 Deck1 最重要250項目,CC-000093,93,Deck1 最重要・意味瞬発,句法,仮定,使A則B（仮定）,もしAならばすなわちB,令A則B,仮定形,形=使A則B（仮定）;読み=もしAならばすなわちB;意味=もしAならばB;音声=解答後,CC-000093-C01,meaning,意味瞬発（音声=解答後）,「使A則B（仮定）」の意味を答えよ。,もしAならばB,もしAならばB｜仮にAならばB,「使・令」を仮定の接続語として用いる。,なし,なし,なし,なし,なし,使A B,目的語Aと動詞Bを取れば使役、条件節なら仮定。,なし,大東文化大学「漢文訓読」・高等学校漢文標準句法（複数照合）,https://www2.ic.daito.ac.jp/oukodou/kuzukago/kundoku%2C1.html,なし
漢文 意味瞬発 Deck1 最重要250項目,CC-000094,94,Deck1 最重要・意味瞬発,句法,譲歩,雖A而B,AといえどもB,雖A,譲歩形,形=雖A而B;読み=AといえどもB;意味=AではあるがB;音声=解答後,CC-000094-C01,meaning,意味瞬発（音声=解答後）,「雖A而B」の意味を答えよ。,AではあるがB,AではあるがB｜AだけれどもB,Aを認めたうえで、それに反するBを述べる。,なし,なし,なし,なし,なし,雖然,「雖然」は「そうではあるが」という接続語。,なし,大東文化大学「漢文訓読」・高等学校漢文標準句法（複数照合）,https://www2.ic.daito.ac.jp/oukodou/kuzukago/kundoku%2C1.html,なし
漢文 意味瞬発 Deck1 最重要250項目,CC-000095,95,Deck1 最重要・意味瞬発,句法,仮定・譲歩,縦〜,たとい〜とも,縦令〜｜仮令〜,譲歩形,形=縦〜;読み=たとい〜とも;意味=たとえ〜しても;音声=解答後,CC-000095-C01,meaning,意味瞬発（音声=解答後）,「縦〜」の意味を答えよ。,たとえ〜しても,たとえ〜しても｜もし〜だとしても,極端な場合を仮定しても結論が変わらないことを表す。,なし,なし,なし,なし,なし,若A則B,「若」は単純条件、「縦」は譲歩条件。,なし,大東文化大学「漢文訓読」・高等学校漢文標準句法（複数照合）,https://www2.ic.daito.ac.jp/oukodou/kuzukago/kundoku%2C1.html,なし
漢文 意味瞬発 Deck1 最重要250項目,CC-000096,96,Deck1 最重要・意味瞬発,句法,願望,願〜,願わくは〜ん,なし,願望形,形=願〜;読み=願わくは〜ん;意味=どうか〜したい・〜してほしい;音声=解答後,CC-000096-C01,meaning,意味瞬発（音声=解答後）,「願〜」の意味を答えよ。,どうか〜したい・〜してほしい,どうか〜したい・〜してほしい｜願うことには〜,自分の願望や相手への希望を表す。,なし,なし,なし,なし,なし,請〜,「願」は願望、「請」は依頼・許可願い。,なし,大東文化大学「漢文訓読」・高等学校漢文標準句法（複数照合）,https://www2.ic.daito.ac.jp/oukodou/kuzukago/kundoku%2C1.html,なし
漢文 意味瞬発 Deck1 最重要250項目,CC-000097,97,Deck1 最重要・意味瞬発,句法,願望・依頼,請〜,こう〜ん,なし,依頼形,形=請〜;読み=こう〜ん;意味=どうか〜してください・〜させてください;音声=解答後,CC-000097-C01,meaning,意味瞬発（音声=解答後）,「請〜」の意味を答えよ。,どうか〜してください・〜させてください,どうか〜してください・〜させてください｜お願いだから〜,依頼または自分が行う許可を求める。,なし,なし,なし,なし,なし,願〜,「請」は相手への依頼や許可願いが中心。,なし,大東文化大学「漢文訓読」・高等学校漢文標準句法（複数照合）,https://www2.ic.daito.ac.jp/oukodou/kuzukago/kundoku%2C1.html,なし
漢文 意味瞬発 Deck1 最重要250項目,CC-000098,98,Deck1 最重要・意味瞬発,句法,願望・意志,欲〜,〜せんとほっす,なし,願望形,形=欲〜;読み=〜せんとほっす;意味=〜しようとする・〜したい;音声=解答後,CC-000098-C01,meaning,意味瞬発（音声=解答後）,「欲〜」の意味を答えよ。,〜しようとする・〜したい,〜しようとする・〜したい｜〜することを望む,意志・願望を表す。,なし,なし,なし,なし,なし,将〜,「欲」は願望、「将」は近い将来。,なし,大東文化大学「漢文訓読」・高等学校漢文標準句法（複数照合）,https://www2.ic.daito.ac.jp/oukodou/kuzukago/kundoku%2C1.html,なし
漢文 意味瞬発 Deck1 最重要250項目,CC-000099,99,Deck1 最重要・意味瞬発,句法,抑揚,況〜乎,いわんや〜をや,何況〜乎｜矧〜乎,抑揚形,形=況〜乎;読み=いわんや〜をや;意味=まして〜はなおさらだ;音声=解答後,CC-000099-C01,meaning,意味瞬発（音声=解答後）,「況〜乎」の意味を答えよ。,まして〜はなおさらだ,まして〜はなおさらだ｜まして〜ならなおさらだ,弱い例から強い例へ論を進める。,なし,なし,なし,なし,なし,不亦〜乎,「況」は程度の強い例を追加する。,なし,大東文化大学「漢文訓読」・高等学校漢文標準句法（複数照合）,https://www2.ic.daito.ac.jp/oukodou/kuzukago/kundoku%2C1.html,なし
漢文 意味瞬発 Deck1 最重要250項目,CC-000100,100,Deck1 最重要・意味瞬発,句法,詠嘆,〜哉（詠嘆）,〜かな,哉,詠嘆形,形=〜哉（詠嘆）;読み=〜かな;意味=〜だなあ;音声=解答後,CC-000100-C01,meaning,意味瞬発（音声=解答後）,「〜哉（詠嘆）」の意味を答えよ。,〜だなあ,〜だなあ｜なんと〜だろう,文末で強い感動を表す。,なし,なし,なし,なし,なし,何〜哉,疑問語と結びつけば反語になることがある。,なし,大東文化大学「漢文訓読」・高等学校漢文標準句法（複数照合）,https://www2.ic.daito.ac.jp/oukodou/kuzukago/kundoku%2C1.html,なし
漢文 意味瞬発 Deck1 最重要250項目,CC-000101,101,Deck1 最重要・意味瞬発,句法,判断,A者B也,AはBなり,なし,判断形,形=A者B也;読み=AはBなり;意味=AはBである;音声=解答後,CC-000101-C01,meaning,意味瞬発（音声=解答後）,「A者B也」の意味を答えよ。,AはBである,AはBである｜AとはBである,主題Aについて判断Bを示す基本形。,なし,なし,なし,なし,なし,なし,「者」が主題、「也」が判断を示す。,なし,大東文化大学「漢文訓読」・高等学校漢文標準句法（複数照合）,https://www2.ic.daito.ac.jp/oukodou/kuzukago/kundoku%2C1.html,なし
漢文 意味瞬発 Deck1 最重要250項目,CC-000102,102,Deck1 最重要・意味瞬発,句法,認定・変化,以A為B,AをもってBとなす,なし,認定形,形=以A為B;読み=AをもってBとなす;意味=AをBとみなす・AをBにする;音声=解答後,CC-000102-C01,meaning,意味瞬発（音声=解答後）,「以A為B」の意味を答えよ。,AをBとみなす・AをBにする,AをBとみなす・AをBにする｜AをBだと考える,「以」が対象Aを取り、「為」が認定・変化を表す。,なし,なし,なし,なし,なし,為A所V,「以A為B」は認定・変化、「為A所V」は受身。,なし,大東文化大学「漢文訓読」・高等学校漢文標準句法（複数照合）,https://www2.ic.daito.ac.jp/oukodou/kuzukago/kundoku%2C1.html,なし
漢文 意味瞬発 Deck1 最重要250項目,CC-000103,103,Deck1 最重要・意味瞬発,句法,判断,以為〜,おもえらく〜,以為,判断形,形=以為〜;読み=おもえらく〜;意味=〜と思う;音声=解答後,CC-000103-C01,meaning,意味瞬発（音声=解答後）,「以為〜」の意味を答えよ。,〜と思う,〜と思う｜〜と考える,話者・人物の判断を示す。,なし,なし,なし,なし,なし,以A為B,「以為」は「思う」、「以A為B」はAをBとする。,なし,大東文化大学「漢文訓読」・高等学校漢文標準句法（複数照合）,https://www2.ic.daito.ac.jp/oukodou/kuzukago/kundoku%2C1.html,なし
漢文 意味瞬発 Deck1 最重要250項目,CC-000104,104,Deck1 最重要・意味瞬発,句法,理由・方法,所以〜,〜するゆえん,なし,所以形,形=所以〜;読み=〜するゆえん;意味=〜する理由・〜する方法;音声=解答後,CC-000104-C01,meaning,意味瞬発（音声=解答後）,「所以〜」の意味を答えよ。,〜する理由・〜する方法,〜する理由・〜する方法｜〜するわけ,動作が成立する理由・手段を名詞化する。,なし,なし,なし,なし,なし,所謂,「所以」は理由・方法、「所謂」は「いわゆる」。,なし,大東文化大学「漢文訓読」・高等学校漢文標準句法（複数照合）,https://www2.ic.daito.ac.jp/oukodou/kuzukago/kundoku%2C1.html,なし
漢文 意味瞬発 Deck1 最重要250項目,CC-000105,105,Deck1 最重要・意味瞬発,句法,理由説明,A所以B者C也,AのBするゆえんのものはCなり,なし,理由説明形,形=A所以B者C也;読み=AのBするゆえんのものはCなり;意味=AがBする理由はCである;音声=解答後,CC-000105-C01,meaning,意味瞬発（音声=解答後）,「A所以B者C也」の意味を答えよ。,AがBする理由はCである,AがBする理由はCである｜AがBするわけはCだ,理由を明示する定型構文。,なし,なし,なし,なし,なし,所以〜,「所以」を含む完整な理由説明の形。,なし,大東文化大学「漢文訓読」・高等学校漢文標準句法（複数照合）,https://www2.ic.daito.ac.jp/oukodou/kuzukago/kundoku%2C1.html,なし
漢文 意味瞬発 Deck1 最重要250項目,CC-000106,106,Deck1 最重要・意味瞬発,句法,目的語前置,唯A是B,ただAをこれBす,惟A是B,倒置形,形=唯A是B;読み=ただAをこれBす;意味=ただAだけをBする;音声=解答後,CC-000106-C01,meaning,意味瞬発（音声=解答後）,「唯A是B」の意味を答えよ。,ただAだけをBする,ただAだけをBする｜AだけをBする,目的語Aを前に出して強調する。,なし,なし,なし,なし,なし,唯〜,「唯〜」だけなら限定、「唯A是B」は目的語前置。,なし,大東文化大学「漢文訓読」・高等学校漢文標準句法（複数照合）,https://www2.ic.daito.ac.jp/oukodou/kuzukago/kundoku%2C1.html,なし
漢文 意味瞬発 Deck1 最重要250項目,CC-000107,107,Deck1 最重要・意味瞬発,句法,評価・判断,可謂A矣,Aというべし,なし,評価形,形=可謂A矣;読み=Aというべし;意味=Aと言うことができる;音声=解答後,CC-000107-C01,meaning,意味瞬発（音声=解答後）,「可謂A矣」の意味を答えよ。,Aと言うことができる,Aと言うことができる｜Aと評価できる,人物・事柄をAと評価する定型。,なし,なし,なし,なし,なし,以為〜,「可謂」は評価、「以為」は個人の判断。,なし,大東文化大学「漢文訓読」・高等学校漢文標準句法（複数照合）,https://www2.ic.daito.ac.jp/oukodou/kuzukago/kundoku%2C1.html,なし
漢文 意味瞬発 Deck1 最重要250項目,CC-000108,108,Deck1 最重要・意味瞬発,句法,反語,何以A為,なにをもってAをなさん,なし,反語形,形=何以A為;読み=なにをもってAをなさん;意味=どうしてAする必要があるか、いやない;音声=解答後,CC-000108-C01,meaning,意味瞬発（音声=解答後）,「何以A為」の意味を答えよ。,どうしてAする必要があるか、いやない,どうしてAする必要があるか、いやない｜Aする必要はない,行為Aの不要を反語で表す。,なし,なし,なし,なし,なし,何為〜,「何以A為」は不要を表す反語になりやすい。,なし,大東文化大学「漢文訓読」・高等学校漢文標準句法（複数照合）,https://www2.ic.daito.ac.jp/oukodou/kuzukago/kundoku%2C1.html,なし
漢文 意味瞬発 Deck1 最重要250項目,CC-000109,109,Deck1 最重要・意味瞬発,句法,理由提示,何則,なんとなればすなわち,なし,理由提示形,形=何則;読み=なんとなればすなわち;意味=なぜならば;音声=解答後,CC-000109-C01,meaning,意味瞬発（音声=解答後）,「何則」の意味を答えよ。,なぜならば,なぜならば｜その理由は,前の判断の理由を導く。,なし,なし,なし,なし,なし,何者,どちらも「なぜならば」。,なし,大東文化大学「漢文訓読」・高等学校漢文標準句法（複数照合）,https://www2.ic.daito.ac.jp/oukodou/kuzukago/kundoku%2C1.html,なし
漢文 意味瞬発 Deck1 最重要250項目,CC-000110,110,Deck1 最重要・意味瞬発,句法,話題転換,至於〜,〜に至りては,なし,定型句,形=至於〜;読み=〜に至りては;意味=〜に至っては・〜については;音声=解答後,CC-000110-C01,meaning,意味瞬発（音声=解答後）,「至於〜」の意味を答えよ。,〜に至っては・〜については,〜に至っては・〜については｜〜の場合は,話題を特定の対象・段階へ移す。,なし,なし,なし,なし,なし,於是,「至於」は話題転換、「於是」は「そこで」。,なし,大東文化大学「漢文訓読」・高等学校漢文標準句法（複数照合）,https://www2.ic.daito.ac.jp/oukodou/kuzukago/kundoku%2C1.html,なし
漢文 意味瞬発 Deck1 最重要250項目,CC-000111,111,Deck1 最重要・意味瞬発,重要語,指示・機能語,之,これ・の・ゆく,なし,多義語,意味=これ・この人／〜の／行く;音声=解答後,CC-000111-C01,meaning,意味瞬発（音声=解答後）,「之」の意味を答えよ。,これ・この人／〜の／行く,これ・この人／〜の／行く｜それ｜彼｜〜へ行く,代名詞・連体修飾の助字・動詞として頻出する。,なし,なし,なし,なし,なし,其,「之」は目的語や「〜の」、「其」は「その・それ」。,なし,漢字ペディア（字義・語義照合）,https://www.kanjipedia.jp/search?k=%E4%B9%8B&kt=1&sk=leftHand,なし
漢文 意味瞬発 Deck1 最重要250項目,CC-000112,112,Deck1 最重要・意味瞬発,重要語,指示・機能語,其,その・それ・おそらく,なし,多義語,意味=その・それ／おそらく・きっと;音声=解答後,CC-000112-C01,meaning,意味瞬発（音声=解答後）,「其」の意味を答えよ。,その・それ／おそらく・きっと,その・それ／おそらく・きっと｜彼の｜その人の,指示・所有のほか、推量・反語の副詞にもなる。,なし,なし,なし,なし,なし,之,「其」は「その・それ」が中心。,なし,漢字ペディア（字義・語義照合）,https://www.kanjipedia.jp/search?k=%E5%85%B6&kt=1&sk=leftHand,なし
漢文 意味瞬発 Deck1 最重要250項目,CC-000113,113,Deck1 最重要・意味瞬発,重要語,指示語,此,これ・ここ,なし,指示語,意味=これ・この／ここ;音声=解答後,CC-000113-C01,meaning,意味瞬発（音声=解答後）,「此」の意味を答えよ。,これ・この／ここ,これ・この／ここ｜このもの,近くの人・物・場所を指す。,なし,なし,なし,なし,なし,彼,「此」は近称、「彼」は遠称。,なし,漢字ペディア（字義・語義照合）,https://www.kanjipedia.jp/search?k=%E6%AD%A4&kt=1&sk=leftHand,なし
漢文 意味瞬発 Deck1 最重要250項目,CC-000114,114,Deck1 最重要・意味瞬発,重要語,指示・判断,是,これ・ただしい・これを〜とす,なし,多義語,意味=これ／正しい／〜とする;音声=解答後,CC-000114-C01,meaning,意味瞬発（音声=解答後）,「是」の意味を答えよ。,これ／正しい／〜とする,これ／正しい／〜とする｜このこと｜正解である,指示語・形容詞・認定の動詞として用いる。,なし,なし,なし,なし,なし,非,判断では「是＝正しい・そうだ」「非＝誤り・そうでない」。,なし,漢字ペディア（字義・語義照合）,https://www.kanjipedia.jp/search?k=%E6%98%AF&kt=1&sk=leftHand,なし
漢文 意味瞬発 Deck1 最重要250項目,CC-000115,115,Deck1 最重要・意味瞬発,重要語,指示語,斯,これ・ここに,なし,指示語,意味=これ・この／ここに;音声=解答後,CC-000115-C01,meaning,意味瞬発（音声=解答後）,「斯」の意味を答えよ。,これ・この／ここに,これ・この／ここに｜このこと,「此」と同様の近称指示語。,なし,なし,なし,なし,なし,此,意味は近い。,なし,漢字ペディア（字義・語義照合）,https://www.kanjipedia.jp/search?k=%E6%96%AF&kt=1&sk=leftHand,なし
漢文 意味瞬発 Deck1 最重要250項目,CC-000116,116,Deck1 最重要・意味瞬発,重要語,指示語,彼,かれ・かの,なし,指示語,意味=彼・あの;音声=解答後,CC-000116-C01,meaning,意味瞬発（音声=解答後）,「彼」の意味を答えよ。,彼・あの,彼・あの｜あの人｜あれ,遠くの人・物を指す。,なし,なし,なし,なし,なし,此,「彼」は遠称、「此」は近称。,なし,漢字ペディア（字義・語義照合）,https://www.kanjipedia.jp/search?k=%E5%BD%BC&kt=1&sk=leftHand,なし
漢文 意味瞬発 Deck1 最重要250項目,CC-000117,117,Deck1 最重要・意味瞬発,重要語,機能語,者,もの・は,なし,機能語,意味=〜する者・もの／〜は;音声=解答後,CC-000117-C01,meaning,意味瞬発（音声=解答後）,「者」の意味を答えよ。,〜する者・もの／〜は,〜する者・もの／〜は｜人｜事柄,人・物を名詞化したり、主題を示したりする。,なし,なし,なし,なし,なし,所,「者」は行為者・主題、「所」は行為の対象が中心。,なし,漢字ペディア（字義・語義照合）,https://www.kanjipedia.jp/search?k=%E8%80%85&kt=1&sk=leftHand,なし
漢文 意味瞬発 Deck1 最重要250項目,CC-000118,118,Deck1 最重要・意味瞬発,重要語,機能語,所,ところ,なし,機能語,意味=所・場所／〜するもの・こと;音声=解答後,CC-000118-C01,meaning,意味瞬発（音声=解答後）,「所」の意味を答えよ。,所・場所／〜するもの・こと,所・場所／〜するもの・こと｜〜する対象,動詞の前に置かれ、その動作の対象を名詞化する。,なし,なし,なし,なし,なし,者,「所」は動作の対象、「者」は行為者になりやすい。,なし,漢字ペディア（字義・語義照合）,https://www.kanjipedia.jp/search?k=%E6%89%80&kt=1&sk=leftHand,なし
漢文 意味瞬発 Deck1 最重要250項目,CC-000119,119,Deck1 最重要・意味瞬発,重要語,機能語,以,もって・ゆえに,なし,多義語,意味=〜で・〜を用いて／〜のために／〜ので;音声=解答後,CC-000119-C01,meaning,意味瞬発（音声=解答後）,「以」の意味を答えよ。,〜で・〜を用いて／〜のために／〜ので,〜で・〜を用いて／〜のために／〜ので｜〜によって｜〜を使って,手段・理由・目的などを示す重要語。,なし,なし,なし,なし,なし,於,「以」は手段・理由、「於」は場所・対象・比較など。,なし,漢字ペディア（字義・語義照合）,https://www.kanjipedia.jp/search?k=%E4%BB%A5&kt=1&sk=leftHand,なし
漢文 意味瞬発 Deck1 最重要250項目,CC-000120,120,Deck1 最重要・意味瞬発,重要語,機能語,為,なす・なる・ために・せらる,なし,多義語,意味=する・作る／〜となる／〜のために／〜にされる;音声=解答後,CC-000120-C01,meaning,意味瞬発（音声=解答後）,「為」の意味を答えよ。,する・作る／〜となる／〜のために／〜にされる,する・作る／〜となる／〜のために／〜にされる｜行う｜〜である,動詞・前置詞・受身の印など多くの働きを持つ。,なし,なし,なし,なし,なし,以A為B,句形によって意味が大きく変わる。,なし,漢字ペディア（字義・語義照合）,https://www.kanjipedia.jp/search?k=%E7%82%BA&kt=1&sk=leftHand,なし
漢文 意味瞬発 Deck1 最重要250項目,CC-000121,121,Deck1 最重要・意味瞬発,重要語,機能語,与,と・あたう・か,なし,多義語,意味=〜と／与える／〜か;音声=解答後,CC-000121-C01,meaning,意味瞬発（音声=解答後）,「与」の意味を答えよ。,〜と／与える／〜か,〜と／与える／〜か｜および｜授ける,並列・授与・疑問などを表す。,なし,なし,なし,なし,なし,及,「与」は「〜と」、「及」は「およぶ・そして」。,なし,漢字ペディア（字義・語義照合）,https://www.kanjipedia.jp/search?k=%E4%B8%8E&kt=1&sk=leftHand,なし
漢文 意味瞬発 Deck1 最重要250項目,CC-000122,122,Deck1 最重要・意味瞬発,重要語,機能語,於,に・おいて・より,于｜乎,前置詞,意味=〜に・〜で・〜から・〜より;音声=解答後,CC-000122-C01,meaning,意味瞬発（音声=解答後）,「於」の意味を答えよ。,〜に・〜で・〜から・〜より,〜に・〜で・〜から・〜より｜〜において,場所・対象・起点・比較などを示す。,なし,なし,なし,なし,なし,以,「於」は場所・関係、「以」は手段が中心。,なし,漢字ペディア（字義・語義照合）,https://www.kanjipedia.jp/search?k=%E6%96%BC&kt=1&sk=leftHand,なし
漢文 意味瞬発 Deck1 最重要250項目,CC-000123,123,Deck1 最重要・意味瞬発,重要語,機能語,而,しかして・しかれども,なし,接続語,意味=そして・しかし／〜して;音声=解答後,CC-000123-C01,meaning,意味瞬発（音声=解答後）,「而」の意味を答えよ。,そして・しかし／〜して,そして・しかし／〜して｜そうして｜けれども,順接・逆接・並列など前後の関係を示す。,なし,なし,なし,なし,なし,然,「而」は接続、「然」は「そうである」。,なし,漢字ペディア（字義・語義照合）,https://www.kanjipedia.jp/search?k=%E8%80%8C&kt=1&sk=leftHand,なし
漢文 意味瞬発 Deck1 最重要250項目,CC-000124,124,Deck1 最重要・意味瞬発,重要語,機能語,乎,に・より・か,なし,助字,意味=〜に・〜より／〜か;音声=解答後,CC-000124-C01,meaning,意味瞬発（音声=解答後）,「乎」の意味を答えよ。,〜に・〜より／〜か,〜に・〜より／〜か｜〜だろうか,場所・比較の関係や疑問・反語の語気を示す。,なし,なし,なし,なし,なし,於,前置詞では意味が近く、文末では疑問の語気を表す。,なし,漢字ペディア（字義・語義照合）,https://www.kanjipedia.jp/search?k=%E4%B9%8E&kt=1&sk=leftHand,なし
漢文 意味瞬発 Deck1 最重要250項目,CC-000125,125,Deck1 最重要・意味瞬発,重要語,機能語,也,なり・や,なし,助字,意味=〜である／〜だ;音声=解答後,CC-000125-C01,meaning,意味瞬発（音声=解答後）,「也」の意味を答えよ。,〜である／〜だ,〜である／〜だ｜〜なのだ,判断・断定や文末の語気を示す。,なし,なし,なし,なし,なし,矣,「也」は判断、「矣」は完了・変化の語気が中心。,なし,漢字ペディア（字義・語義照合）,https://www.kanjipedia.jp/search?k=%E4%B9%9F&kt=1&sk=leftHand,なし
漢文 意味瞬発 Deck1 最重要250項目,CC-000126,126,Deck1 最重要・意味瞬発,重要語,機能語,矣,たり・い,なし,助字,意味=〜た・〜である／〜だなあ;音声=解答後,CC-000126-C01,meaning,意味瞬発（音声=解答後）,「矣」の意味を答えよ。,〜た・〜である／〜だなあ,〜た・〜である／〜だなあ｜すでに〜した,完了・変化・断定・詠嘆の語気を添える。,なし,なし,なし,なし,なし,也,「矣」は完了・変化を伴いやすい。,なし,漢字ペディア（字義・語義照合）,https://www.kanjipedia.jp/search?k=%E7%9F%A3&kt=1&sk=leftHand,なし
漢文 意味瞬発 Deck1 最重要250項目,CC-000127,127,Deck1 最重要・意味瞬発,重要語,機能語,焉,ここに・これに・いずくんぞ,なし,多義語,意味=そこに・これに／どうして／文末の語気;音声=解答後,CC-000127-C01,meaning,意味瞬発（音声=解答後）,「焉」の意味を答えよ。,そこに・これに／どうして／文末の語気,そこに・これに／どうして／文末の語気｜そこへ｜これより,代名詞・疑問語・終尾詞など複数の働きを持つ。,なし,なし,なし,なし,なし,焉〜,疑問語か機能語かを文脈で判断する。,なし,漢字ペディア（字義・語義照合）,https://www.kanjipedia.jp/search?k=%E7%84%89&kt=1&sk=leftHand,なし
漢文 意味瞬発 Deck1 最重要250項目,CC-000128,128,Deck1 最重要・意味瞬発,重要語,接続・判断,則,すなわち・しかれば,なし,多義語,意味=そこで・すなわち／〜ならば;音声=解答後,CC-000128-C01,meaning,意味瞬発（音声=解答後）,「則」の意味を答えよ。,そこで・すなわち／〜ならば,そこで・すなわち／〜ならば｜すると｜その場合は,条件の結果や論理的な展開を示す。,なし,なし,なし,なし,なし,乃,「則」は条件結果、「乃」は展開・意外性にも使う。,なし,漢字ペディア（字義・語義照合）,https://www.kanjipedia.jp/search?k=%E5%89%87&kt=1&sk=leftHand,なし
漢文 意味瞬発 Deck1 最重要250項目,CC-000129,129,Deck1 最重要・意味瞬発,重要語,接続・展開,乃,すなわち・ようやく,なし,多義語,意味=そこで・すなわち／ようやく・意外にも;音声=解答後,CC-000129-C01,meaning,意味瞬発（音声=解答後）,「乃」の意味を答えよ。,そこで・すなわち／ようやく・意外にも,そこで・すなわち／ようやく・意外にも｜すると｜なんと,場面の展開・判断・意外性を示す。,なし,なし,なし,なし,なし,則,「乃」は時間的展開や意外性を帯びやすい。,なし,漢字ペディア（字義・語義照合）,https://www.kanjipedia.jp/search?k=%E4%B9%83&kt=1&sk=leftHand,なし
漢文 意味瞬発 Deck1 最重要250項目,CC-000130,130,Deck1 最重要・意味瞬発,重要語,接続・動作,即,すなわち・すぐに,なし,多義語,意味=すぐに・すなわち／〜につく;音声=解答後,CC-000130-C01,meaning,意味瞬発（音声=解答後）,「即」の意味を答えよ。,すぐに・すなわち／〜につく,すぐに・すなわち／〜につく｜ただちに｜そのまま,即時性・同一判断・接近を表す。,なし,なし,なし,なし,なし,乃,「即」は即時性が強い。,なし,漢字ペディア（字義・語義照合）,https://www.kanjipedia.jp/search?k=%E5%8D%B3&kt=1&sk=leftHand,なし
漢文 意味瞬発 Deck1 最重要250項目,CC-000131,131,Deck1 最重要・意味瞬発,重要語,理由・接続,故,ゆえ・ゆえに・ことさらに,なし,多義語,意味=理由・わけ／だから／わざと;音声=解答後,CC-000131-C01,meaning,意味瞬発（音声=解答後）,「故」の意味を答えよ。,理由・わけ／だから／わざと,理由・わけ／だから／わざと｜原因｜そのため,名詞の「理由」、接続の「だから」、副詞の「わざと」がある。,なし,なし,なし,なし,なし,是故,「故」単独は名詞・副詞にもなる。,なし,漢字ペディア（字義・語義照合）,https://www.kanjipedia.jp/search?k=%E6%95%85&kt=1&sk=leftHand,なし
漢文 意味瞬発 Deck1 最重要250項目,CC-000132,132,Deck1 最重要・意味瞬発,重要語,接続,是故,このゆえに,なし,接続語,意味=このため・だから;音声=解答後,CC-000132-C01,meaning,意味瞬発（音声=解答後）,「是故」の意味を答えよ。,このため・だから,このため・だから｜それゆえ,前の内容を理由として結果を導く。,なし,なし,なし,なし,なし,是以,意味はほぼ同じ。,なし,漢字ペディア（字義・語義照合）,https://www.kanjipedia.jp/search?k=%E6%98%AF%E6%95%85&kt=1&sk=leftHand,なし
漢文 意味瞬発 Deck1 最重要250項目,CC-000133,133,Deck1 最重要・意味瞬発,重要語,接続,是以,ここをもって,なし,接続語,意味=このため・だから;音声=解答後,CC-000133-C01,meaning,意味瞬発（音声=解答後）,「是以」の意味を答えよ。,このため・だから,このため・だから｜それゆえ,前の内容を理由として結果を導く。,なし,なし,なし,なし,なし,是故,意味はほぼ同じ。,なし,漢字ペディア（字義・語義照合）,https://www.kanjipedia.jp/search?k=%E6%98%AF%E4%BB%A5&kt=1&sk=leftHand,なし
漢文 意味瞬発 Deck1 最重要250項目,CC-000134,134,Deck1 最重要・意味瞬発,重要語,接続・時間,於是,ここにおいて,なし,接続語,意味=そこで・このとき;音声=解答後,CC-000134-C01,meaning,意味瞬発（音声=解答後）,「於是」の意味を答えよ。,そこで・このとき,そこで・このとき｜その結果｜その時,出来事を受けて次の行動・場面を示す。,なし,なし,なし,なし,なし,至於,「於是」は展開、「至於」は話題転換。,なし,漢字ペディア（字義・語義照合）,https://www.kanjipedia.jp/search?k=%E6%96%BC%E6%98%AF&kt=1&sk=leftHand,なし
漢文 意味瞬発 Deck1 最重要250項目,CC-000135,135,Deck1 最重要・意味瞬発,重要語,判断,然,しかり,なし,多義語,意味=そのとおり・そうである;音声=解答後,CC-000135-C01,meaning,意味瞬発（音声=解答後）,「然」の意味を答えよ。,そのとおり・そうである,そのとおり・そうである｜そうだ,前の内容を肯定する判断語。,なし,なし,なし,なし,なし,是,どちらも肯定だが、「然」は「そうである」。,なし,漢字ペディア（字義・語義照合）,https://www.kanjipedia.jp/search?k=%E7%84%B6&kt=1&sk=leftHand,なし
漢文 意味瞬発 Deck1 最重要250項目,CC-000136,136,Deck1 最重要・意味瞬発,重要語,接続,然而,しかれども,なし,接続語,意味=しかし;音声=解答後,CC-000136-C01,meaning,意味瞬発（音声=解答後）,「然而」の意味を答えよ。,しかし,しかし｜けれども,前の内容を認めたうえで反対内容を続ける。,なし,なし,なし,なし,なし,雖然,「然而」は単純な逆接、「雖然」は譲歩を含む。,なし,漢字ペディア（字義・語義照合）,https://www.kanjipedia.jp/search?k=%E7%84%B6%E8%80%8C&kt=1&sk=leftHand,なし
漢文 意味瞬発 Deck1 最重要250項目,CC-000137,137,Deck1 最重要・意味瞬発,重要語,接続,雖然,しかりといえども,なし,接続語,意味=そうではあるが;音声=解答後,CC-000137-C01,meaning,意味瞬発（音声=解答後）,「雖然」の意味を答えよ。,そうではあるが,そうではあるが｜そうとはいっても,前の内容を認めつつ逆の内容を述べる。,なし,なし,なし,なし,なし,然而,譲歩の意味が明確。,なし,漢字ペディア（字義・語義照合）,https://www.kanjipedia.jp/search?k=%E9%9B%96%E7%84%B6&kt=1&sk=leftHand,なし
漢文 意味瞬発 Deck1 最重要250項目,CC-000138,138,Deck1 最重要・意味瞬発,重要語,接続,然則,しからばすなわち,なし,接続語,意味=それならば;音声=解答後,CC-000138-C01,meaning,意味瞬発（音声=解答後）,「然則」の意味を答えよ。,それならば,それならば｜そうであるなら,前の内容を条件として結論を導く。,なし,なし,なし,なし,なし,則,「然則」は一まとまりで「それならば」。,なし,漢字ペディア（字義・語義照合）,https://www.kanjipedia.jp/search?k=%E7%84%B6%E5%89%87&kt=1&sk=leftHand,なし
漢文 意味瞬発 Deck1 最重要250項目,CC-000139,139,Deck1 最重要・意味瞬発,重要語,定義・提示,所謂,いわゆる,なし,定型語,意味=いわゆる;音声=解答後,CC-000139-C01,meaning,意味瞬発（音声=解答後）,「所謂」の意味を答えよ。,いわゆる,いわゆる｜世間でいう,名称・呼び方を提示する。,なし,なし,なし,なし,なし,所以,「所謂」は呼称、「所以」は理由・方法。,なし,漢字ペディア（字義・語義照合）,https://www.kanjipedia.jp/search?k=%E6%89%80%E8%AC%82&kt=1&sk=leftHand,なし
漢文 意味瞬発 Deck1 最重要250項目,CC-000140,140,Deck1 最重要・意味瞬発,重要語,判断・推量,蓋,けだし,なし,副詞,意味=おそらく・思うに／そもそも;音声=解答後,CC-000140-C01,meaning,意味瞬発（音声=解答後）,「蓋」の意味を答えよ。,おそらく・思うに／そもそも,おそらく・思うに／そもそも｜たぶん｜考えてみると,話者の推量・説明の導入に用いる。,なし,なし,なし,なし,なし,恐,「蓋」は説明的推量、「恐」は懸念を含む。,なし,漢字ペディア（字義・語義照合）,https://www.kanjipedia.jp/search?k=%E8%93%8B&kt=1&sk=leftHand,なし
漢文 意味瞬発 Deck1 最重要250項目,CC-000141,141,Deck1 最重要・意味瞬発,重要語,提示,夫,それ・かの,なし,多義語,意味=そもそも／あの・その;音声=解答後,CC-000141-C01,meaning,意味瞬発（音声=解答後）,「夫」の意味を答えよ。,そもそも／あの・その,そもそも／あの・その｜さて｜あの人,議論の導入または指示に用いる。,なし,なし,なし,なし,なし,蓋,どちらも説明の導入に使うが意味は異なる。,なし,漢字ペディア（字義・語義照合）,https://www.kanjipedia.jp/search?k=%E5%A4%AB&kt=1&sk=leftHand,なし
漢文 意味瞬発 Deck1 最重要250項目,CC-000142,142,Deck1 最重要・意味瞬発,重要語,範囲,凡,およそ,なし,副詞,意味=およそ・すべて;音声=解答後,CC-000142-C01,meaning,意味瞬発（音声=解答後）,「凡」の意味を答えよ。,およそ・すべて,およそ・すべて｜一般に｜全部で,全体をまとめたり概数を示したりする。,なし,なし,なし,なし,なし,皆,「凡」は総論・概数、「皆」は全員・すべて。,なし,漢字ペディア（字義・語義照合）,https://www.kanjipedia.jp/search?k=%E5%87%A1&kt=1&sk=leftHand,なし
漢文 意味瞬発 Deck1 最重要250項目,CC-000143,143,Deck1 最重要・意味瞬発,重要語,累加,亦,また,なし,副詞,意味=〜もまた;音声=解答後,CC-000143-C01,meaning,意味瞬発（音声=解答後）,「亦」の意味を答えよ。,〜もまた,〜もまた｜同様に〜も,同類の事柄を加える。,なし,なし,なし,なし,なし,又,「亦」は同様・並列、「又」は追加・反復。,なし,漢字ペディア（字義・語義照合）,https://www.kanjipedia.jp/search?k=%E4%BA%A6&kt=1&sk=leftHand,なし
漢文 意味瞬発 Deck1 最重要250項目,CC-000144,144,Deck1 最重要・意味瞬発,重要語,累加・反復,又,また,なし,副詞,意味=また・さらに／再び;音声=解答後,CC-000144-C01,meaning,意味瞬発（音声=解答後）,「又」の意味を答えよ。,また・さらに／再び,また・さらに／再び｜そのうえ｜もう一度,追加または反復を表す。,なし,なし,なし,なし,なし,亦,「又」は反復の意味を持つ。,なし,漢字ペディア（字義・語義照合）,https://www.kanjipedia.jp/search?k=%E5%8F%88&kt=1&sk=leftHand,なし
漢文 意味瞬発 Deck1 最重要250項目,CC-000145,145,Deck1 最重要・意味瞬発,重要語,程度・継続,尚,なお,なし,副詞,意味=なお・さらに／それでも;音声=解答後,CC-000145-C01,meaning,意味瞬発（音声=解答後）,「尚」の意味を答えよ。,なお・さらに／それでも,なお・さらに／それでも｜まだ｜そのうえ,継続・追加・譲歩を表す。,なし,なし,なし,なし,なし,猶,「尚」と「猶」はともに「なお」だが、用法が広い。,なし,漢字ペディア（字義・語義照合）,https://www.kanjipedia.jp/search?k=%E5%B0%9A&kt=1&sk=leftHand,なし
漢文 意味瞬発 Deck1 最重要250項目,CC-000146,146,Deck1 最重要・意味瞬発,重要語,累加,且（累加）,かつ,且,接続語,意味=そのうえ・さらに;音声=解答後,CC-000146-C01,meaning,意味瞬発（音声=解答後）,「且（累加）」の意味を答えよ。,そのうえ・さらに,そのうえ・さらに｜また,事柄を追加する。,なし,なし,なし,なし,なし,且〜,再読文字では「まさに〜んとす」。,なし,漢字ペディア（字義・語義照合）,https://www.kanjipedia.jp/search?k=%E4%B8%94&kt=1&sk=leftHand,なし
漢文 意味瞬発 Deck1 最重要250項目,CC-000147,147,Deck1 最重要・意味瞬発,重要語,理由・展開,因,よりて・よる,なし,多義語,意味=〜によって／そこで・そのまま;音声=解答後,CC-000147-C01,meaning,意味瞬発（音声=解答後）,「因」の意味を答えよ。,〜によって／そこで・そのまま,〜によって／そこで・そのまま｜〜が原因で,原因・手段または前の状況を受けた展開を示す。,なし,なし,なし,なし,なし,由,「因」は原因・きっかけ、「由」は起点・理由。,なし,漢字ペディア（字義・語義照合）,https://www.kanjipedia.jp/search?k=%E5%9B%A0&kt=1&sk=leftHand,なし
漢文 意味瞬発 Deck1 最重要250項目,CC-000148,148,Deck1 最重要・意味瞬発,重要語,起点・理由,由,より・よし,なし,多義語,意味=〜から／理由・方法;音声=解答後,CC-000148-C01,meaning,意味瞬発（音声=解答後）,「由」の意味を答えよ。,〜から／理由・方法,〜から／理由・方法｜〜によって｜わけ,起点・原因・経路を表す。,なし,なし,なし,なし,なし,因,「由」は起点・経路の意味が強い。,なし,漢字ペディア（字義・語義照合）,https://www.kanjipedia.jp/search?k=%E7%94%B1&kt=1&sk=leftHand,なし
漢文 意味瞬発 Deck1 最重要250項目,CC-000149,149,Deck1 最重要・意味瞬発,重要語,起点・主体,自,より・おのずから,なし,多義語,意味=〜から／自分から・自然に;音声=解答後,CC-000149-C01,meaning,意味瞬発（音声=解答後）,「自」の意味を答えよ。,〜から／自分から・自然に,〜から／自分から・自然に｜〜以来｜みずから,起点または自発・自然を表す。,なし,なし,なし,なし,なし,従,「自」は起点・自発、「従」は起点・従属。,なし,漢字ペディア（字義・語義照合）,https://www.kanjipedia.jp/search?k=%E8%87%AA&kt=1&sk=leftHand,なし
漢文 意味瞬発 Deck1 最重要250項目,CC-000150,150,Deck1 最重要・意味瞬発,重要語,起点・行動,従,より・したがう,なし,多義語,意味=〜から／従う;音声=解答後,CC-000150-C01,meaning,意味瞬発（音声=解答後）,「従」の意味を答えよ。,〜から／従う,〜から／従う｜〜について行く,起点または追随・服従を表す。,なし,なし,なし,なし,なし,自,「従」は従う動作の意味を持つ。,なし,漢字ペディア（字義・語義照合）,https://www.kanjipedia.jp/search?k=%E5%BE%93&kt=1&sk=leftHand,なし
漢文 意味瞬発 Deck1 最重要250項目,CC-000151,151,Deck1 最重要・意味瞬発,重要語,時間,嘗,かつて,なし,副詞,意味=かつて・これまでに;音声=解答後,CC-000151-C01,meaning,意味瞬発（音声=解答後）,「嘗」の意味を答えよ。,かつて・これまでに,かつて・これまでに｜以前に,過去の経験を表す。,なし,なし,なし,なし,なし,未嘗〜,否定と結ぶと「今まで一度も〜ない」。,なし,漢字ペディア（字義・語義照合）,https://www.kanjipedia.jp/search?k=%E5%98%97&kt=1&sk=leftHand,なし
漢文 意味瞬発 Deck1 最重要250項目,CC-000152,152,Deck1 最重要・意味瞬発,重要語,時間,既,すでに,なし,副詞,意味=すでに;音声=解答後,CC-000152-C01,meaning,意味瞬発（音声=解答後）,「既」の意味を答えよ。,すでに,すでに｜もう,動作・状態が完了していることを示す。,なし,なし,なし,なし,なし,未,「既」は完了、「未」は未実現。,なし,漢字ペディア（字義・語義照合）,https://www.kanjipedia.jp/search?k=%E6%97%A2&kt=1&sk=leftHand,なし
漢文 意味瞬発 Deck1 最重要250項目,CC-000153,153,Deck1 最重要・意味瞬発,重要語,時間・展開,既而,すでにして,なし,接続語,意味=やがて・しばらくして;音声=解答後,CC-000153-C01,meaning,意味瞬発（音声=解答後）,「既而」の意味を答えよ。,やがて・しばらくして,やがて・しばらくして｜その後まもなく,時間の経過後に次の出来事が起こることを示す。,なし,なし,なし,なし,なし,未幾,どちらも短い時間経過を表す。,なし,漢字ペディア（字義・語義照合）,https://www.kanjipedia.jp/search?k=%E6%97%A2%E8%80%8C&kt=1&sk=leftHand,なし
漢文 意味瞬発 Deck1 最重要250項目,CC-000154,154,Deck1 最重要・意味瞬発,重要語,時間・進行,方,まさに,なし,副詞,意味=今まさに〜している;音声=解答後,CC-000154-C01,meaning,意味瞬発（音声=解答後）,「方」の意味を答えよ。,今まさに〜している,今まさに〜している｜ちょうど〜している,動作が進行中であることを表す。,なし,なし,なし,なし,なし,将〜,「方」は現在進行、「将」は近い将来。,なし,漢字ペディア（字義・語義照合）,https://www.kanjipedia.jp/search?k=%E6%96%B9&kt=1&sk=leftHand,なし
漢文 意味瞬発 Deck1 最重要250項目,CC-000155,155,Deck1 最重要・意味瞬発,重要語,時間・展開,未幾,いくばくもなく,なし,副詞,意味=間もなく・ほどなく;音声=解答後,CC-000155-C01,meaning,意味瞬発（音声=解答後）,「未幾」の意味を答えよ。,間もなく・ほどなく,間もなく・ほどなく｜まもなく,時間があまりたたないことを表す。,なし,なし,なし,なし,なし,既而,どちらも時間の推移を示す。,なし,漢字ペディア（字義・語義照合）,https://www.kanjipedia.jp/search?k=%E6%9C%AA%E5%B9%BE&kt=1&sk=leftHand,なし
漢文 意味瞬発 Deck1 最重要250項目,CC-000156,156,Deck1 最重要・意味瞬発,重要語,時間,俄,にわかに,なし,副詞,意味=突然・にわかに;音声=解答後,CC-000156-C01,meaning,意味瞬発（音声=解答後）,「俄」の意味を答えよ。,突然・にわかに,突然・にわかに｜急に,予想外に急に起こることを表す。,なし,なし,なし,なし,なし,忽,意味は近い。,なし,漢字ペディア（字義・語義照合）,https://www.kanjipedia.jp/search?k=%E4%BF%84&kt=1&sk=leftHand,なし
漢文 意味瞬発 Deck1 最重要250項目,CC-000157,157,Deck1 最重要・意味瞬発,重要語,時間,忽,たちまち,なし,副詞,意味=突然・たちまち;音声=解答後,CC-000157-C01,meaning,意味瞬発（音声=解答後）,「忽」の意味を答えよ。,突然・たちまち,突然・たちまち｜急に,出来事が急に起こることを表す。,なし,なし,なし,なし,なし,俄,意味は近い。,なし,漢字ペディア（字義・語義照合）,https://www.kanjipedia.jp/search?k=%E5%BF%BD&kt=1&sk=leftHand,なし
漢文 意味瞬発 Deck1 最重要250項目,CC-000158,158,Deck1 最重要・意味瞬発,重要語,時間・展開,遂,ついに,なし,副詞,意味=ついに・そのまま;音声=解答後,CC-000158-C01,meaning,意味瞬発（音声=解答後）,「遂」の意味を答えよ。,ついに・そのまま,ついに・そのまま｜とうとう｜そこでそのまま,経過の末の結果または成り行きを表す。,なし,なし,なし,なし,なし,終,「遂」は結果への展開、「終」は最終結果が中心。,なし,漢字ペディア（字義・語義照合）,https://www.kanjipedia.jp/search?k=%E9%81%82&kt=1&sk=leftHand,なし
漢文 意味瞬発 Deck1 最重要250項目,CC-000159,159,Deck1 最重要・意味瞬発,重要語,時間・結果,終,ついに,なし,副詞,意味=ついに・結局;音声=解答後,CC-000159-C01,meaning,意味瞬発（音声=解答後）,「終」の意味を答えよ。,ついに・結局,ついに・結局｜最後には,経過の末の最終結果を表す。,なし,なし,なし,なし,なし,竟,意味は近い。,なし,漢字ペディア（字義・語義照合）,https://www.kanjipedia.jp/search?k=%E7%B5%82&kt=1&sk=leftHand,なし
漢文 意味瞬発 Deck1 最重要250項目,CC-000160,160,Deck1 最重要・意味瞬発,重要語,時間・結果,卒（副詞）,ついに,卒,副詞,意味=ついに・結局;音声=解答後,CC-000160-C01,meaning,意味瞬発（音声=解答後）,「卒（副詞）」の意味を答えよ。,ついに・結局,ついに・結局｜最後には,経過の末の結果を表す副詞用法。,なし,なし,なし,なし,なし,卒（名詞）,ここでは「兵士」ではない。,なし,漢字ペディア（字義・語義照合）,https://www.kanjipedia.jp/search?k=%E5%8D%92&kt=1&sk=leftHand,なし
漢文 意味瞬発 Deck1 最重要250項目,CC-000161,161,Deck1 最重要・意味瞬発,重要語,時間・結果,竟,ついに・おわる,なし,多義語,意味=ついに・結局／終わる;音声=解答後,CC-000161-C01,meaning,意味瞬発（音声=解答後）,「竟」の意味を答えよ。,ついに・結局／終わる,ついに・結局／終わる｜最後には,最終結果または完了を表す。,なし,なし,なし,なし,なし,終,意味は近い。,なし,漢字ペディア（字義・語義照合）,https://www.kanjipedia.jp/search?k=%E7%AB%9F&kt=1&sk=leftHand,なし
漢文 意味瞬発 Deck1 最重要250項目,CC-000162,162,Deck1 最重要・意味瞬発,重要語,時間・偶然,適,たまたま・ちょうど,なし,副詞,意味=たまたま・ちょうど;音声=解答後,CC-000162-C01,meaning,意味瞬発（音声=解答後）,「適」の意味を答えよ。,たまたま・ちょうど,たまたま・ちょうど｜偶然に,偶然その状況に出会うことを表す。,なし,なし,なし,なし,なし,偶,意味は近い。,なし,漢字ペディア（字義・語義照合）,https://www.kanjipedia.jp/search?k=%E9%81%A9&kt=1&sk=leftHand,なし
漢文 意味瞬発 Deck1 最重要250項目,CC-000163,163,Deck1 最重要・意味瞬発,重要語,時間・偶然,偶,たまたま,なし,副詞,意味=たまたま;音声=解答後,CC-000163-C01,meaning,意味瞬発（音声=解答後）,「偶」の意味を答えよ。,たまたま,たまたま｜偶然に,偶然を表す。,なし,なし,なし,なし,なし,適,意味は近い。,なし,漢字ペディア（字義・語義照合）,https://www.kanjipedia.jp/search?k=%E5%81%B6&kt=1&sk=leftHand,なし
漢文 意味瞬発 Deck1 最重要250項目,CC-000164,164,Deck1 最重要・意味瞬発,重要語,時間・推量,会,たまたま・かならず,なし,多義語,意味=たまたま・ちょうど／きっと・やがて;音声=解答後,CC-000164-C01,meaning,意味瞬発（音声=解答後）,「会」の意味を答えよ。,たまたま・ちょうど／きっと・やがて,たまたま・ちょうど／きっと・やがて｜偶然｜まもなく,偶然の一致または将来の推量を表す。,なし,なし,なし,なし,なし,適,「会」には将来の推量もある。,なし,漢字ペディア（字義・語義照合）,https://www.kanjipedia.jp/search?k=%E4%BC%9A&kt=1&sk=leftHand,なし
漢文 意味瞬発 Deck1 最重要250項目,CC-000165,165,Deck1 最重要・意味瞬発,重要語,程度,益,ますます,なし,副詞,意味=ますます;音声=解答後,CC-000165-C01,meaning,意味瞬発（音声=解答後）,「益」の意味を答えよ。,ますます,ますます｜いっそう,程度がさらに増すことを表す。,なし,なし,なし,なし,なし,愈,意味は近い。,なし,漢字ペディア（字義・語義照合）,https://www.kanjipedia.jp/search?k=%E7%9B%8A&kt=1&sk=leftHand,なし
漢文 意味瞬発 Deck1 最重要250項目,CC-000166,166,Deck1 最重要・意味瞬発,重要語,程度,愈,いよいよ,なし,副詞,意味=いよいよ・ますます;音声=解答後,CC-000166-C01,meaning,意味瞬発（音声=解答後）,「愈」の意味を答えよ。,いよいよ・ますます,いよいよ・ますます｜いっそう,程度がさらに進むことを表す。,なし,なし,なし,なし,なし,益,意味は近い。,なし,漢字ペディア（字義・語義照合）,https://www.kanjipedia.jp/search?k=%E6%84%88&kt=1&sk=leftHand,なし
漢文 意味瞬発 Deck1 最重要250項目,CC-000167,167,Deck1 最重要・意味瞬発,重要語,程度,甚,はなはだ,なし,副詞・形容詞,意味=はなはだ・非常に;音声=解答後,CC-000167-C01,meaning,意味瞬発（音声=解答後）,「甚」の意味を答えよ。,はなはだ・非常に,はなはだ・非常に｜とても,程度が大きいことを表す。,なし,なし,なし,なし,なし,頗,どちらも程度が強い。,なし,漢字ペディア（字義・語義照合）,https://www.kanjipedia.jp/search?k=%E7%94%9A&kt=1&sk=leftHand,なし
漢文 意味瞬発 Deck1 最重要250項目,CC-000168,168,Deck1 最重要・意味瞬発,重要語,程度・推量,殆,ほとんど・あやうし,なし,多義語,意味=ほとんど／おそらく／危うい;音声=解答後,CC-000168-C01,meaning,意味瞬発（音声=解答後）,「殆」の意味を答えよ。,ほとんど／おそらく／危うい,ほとんど／おそらく／危うい｜ほぼ｜たぶん,程度・推量・危険の意味を持つ。,なし,なし,なし,なし,なし,蓋,「殆」は「ほとんど」の意味も重要。,なし,漢字ペディア（字義・語義照合）,https://www.kanjipedia.jp/search?k=%E6%AE%86&kt=1&sk=leftHand,なし
漢文 意味瞬発 Deck1 最重要250項目,CC-000169,169,Deck1 最重要・意味瞬発,重要語,判断・状態,固,もとより・かたい,なし,多義語,意味=もともと・もちろん／固い;音声=解答後,CC-000169-C01,meaning,意味瞬発（音声=解答後）,「固」の意味を答えよ。,もともと・もちろん／固い,もともと・もちろん／固い｜元来,当然視または固定した状態を表す。,なし,なし,なし,なし,なし,素,「固」は当然・固さ、「素」は平素・以前から。,なし,漢字ペディア（字義・語義照合）,https://www.kanjipedia.jp/search?k=%E5%9B%BA&kt=1&sk=leftHand,なし
漢文 意味瞬発 Deck1 最重要250項目,CC-000170,170,Deck1 最重要・意味瞬発,重要語,時間・状態,素,もとより,なし,副詞,意味=もともと・ふだんから;音声=解答後,CC-000170-C01,meaning,意味瞬発（音声=解答後）,「素」の意味を答えよ。,もともと・ふだんから,もともと・ふだんから｜以前から,以前から続く状態を表す。,なし,なし,なし,なし,なし,固,「素」は平素からの状態。,なし,漢字ペディア（字義・語義照合）,https://www.kanjipedia.jp/search?k=%E7%B4%A0&kt=1&sk=leftHand,なし
漢文 意味瞬発 Deck1 最重要250項目,CC-000171,171,Deck1 最重要・意味瞬発,重要語,判断,信,まことに・しんず,なし,多義語,意味=本当に・まことに／信じる;音声=解答後,CC-000171-C01,meaning,意味瞬発（音声=解答後）,「信」の意味を答えよ。,本当に・まことに／信じる,本当に・まことに／信じる｜確かに,真実性の強調または信用を表す。,なし,なし,なし,なし,なし,誠,「信」は副詞・動詞、「誠」は真実・誠実。,なし,漢字ペディア（字義・語義照合）,https://www.kanjipedia.jp/search?k=%E4%BF%A1&kt=1&sk=leftHand,なし
漢文 意味瞬発 Deck1 最重要250項目,CC-000172,172,Deck1 最重要・意味瞬発,重要語,範囲・詳細,具,つぶさに,なし,多義語,意味=詳しく・ことごとく／備える;音声=解答後,CC-000172-C01,meaning,意味瞬発（音声=解答後）,「具」の意味を答えよ。,詳しく・ことごとく／備える,詳しく・ことごとく／備える｜全部｜詳しく,細部まで漏れなく、または備え持つことを表す。,なし,なし,なし,なし,なし,悉,「具」は詳細さ、「悉」は全体性が中心。,なし,漢字ペディア（字義・語義照合）,https://www.kanjipedia.jp/search?k=%E5%85%B7&kt=1&sk=leftHand,なし
漢文 意味瞬発 Deck1 最重要250項目,CC-000173,173,Deck1 最重要・意味瞬発,重要語,範囲,悉,ことごとく,なし,副詞,意味=すべて・ことごとく;音声=解答後,CC-000173-C01,meaning,意味瞬発（音声=解答後）,「悉」の意味を答えよ。,すべて・ことごとく,すべて・ことごとく｜全部,一つ残らず全体に及ぶことを表す。,なし,なし,なし,なし,なし,皆,「悉」は完全さを強調する。,なし,漢字ペディア（字義・語義照合）,https://www.kanjipedia.jp/search?k=%E6%82%89&kt=1&sk=leftHand,なし
漢文 意味瞬発 Deck1 最重要250項目,CC-000174,174,Deck1 最重要・意味瞬発,重要語,範囲,皆,みな,なし,副詞,意味=すべて・みな;音声=解答後,CC-000174-C01,meaning,意味瞬発（音声=解答後）,「皆」の意味を答えよ。,すべて・みな,すべて・みな｜全員,複数の人・物すべてを表す。,なし,なし,なし,なし,なし,悉,意味は近い。,なし,漢字ペディア（字義・語義照合）,https://www.kanjipedia.jp/search?k=%E7%9A%86&kt=1&sk=leftHand,なし
漢文 意味瞬発 Deck1 最重要250項目,CC-000175,175,Deck1 最重要・意味瞬発,重要語,範囲・完了,尽,ことごとく・つくす,なし,多義語,意味=すべて・ことごとく／尽くす・尽きる;音声=解答後,CC-000175-C01,meaning,意味瞬発（音声=解答後）,「尽」の意味を答えよ。,すべて・ことごとく／尽くす・尽きる,すべて・ことごとく／尽くす・尽きる｜全部｜なくなる,全体または完全な消費・終了を表す。,なし,なし,なし,なし,なし,悉,「尽」には動詞「尽くす・尽きる」もある。,なし,漢字ペディア（字義・語義照合）,https://www.kanjipedia.jp/search?k=%E5%B0%BD&kt=1&sk=leftHand,なし
漢文 意味瞬発 Deck1 最重要250項目,CC-000176,176,Deck1 最重要・意味瞬発,重要語,不定・推量,或,あるいは・あるひと,なし,多義語,意味=ある者・あるいは／もしかすると;音声=解答後,CC-000176-C01,meaning,意味瞬発（音声=解答後）,「或」の意味を答えよ。,ある者・あるいは／もしかすると,ある者・あるいは／もしかすると｜ある人｜ひょっとすると,不定の人物・選択・推量を表す。,なし,なし,なし,なし,なし,なし,なし,なし,漢字ペディア（字義・語義照合）,https://www.kanjipedia.jp/search?k=%E6%88%96&kt=1&sk=leftHand,なし
漢文 意味瞬発 Deck1 最重要250項目,CC-000177,177,Deck1 最重要・意味瞬発,重要語,頻度,数（頻度）,しばしば,数,副詞,意味=しばしば・たびたび;音声=解答後,CC-000177-C01,meaning,意味瞬発（音声=解答後）,「数（頻度）」の意味を答えよ。,しばしば・たびたび,しばしば・たびたび｜何度も,同じ動作が繰り返されることを表す。,なし,なし,なし,なし,なし,数（数量）,ここでは「数える・数」ではなく頻度。,なし,漢字ペディア（字義・語義照合）,https://www.kanjipedia.jp/search?k=%E6%95%B0&kt=1&sk=leftHand,なし
漢文 意味瞬発 Deck1 最重要250項目,CC-000178,178,Deck1 最重要・意味瞬発,重要語,頻度,屢,しばしば,なし,副詞,意味=しばしば・たびたび;音声=解答後,CC-000178-C01,meaning,意味瞬発（音声=解答後）,「屢」の意味を答えよ。,しばしば・たびたび,しばしば・たびたび｜何度も,同じ動作が繰り返されることを表す。,なし,なし,なし,なし,なし,数（頻度）,意味は近い。,なし,漢字ペディア（字義・語義照合）,https://www.kanjipedia.jp/search?k=%E5%B1%A2&kt=1&sk=leftHand,なし
漢文 意味瞬発 Deck1 最重要250項目,CC-000179,179,Deck1 最重要・意味瞬発,重要語,態度・速度,徐,おもむろに,なし,副詞,意味=ゆっくり・おもむろに;音声=解答後,CC-000179-C01,meaning,意味瞬発（音声=解答後）,「徐」の意味を答えよ。,ゆっくり・おもむろに,ゆっくり・おもむろに｜落ち着いて,急がず落ち着いて行うことを表す。,なし,なし,なし,なし,なし,俄,「徐」はゆっくり、「俄」は急に。,なし,漢字ペディア（字義・語義照合）,https://www.kanjipedia.jp/search?k=%E5%BE%90&kt=1&sk=leftHand,なし
漢文 意味瞬発 Deck1 最重要250項目,CC-000180,180,Deck1 最重要・意味瞬発,重要語,態度,私（副詞）,ひそかに,私,副詞,意味=ひそかに・個人的に;音声=解答後,CC-000180-C01,meaning,意味瞬発（音声=解答後）,「私（副詞）」の意味を答えよ。,ひそかに・個人的に,ひそかに・個人的に｜内々に,公にはせず個人的に行うことを表す。,なし,なし,なし,なし,なし,公,「私」は個人的・秘密、「公」は公的。,なし,漢字ペディア（字義・語義照合）,https://www.kanjipedia.jp/search?k=%E7%A7%81&kt=1&sk=leftHand,なし
漢文 意味瞬発 Deck1 最重要250項目,CC-000181,181,Deck1 最重要・意味瞬発,重要語,感情・接続,顧,かえりみる・ただし,なし,多義語,意味=振り返る・気にかける／しかし・ただし;音声=解答後,CC-000181-C01,meaning,意味瞬発（音声=解答後）,「顧」の意味を答えよ。,振り返る・気にかける／しかし・ただし,振り返る・気にかける／しかし・ただし｜心にかける,動詞のほか、話を転じる接続語にもなる。,なし,なし,なし,なし,なし,故,字形が似るが意味は異なる。,なし,漢字ペディア（字義・語義照合）,https://www.kanjipedia.jp/search?k=%E9%A1%A7&kt=1&sk=leftHand,なし
漢文 意味瞬発 Deck1 最重要250項目,CC-000182,182,Deck1 最重要・意味瞬発,重要語,感情・評価,悪,にくむ・あし,なし,多義語,意味=憎む・嫌う／悪い;音声=解答後,CC-000182-C01,meaning,意味瞬発（音声=解答後）,「悪」の意味を答えよ。,憎む・嫌う／悪い,憎む・嫌う／悪い｜嫌悪する,読みと文脈によって動詞・形容詞を区別する。,なし,なし,なし,なし,なし,悪〜,疑問語では「いずく」、動詞では「にくむ」。,なし,漢字ペディア（字義・語義照合）,https://www.kanjipedia.jp/search?k=%E6%82%AA&kt=1&sk=leftHand,なし
漢文 意味瞬発 Deck1 最重要250項目,CC-000183,183,Deck1 最重要・意味瞬発,重要語,感情・言語,説,よろこぶ・とく,悦,多義語,意味=喜ぶ／説く・説明する;音声=解答後,CC-000183-C01,meaning,意味瞬発（音声=解答後）,「説」の意味を答えよ。,喜ぶ／説く・説明する,喜ぶ／説く・説明する｜うれしく思う,「喜ぶ」は「悦」に通じる用法。,なし,なし,なし,なし,なし,説明,漢文では「喜ぶ」の語義に注意する。,なし,漢字ペディア（字義・語義照合）,https://www.kanjipedia.jp/search?k=%E8%AA%AC&kt=1&sk=leftHand,なし
漢文 意味瞬発 Deck1 最重要250項目,CC-000184,184,Deck1 最重要・意味瞬発,重要語,知覚・対面,見,みる・まみえる・あらわる,なし,多義語,意味=見る・会う／現れる／〜される;音声=解答後,CC-000184-C01,meaning,意味瞬発（音声=解答後）,「見」の意味を答えよ。,見る・会う／現れる／〜される,見る・会う／現れる／〜される｜お目にかかる｜表に出る,自動詞・他動詞・受身など用法が多い。,なし,なし,なし,なし,なし,見V,動詞前なら受身の可能性がある。,なし,漢字ペディア（字義・語義照合）,https://www.kanjipedia.jp/search?k=%E8%A6%8B&kt=1&sk=leftHand,なし
漢文 意味瞬発 Deck1 最重要250項目,CC-000185,185,Deck1 最重要・意味瞬発,重要語,認識・統治,知,しる・つかさどる,なし,多義語,意味=知る・理解する／治める;音声=解答後,CC-000185-C01,meaning,意味瞬発（音声=解答後）,「知」の意味を答えよ。,知る・理解する／治める,知る・理解する／治める｜分かる｜担当する,認識のほか、官職・統治を表すことがある。,なし,なし,なし,なし,なし,智,「知」は動詞、「智」は知恵の名詞が中心。,なし,漢字ペディア（字義・語義照合）,https://www.kanjipedia.jp/search?k=%E7%9F%A5&kt=1&sk=leftHand,なし
漢文 意味瞬発 Deck1 最重要250項目,CC-000186,186,Deck1 最重要・意味瞬発,重要語,思想・言語,道,みち・いう・みちびく,なし,多義語,意味=道・道理／言う／導く;音声=解答後,CC-000186-C01,meaning,意味瞬発（音声=解答後）,「道」の意味を答えよ。,道・道理／言う／導く,道・道理／言う／導く｜教え｜述べる,思想上の「道」のほか、動詞の語義にも注意する。,なし,なし,なし,なし,なし,言,「道」は「言う」の意味にもなる。,なし,漢字ペディア（字義・語義照合）,https://www.kanjipedia.jp/search?k=%E9%81%93&kt=1&sk=leftHand,なし
漢文 意味瞬発 Deck1 最重要250項目,CC-000187,187,Deck1 最重要・意味瞬発,重要語,移動・行為,行,ゆく・おこなう,なし,多義語,意味=行く／行う;音声=解答後,CC-000187-C01,meaning,意味瞬発（音声=解答後）,「行」の意味を答えよ。,行く／行う,行く／行う｜進む｜実行する,移動と実行の二つが基本。,なし,なし,なし,なし,なし,走,「行」は行く、「走」は走る・逃げる。,なし,漢字ペディア（字義・語義照合）,https://www.kanjipedia.jp/search?k=%E8%A1%8C&kt=1&sk=leftHand,なし
漢文 意味瞬発 Deck1 最重要250項目,CC-000188,188,Deck1 最重要・意味瞬発,重要語,約束・時間,期,きす・とき,なし,多義語,意味=約束する・期待する／期限・時期;音声=解答後,CC-000188-C01,meaning,意味瞬発（音声=解答後）,「期」の意味を答えよ。,約束する・期待する／期限・時期,約束する・期待する／期限・時期｜期日を定める,約束・予期と時間の区切りを表す。,なし,なし,なし,なし,なし,会,「期」は約束・期限、「会」は偶然・将来。,なし,漢字ペディア（字義・語義照合）,https://www.kanjipedia.jp/search?k=%E6%9C%9F&kt=1&sk=leftHand,なし
漢文 意味瞬発 Deck1 最重要250項目,CC-000189,189,Deck1 最重要・意味瞬発,重要語,移動・喪失,亡,にぐ・うしなう・なし・しす,なし,多義語,意味=逃げる／失う／死ぬ／ない;音声=解答後,CC-000189-C01,meaning,意味瞬発（音声=解答後）,「亡」の意味を答えよ。,逃げる／失う／死ぬ／ない,逃げる／失う／死ぬ／ない｜滅びる,文脈により大きく意味が変わる頻出語。,なし,なし,なし,なし,なし,無,「亡」は動作・状態、「無」は存在否定。,なし,漢字ペディア（字義・語義照合）,https://www.kanjipedia.jp/search?k=%E4%BA%A1&kt=1&sk=leftHand,なし
漢文 意味瞬発 Deck1 最重要250項目,CC-000190,190,Deck1 最重要・意味瞬発,重要語,移動・除去,去,さる・のぞく,なし,多義語,意味=去る・離れる／取り除く;音声=解答後,CC-000190-C01,meaning,意味瞬発（音声=解答後）,「去」の意味を答えよ。,去る・離れる／取り除く,去る・離れる／取り除く｜立ち去る,移動・距離・除去を表す。,なし,なし,なし,なし,なし,亡,「去」は立ち去る、「亡」は逃亡・死など。,なし,漢字ペディア（字義・語義照合）,https://www.kanjipedia.jp/search?k=%E5%8E%BB&kt=1&sk=leftHand,なし
漢文 意味瞬発 Deck1 最重要250項目,CC-000191,191,Deck1 最重要・意味瞬発,重要語,移動,走,はしる・にぐ,なし,多義語,意味=走る／逃げる;音声=解答後,CC-000191-C01,meaning,意味瞬発（音声=解答後）,「走」の意味を答えよ。,走る／逃げる,走る／逃げる｜逃走する,古典中国語では「逃げる」の意味が重要。,なし,なし,なし,なし,なし,行,「走」は速い移動・逃走。,なし,漢字ペディア（字義・語義照合）,https://www.kanjipedia.jp/search?k=%E8%B5%B0&kt=1&sk=leftHand,なし
漢文 意味瞬発 Deck1 最重要250項目,CC-000192,192,Deck1 最重要・意味瞬発,重要語,関係・言語,属,つく・しょくす・つづる,なし,多義語,意味=属する・従う／頼む／文章を作る;音声=解答後,CC-000192-C01,meaning,意味瞬発（音声=解答後）,「属」の意味を答えよ。,属する・従う／頼む／文章を作る,属する・従う／頼む／文章を作る｜付き従う｜委ねる,所属・委託・作文の語義を持つ。,なし,なし,なし,なし,なし,続,字形・音が近いが別字。,なし,漢字ペディア（字義・語義照合）,https://www.kanjipedia.jp/search?k=%E5%B1%9E&kt=1&sk=leftHand,なし
漢文 意味瞬発 Deck1 最重要250項目,CC-000193,193,Deck1 最重要・意味瞬発,重要語,運・君主行為,幸,さいわい・みゆきす,なし,多義語,意味=幸い・運よく／天子が出向く・寵愛する;音声=解答後,CC-000193-C01,meaning,意味瞬発（音声=解答後）,「幸」の意味を答えよ。,幸い・運よく／天子が出向く・寵愛する,幸い・運よく／天子が出向く・寵愛する｜幸運にも,一般語義のほか、君主に関する特殊語義がある。,なし,なし,なし,なし,なし,なし,なし,なし,漢字ペディア（字義・語義照合）,https://www.kanjipedia.jp/search?k=%E5%B9%B8&kt=1&sk=leftHand,なし
漢文 意味瞬発 Deck1 最重要250項目,CC-000194,194,Deck1 最重要・意味瞬発,重要語,言語・判断,謂,いう・おもう,なし,多義語,意味=言う・名づける／〜と思う;音声=解答後,CC-000194-C01,meaning,意味瞬発（音声=解答後）,「謂」の意味を答えよ。,言う・名づける／〜と思う,言う・名づける／〜と思う｜呼ぶ｜みなす,発言・命名・判断を表す。,なし,なし,なし,なし,なし,曰,「曰」は発言の引用、「謂」は名づけ・判断にも使う。,なし,漢字ペディア（字義・語義照合）,https://www.kanjipedia.jp/search?k=%E8%AC%82&kt=1&sk=leftHand,なし
漢文 意味瞬発 Deck1 最重要250項目,CC-000195,195,Deck1 最重要・意味瞬発,重要語,言語,曰,いわく,なし,発言語,意味=言うことには;音声=解答後,CC-000195-C01,meaning,意味瞬発（音声=解答後）,「曰」の意味を答えよ。,言うことには,言うことには｜〜と言った,発言内容を導く代表的な語。,なし,なし,なし,なし,なし,云,意味は近い。,なし,漢字ペディア（字義・語義照合）,https://www.kanjipedia.jp/search?k=%E6%9B%B0&kt=1&sk=leftHand,なし
漢文 意味瞬発 Deck1 最重要250項目,CC-000196,196,Deck1 最重要・意味瞬発,重要語,言語,云,いう・しかいう,なし,多義語,意味=言う／このように;音声=解答後,CC-000196-C01,meaning,意味瞬発（音声=解答後）,「云」の意味を答えよ。,言う／このように,言う／このように｜〜という,発言または前述内容の指示に用いる。,なし,なし,なし,なし,なし,曰,「云」は引用外でも広く用いる。,なし,漢字ペディア（字義・語義照合）,https://www.kanjipedia.jp/search?k=%E4%BA%91&kt=1&sk=leftHand,なし
漢文 意味瞬発 Deck1 最重要250項目,CC-000197,197,Deck1 最重要・意味瞬発,重要語,言語・訪問,問,とう・おとずる,なし,多義語,意味=尋ねる／訪問する;音声=解答後,CC-000197-C01,meaning,意味瞬発（音声=解答後）,「問」の意味を答えよ。,尋ねる／訪問する,尋ねる／訪問する｜質問する｜見舞う,質問のほか、訪ねる意味にも注意する。,なし,なし,なし,なし,なし,聞,「問」は尋ねる、「聞」は聞く。,なし,漢字ペディア（字義・語義照合）,https://www.kanjipedia.jp/search?k=%E5%95%8F&kt=1&sk=leftHand,なし
漢文 意味瞬発 Deck1 最重要250項目,CC-000198,198,Deck1 最重要・意味瞬発,重要語,知覚・評判,聞,きく・きこえ,なし,多義語,意味=聞く・知る／評判・名声;音声=解答後,CC-000198-C01,meaning,意味瞬発（音声=解答後）,「聞」の意味を答えよ。,聞く・知る／評判・名声,聞く・知る／評判・名声｜耳にする｜世評,知覚・情報取得・評判を表す。,なし,なし,なし,なし,なし,問,「聞」は情報を得る側。,なし,漢字ペディア（字義・語義照合）,https://www.kanjipedia.jp/search?k=%E8%81%9E&kt=1&sk=leftHand,なし
漢文 意味瞬発 Deck1 最重要250項目,CC-000199,199,Deck1 最重要・意味瞬発,重要語,帰還・反抗,反,かえる・そむく,返,多義語,意味=戻る／背く・反抗する;音声=解答後,CC-000199-C01,meaning,意味瞬発（音声=解答後）,「反」の意味を答えよ。,戻る／背く・反抗する,戻る／背く・反抗する｜引き返す,帰還と反逆の語義を持つ。,なし,なし,なし,なし,なし,復,「反」は戻る・反抗、「復」は再び・戻る。,なし,漢字ペディア（字義・語義照合）,https://www.kanjipedia.jp/search?k=%E5%8F%8D&kt=1&sk=leftHand,なし
漢文 意味瞬発 Deck1 最重要250項目,CC-000200,200,Deck1 最重要・意味瞬発,重要語,反復・帰還,復,また・かえる,なし,多義語,意味=再び／戻る;音声=解答後,CC-000200-C01,meaning,意味瞬発（音声=解答後）,「復」の意味を答えよ。,再び／戻る,再び／戻る｜もう一度,反復または元の状態への帰還を表す。,なし,なし,なし,なし,なし,反,「復」は副詞「再び」が重要。,なし,漢字ペディア（字義・語義照合）,https://www.kanjipedia.jp/search?k=%E5%BE%A9&kt=1&sk=leftHand,なし
漢文 意味瞬発 Deck1 最重要250項目,CC-000201,201,Deck1 最重要・意味瞬発,重要語,帰還・婚姻,帰,かえる・とつぐ,なし,多義語,意味=帰る／嫁ぐ;音声=解答後,CC-000201-C01,meaning,意味瞬発（音声=解答後）,「帰」の意味を答えよ。,帰る／嫁ぐ,帰る／嫁ぐ｜帰属する,女性が夫の家に入る「嫁ぐ」の語義に注意する。,なし,なし,なし,なし,なし,還,「帰」は帰属・婚姻、「還」は戻す意味もある。,なし,漢字ペディア（字義・語義照合）,https://www.kanjipedia.jp/search?k=%E5%B8%B0&kt=1&sk=leftHand,なし
漢文 意味瞬発 Deck1 最重要250項目,CC-000202,202,Deck1 最重要・意味瞬発,重要語,帰還・返却,還,かえる・かえす,なし,多義語,意味=戻る・返す／再び;音声=解答後,CC-000202-C01,meaning,意味瞬発（音声=解答後）,「還」の意味を答えよ。,戻る・返す／再び,戻る・返す／再び｜帰還する｜返却する,自他両用の帰還・返却を表す。,なし,なし,なし,なし,なし,帰,「還」は返すの意味もある。,なし,漢字ペディア（字義・語義照合）,https://www.kanjipedia.jp/search?k=%E9%82%84&kt=1&sk=leftHand,なし
漢文 意味瞬発 Deck1 最重要250項目,CC-000203,203,Deck1 最重要・意味瞬発,重要語,到達・程度,至,いたる・いたって,なし,多義語,意味=到達する／非常に;音声=解答後,CC-000203-C01,meaning,意味瞬発（音声=解答後）,「至」の意味を答えよ。,到達する／非常に,到達する／非常に｜着く｜この上なく,動詞の到達と副詞の強調を表す。,なし,なし,なし,なし,なし,及,「至」は到達点、「及」は追いつく・及ぶ。,なし,漢字ペディア（字義・語義照合）,https://www.kanjipedia.jp/search?k=%E8%87%B3&kt=1&sk=leftHand,なし
漢文 意味瞬発 Deck1 最重要250項目,CC-000204,204,Deck1 最重要・意味瞬発,重要語,到達・並列,及,およぶ・および,なし,多義語,意味=及ぶ・追いつく／そして・ならびに;音声=解答後,CC-000204-C01,meaning,意味瞬発（音声=解答後）,「及」の意味を答えよ。,及ぶ・追いつく／そして・ならびに,及ぶ・追いつく／そして・ならびに｜届く｜〜と,到達・比較・並列を表す。,なし,なし,なし,なし,なし,至,「及」は追いつく・並列の意味を持つ。,なし,漢字ペディア（字義・語義照合）,https://www.kanjipedia.jp/search?k=%E5%8F%8A&kt=1&sk=leftHand,なし
漢文 意味瞬発 Deck1 最重要250項目,CC-000205,205,Deck1 最重要・意味瞬発,重要語,命令・召集,召,めす,なし,動詞,意味=呼び寄せる・召し出す;音声=解答後,CC-000205-C01,meaning,意味瞬発（音声=解答後）,「召」の意味を答えよ。,呼び寄せる・召し出す,呼び寄せる・召し出す｜招集する,上位者が人を呼び寄せる。,なし,なし,なし,なし,なし,招,「召」は命令的な召集。,なし,漢字ペディア（字義・語義照合）,https://www.kanjipedia.jp/search?k=%E5%8F%AC&kt=1&sk=leftHand,なし
漢文 意味瞬発 Deck1 最重要250項目,CC-000206,206,Deck1 最重要・意味瞬発,重要語,滞在・保持,留,とどまる・とどむ,なし,多義語,意味=残る・とどまる／引き留める;音声=解答後,CC-000206-C01,meaning,意味瞬発（音声=解答後）,「留」の意味を答えよ。,残る・とどまる／引き留める,残る・とどまる／引き留める｜その場に残す,自動詞・他動詞の両方で用いる。,なし,なし,なし,なし,なし,止,「留」は滞在・保持、「止」は停止。,なし,漢字ペディア（字義・語義照合）,https://www.kanjipedia.jp/search?k=%E7%95%99&kt=1&sk=leftHand,なし
漢文 意味瞬発 Deck1 最重要250項目,CC-000207,207,Deck1 最重要・意味瞬発,重要語,放棄・宿泊,舎,すつ・やどる,捨,多義語,意味=捨てる・やめる／宿る;音声=解答後,CC-000207-C01,meaning,意味瞬発（音声=解答後）,「舎」の意味を答えよ。,捨てる・やめる／宿る,捨てる・やめる／宿る｜放棄する｜泊まる,放棄と宿泊という異なる語義を持つ。,なし,なし,なし,なし,なし,捨,「舎」は「宿る」の意味もある。,なし,漢字ペディア（字義・語義照合）,https://www.kanjipedia.jp/search?k=%E8%88%8E&kt=1&sk=leftHand,なし
漢文 意味瞬発 Deck1 最重要250項目,CC-000208,208,Deck1 最重要・意味瞬発,重要語,配置・放置,置,おく・すつ,なし,多義語,意味=置く・設ける／放っておく;音声=解答後,CC-000208-C01,meaning,意味瞬発（音声=解答後）,「置」の意味を答えよ。,置く・設ける／放っておく,置く・設ける／放っておく｜そのままにする,配置・設置・放置を表す。,なし,なし,なし,なし,なし,舎,「置」はその場に残す意味が中心。,なし,漢字ペディア（字義・語義照合）,https://www.kanjipedia.jp/search?k=%E7%BD%AE&kt=1&sk=leftHand,なし
漢文 意味瞬発 Deck1 最重要250項目,CC-000209,209,Deck1 最重要・意味瞬発,重要語,探索・要求,求,もとむ,なし,動詞,意味=求める・探す／要求する;音声=解答後,CC-000209-C01,meaning,意味瞬発（音声=解答後）,「求」の意味を答えよ。,求める・探す／要求する,求める・探す／要求する｜探し求める,欲しい物・人・方法を探し求める。,なし,なし,なし,なし,なし,請,「求」は獲得を求める、「請」は依頼。,なし,漢字ペディア（字義・語義照合）,https://www.kanjipedia.jp/search?k=%E6%B1%82&kt=1&sk=leftHand,なし
漢文 意味瞬発 Deck1 最重要250項目,CC-000210,210,Deck1 最重要・意味瞬発,重要語,喪失・過失,失,うしなう・あやまつ,なし,多義語,意味=失う／誤る;音声=解答後,CC-000210-C01,meaning,意味瞬発（音声=解答後）,「失」の意味を答えよ。,失う／誤る,失う／誤る｜なくす｜しくじる,喪失と失敗・誤りを表す。,なし,なし,なし,なし,なし,亡,「失」は失う行為、「亡」は消失・逃亡など。,なし,漢字ペディア（字義・語義照合）,https://www.kanjipedia.jp/search?k=%E5%A4%B1&kt=1&sk=leftHand,なし
漢文 意味瞬発 Deck1 最重要250項目,CC-000211,211,Deck1 最重要・意味瞬発,重要語,敬意・奉仕,奉,たてまつる・ほうず,なし,多義語,意味=謹んで差し上げる・受ける／仕える;音声=解答後,CC-000211-C01,meaning,意味瞬発（音声=解答後）,「奉」の意味を答えよ。,謹んで差し上げる・受ける／仕える,謹んで差し上げる・受ける／仕える｜奉仕する,敬意を伴う授受・奉仕を表す。,なし,なし,なし,なし,なし,拝,どちらも敬意を伴うが、「奉」は差し上げる・仕える。,なし,漢字ペディア（字義・語義照合）,https://www.kanjipedia.jp/search?k=%E5%A5%89&kt=1&sk=leftHand,なし
漢文 意味瞬発 Deck1 最重要250項目,CC-000212,212,Deck1 最重要・意味瞬発,重要語,敬意,拝,はいす・おがむ,なし,多義語,意味=謹んで受ける／拝む・礼をする;音声=解答後,CC-000212-C01,meaning,意味瞬発（音声=解答後）,「拝」の意味を答えよ。,謹んで受ける／拝む・礼をする,謹んで受ける／拝む・礼をする｜拝受する,敬意を示す動作を表す。,なし,なし,なし,なし,なし,奉,「拝」は受ける・礼をする意味が中心。,なし,漢字ペディア（字義・語義照合）,https://www.kanjipedia.jp/search?k=%E6%8B%9D&kt=1&sk=leftHand,なし
漢文 意味瞬発 Deck1 最重要250項目,CC-000213,213,Deck1 最重要・意味瞬発,重要語,奉仕,仕,つかう,なし,動詞,意味=仕える;音声=解答後,CC-000213-C01,meaning,意味瞬発（音声=解答後）,「仕」の意味を答えよ。,仕える,仕える｜官職に就く,主君・官庁などに勤務する。,なし,なし,なし,なし,なし,事,「事」にも「仕える」の語義がある。,なし,漢字ペディア（字義・語義照合）,https://www.kanjipedia.jp/search?k=%E4%BB%95&kt=1&sk=leftHand,なし
漢文 意味瞬発 Deck1 最重要250項目,CC-000214,214,Deck1 最重要・意味瞬発,重要語,伝達,告,つぐ,なし,動詞,意味=告げる・知らせる;音声=解答後,CC-000214-C01,meaning,意味瞬発（音声=解答後）,「告」の意味を答えよ。,告げる・知らせる,告げる・知らせる｜伝える,情報・命令などを相手に伝える。,なし,なし,なし,なし,なし,語,「告」は一方向の通知、「語」は語り伝える。,なし,漢字ペディア（字義・語義照合）,https://www.kanjipedia.jp/search?k=%E5%91%8A&kt=1&sk=leftHand,なし
漢文 意味瞬発 Deck1 最重要250項目,CC-000215,215,Deck1 最重要・意味瞬発,重要語,言語,語,かたる・つぐ,なし,多義語,意味=語る／相手に告げる;音声=解答後,CC-000215-C01,meaning,意味瞬発（音声=解答後）,「語」の意味を答えよ。,語る／相手に告げる,語る／相手に告げる｜話す,発話・説明・告知を表す。,なし,なし,なし,なし,なし,言,「語」は相手を伴うことが多い。,なし,漢字ペディア（字義・語義照合）,https://www.kanjipedia.jp/search?k=%E8%AA%9E&kt=1&sk=leftHand,なし
漢文 意味瞬発 Deck1 最重要250項目,CC-000216,216,Deck1 最重要・意味瞬発,重要語,言語・敬語,白,もうす,なし,敬語動詞,意味=目上の人に申し上げる;音声=解答後,CC-000216-C01,meaning,意味瞬発（音声=解答後）,「白」の意味を答えよ。,目上の人に申し上げる,目上の人に申し上げる｜報告する,下位者から上位者への発言を表す敬語。,なし,なし,なし,なし,なし,曰,「白」は目上への発言。,なし,漢字ペディア（字義・語義照合）,https://www.kanjipedia.jp/search?k=%E7%99%BD&kt=1&sk=leftHand,なし
漢文 意味瞬発 Deck1 最重要250項目,CC-000217,217,Deck1 最重要・意味瞬発,重要語,諫言,諫,いさむ,なし,動詞,意味=目上の人の過ちをいさめる;音声=解答後,CC-000217-C01,meaning,意味瞬発（音声=解答後）,「諫」の意味を答えよ。,目上の人の過ちをいさめる,目上の人の過ちをいさめる｜忠告する,君主・上位者の誤りを正すために意見する。,なし,なし,なし,なし,なし,諫言,「諫」は動作、「諫言」はその言葉。,なし,漢字ペディア（字義・語義照合）,https://www.kanjipedia.jp/search?k=%E8%AB%AB&kt=1&sk=leftHand,なし
漢文 意味瞬発 Deck1 最重要250項目,CC-000218,218,Deck1 最重要・意味瞬発,重要語,相談・議論,議,はかる,なし,動詞,意味=相談する・論じる;音声=解答後,CC-000218-C01,meaning,意味瞬発（音声=解答後）,「議」の意味を答えよ。,相談する・論じる,相談する・論じる｜協議する,複数人で可否・方策を検討する。,なし,なし,なし,なし,なし,論,「議」は相談、「論」は論じることが中心。,なし,漢字ペディア（字義・語義照合）,https://www.kanjipedia.jp/search?k=%E8%AD%B0&kt=1&sk=leftHand,なし
漢文 意味瞬発 Deck1 最重要250項目,CC-000219,219,Deck1 最重要・意味瞬発,重要語,観察・理解,察,さっす,なし,動詞,意味=詳しく調べる・事情を見抜く;音声=解答後,CC-000219-C01,meaning,意味瞬発（音声=解答後）,「察」の意味を答えよ。,詳しく調べる・事情を見抜く,詳しく調べる・事情を見抜く｜推察する,細部を調べ、隠れた事情を理解する。,なし,なし,なし,なし,なし,観,「察」は内情を見抜く意味が強い。,なし,漢字ペディア（字義・語義照合）,https://www.kanjipedia.jp/search?k=%E5%AF%9F&kt=1&sk=leftHand,なし
漢文 意味瞬発 Deck1 最重要250項目,CC-000220,220,Deck1 最重要・意味瞬発,重要語,感情・推量,恐,おそる・おそらく,なし,多義語,意味=恐れる・心配する／おそらく;音声=解答後,CC-000220-C01,meaning,意味瞬発（音声=解答後）,「恐」の意味を答えよ。,恐れる・心配する／おそらく,恐れる・心配する／おそらく｜たぶん,恐怖・懸念から推量へ意味が広がる。,なし,なし,なし,なし,なし,蓋,「恐」は懸念を含む推量。,なし,漢字ペディア（字義・語義照合）,https://www.kanjipedia.jp/search?k=%E6%81%90&kt=1&sk=leftHand,なし
漢文 意味瞬発 Deck1 最重要250項目,CC-000221,221,Deck1 最重要・意味瞬発,重要語,一人称,吾,われ,なし,代名詞,意味=私・自分;音声=解答後,CC-000221-C01,meaning,意味瞬発（音声=解答後）,「吾」の意味を答えよ。,私・自分,私・自分｜われわれ,話者自身を指す一人称。,なし,なし,なし,なし,なし,余,意味は近い。,なし,漢字ペディア（字義・語義照合）,https://www.kanjipedia.jp/search?k=%E5%90%BE&kt=1&sk=leftHand,なし
漢文 意味瞬発 Deck1 最重要250項目,CC-000222,222,Deck1 最重要・意味瞬発,重要語,一人称,余,われ,予,代名詞,意味=私・自分;音声=解答後,CC-000222-C01,meaning,意味瞬発（音声=解答後）,「余」の意味を答えよ。,私・自分,私・自分｜われ,話者自身を指す一人称。,なし,なし,なし,なし,なし,吾,意味は近い。,なし,漢字ペディア（字義・語義照合）,https://www.kanjipedia.jp/search?k=%E4%BD%99&kt=1&sk=leftHand,なし
漢文 意味瞬発 Deck1 最重要250項目,CC-000223,223,Deck1 最重要・意味瞬発,重要語,二人称,汝,なんじ,女,代名詞,意味=あなた・おまえ;音声=解答後,CC-000223-C01,meaning,意味瞬発（音声=解答後）,「汝」の意味を答えよ。,あなた・おまえ,あなた・おまえ｜そなた,相手を指す二人称。,なし,なし,なし,なし,なし,若（二人称）,どちらも「なんじ」。,なし,漢字ペディア（字義・語義照合）,https://www.kanjipedia.jp/search?k=%E6%B1%9D&kt=1&sk=leftHand,なし
漢文 意味瞬発 Deck1 最重要250項目,CC-000224,224,Deck1 最重要・意味瞬発,重要語,敬称・二人称,子（敬称）,し・なんじ,子,敬称,意味=先生・あなた;音声=解答後,CC-000224-C01,meaning,意味瞬発（音声=解答後）,「子（敬称）」の意味を答えよ。,先生・あなた,先生・あなた｜あなたさま,相手への敬称として用いる。,なし,なし,なし,なし,なし,子（子ども）,文脈により「子ども」と区別する。,なし,漢字ペディア（字義・語義照合）,https://www.kanjipedia.jp/search?k=%E5%AD%90&kt=1&sk=leftHand,なし
漢文 意味瞬発 Deck1 最重要250項目,CC-000225,225,Deck1 最重要・意味瞬発,重要語,君主の自称,孤,われ,なし,謙称,意味=君主・諸侯が自分をへりくだっていう一人称;音声=解答後,CC-000225-C01,meaning,意味瞬発（音声=解答後）,「孤」の意味を答えよ。,君主・諸侯が自分をへりくだっていう一人称,君主・諸侯が自分をへりくだっていう一人称｜君主の自称,主に諸侯・君主が用いる自称。,なし,なし,なし,なし,なし,寡人,どちらも君主の謙称。,なし,漢字ペディア（字義・語義照合）,https://www.kanjipedia.jp/search?k=%E5%AD%A4&kt=1&sk=leftHand,なし
漢文 意味瞬発 Deck1 最重要250項目,CC-000226,226,Deck1 最重要・意味瞬発,重要語,君主の自称,寡人,かじん,なし,謙称,意味=君主が自分をへりくだっていう一人称;音声=出題時,CC-000226-C01,meaning,意味瞬発（音声=出題時）,「寡人」の意味を答えよ。,君主が自分をへりくだっていう一人称,君主が自分をへりくだっていう一人称｜君主の自称,君主が徳の少ない者という意味で自称する。,なし,なし,なし,なし,なし,孤,どちらも君主の謙称。,なし,漢字ペディア（字義・語義照合）,https://www.kanjipedia.jp/search?k=%E5%AF%A1%E4%BA%BA&kt=1&sk=leftHand,なし
漢文 意味瞬発 Deck1 最重要250項目,CC-000227,227,Deck1 最重要・意味瞬発,重要語,臣下,臣,しん・われ,なし,身分語,意味=家臣／家臣が君主に対していう一人称;音声=解答後,CC-000227-C01,meaning,意味瞬発（音声=解答後）,「臣」の意味を答えよ。,家臣／家臣が君主に対していう一人称,家臣／家臣が君主に対していう一人称｜臣下,身分名と臣下の自称の両方に用いる。,なし,なし,なし,なし,なし,君,「臣」は仕える側。,なし,漢字ペディア（字義・語義照合）,https://www.kanjipedia.jp/search?k=%E8%87%A3&kt=1&sk=leftHand,なし
漢文 意味瞬発 Deck1 最重要250項目,CC-000228,228,Deck1 最重要・意味瞬発,重要語,敬称,陛下,へいか,なし,敬称,意味=皇帝・天子への敬称;音声=出題時,CC-000228-C01,meaning,意味瞬発（音声=出題時）,「陛下」の意味を答えよ。,皇帝・天子への敬称,皇帝・天子への敬称｜皇帝への呼びかけ,皇帝を直接名指しせず敬って呼ぶ語。,なし,なし,なし,なし,なし,殿下,「陛下」は皇帝・天子への敬称。,なし,漢字ペディア（字義・語義照合）,https://www.kanjipedia.jp/search?k=%E9%99%9B%E4%B8%8B&kt=1&sk=leftHand,なし
漢文 意味瞬発 Deck1 最重要250項目,CC-000229,229,Deck1 最重要・意味瞬発,重要語,政治・身分,天子,てんし,なし,身分語,意味=天下を治める君主・皇帝;音声=出題時,CC-000229-C01,meaning,意味瞬発（音声=出題時）,「天子」の意味を答えよ。,天下を治める君主・皇帝,天下を治める君主・皇帝｜皇帝,天命を受けて天下を治めるとされた君主。,なし,なし,なし,なし,なし,諸侯,「天子」は天下の君主、「諸侯」は各地の君主。,なし,漢字ペディア（字義・語義照合）,https://www.kanjipedia.jp/search?k=%E5%A4%A9%E5%AD%90&kt=1&sk=leftHand,なし
漢文 意味瞬発 Deck1 最重要250項目,CC-000230,230,Deck1 最重要・意味瞬発,重要語,政治・身分,諸侯,しょこう,なし,身分語,意味=天子から領地を与えられた各地の君主;音声=出題時,CC-000230-C01,meaning,意味瞬発（音声=出題時）,「諸侯」の意味を答えよ。,天子から領地を与えられた各地の君主,天子から領地を与えられた各地の君主｜各国の君主,周代などの封建秩序で各地を支配した君主。,なし,なし,なし,なし,なし,天子,天子の下に位置する各地の君主。,なし,漢字ペディア（字義・語義照合）,https://www.kanjipedia.jp/search?k=%E8%AB%B8%E4%BE%AF&kt=1&sk=leftHand,なし
漢文 意味瞬発 Deck1 最重要250項目,CC-000231,231,Deck1 最重要・意味瞬発,重要語,政治・身分,大夫,たいふ,なし,身分語,意味=古代中国の高位の官人・家臣;音声=出題時,CC-000231-C01,meaning,意味瞬発（音声=出題時）,「大夫」の意味を答えよ。,古代中国の高位の官人・家臣,古代中国の高位の官人・家臣｜高官,諸侯・卿の下などに位置する高位の身分。,なし,なし,なし,なし,なし,士,一般に「士」より上位。,なし,漢字ペディア（字義・語義照合）,https://www.kanjipedia.jp/search?k=%E5%A4%A7%E5%A4%AB&kt=1&sk=leftHand,なし
漢文 意味瞬発 Deck1 最重要250項目,CC-000232,232,Deck1 最重要・意味瞬発,重要語,政治・身分,士,し,なし,身分語,意味=官人・知識人・武人などの身分層;音声=出題時,CC-000232-C01,meaning,意味瞬発（音声=出題時）,「士」の意味を答えよ。,官人・知識人・武人などの身分層,官人・知識人・武人などの身分層｜読書人｜役人,時代により範囲は異なるが、官人・知識人層を指す。,なし,なし,なし,なし,なし,大夫,一般に「大夫」より下位。,なし,漢字ペディア（字義・語義照合）,https://www.kanjipedia.jp/search?k=%E5%A3%AB&kt=1&sk=leftHand,なし
漢文 意味瞬発 Deck1 最重要250項目,CC-000233,233,Deck1 最重要・意味瞬発,重要語,人物評価,君子,くんし,なし,人物語,意味=徳のある立派な人物;音声=出題時,CC-000233-C01,meaning,意味瞬発（音声=出題時）,「君子」の意味を答えよ。,徳のある立派な人物,徳のある立派な人物｜人格者,儒家では道徳的に優れた理想的人物を指す。,なし,なし,なし,なし,なし,小人,「君子」は徳を重んじる人、「小人」は私利を優先する人。,なし,漢字ペディア（字義・語義照合）,https://www.kanjipedia.jp/search?k=%E5%90%9B%E5%AD%90&kt=1&sk=leftHand,なし
漢文 意味瞬発 Deck1 最重要250項目,CC-000234,234,Deck1 最重要・意味瞬発,重要語,人物評価,小人,しょうじん,なし,人物語,意味=徳のないつまらない人物／身分の低い者;音声=出題時,CC-000234-C01,meaning,意味瞬発（音声=出題時）,「小人」の意味を答えよ。,徳のないつまらない人物／身分の低い者,徳のないつまらない人物／身分の低い者｜器の小さい人,儒家では君子と対照的な人物を指す。,なし,なし,なし,なし,なし,君子,価値判断では君子の反対。,なし,漢字ペディア（字義・語義照合）,https://www.kanjipedia.jp/search?k=%E5%B0%8F%E4%BA%BA&kt=1&sk=leftHand,なし
漢文 意味瞬発 Deck1 最重要250項目,CC-000235,235,Deck1 最重要・意味瞬発,重要語,社会・人物,匹夫,ひっぷ,なし,身分語,意味=身分の低い普通の男・一個人;音声=出題時,CC-000235-C01,meaning,意味瞬発（音声=出題時）,「匹夫」の意味を答えよ。,身分の低い普通の男・一個人,身分の低い普通の男・一個人｜庶民の男,特別な地位を持たない男性を指す。,なし,なし,なし,なし,なし,士,「匹夫」は無位の一個人。,なし,漢字ペディア（字義・語義照合）,https://www.kanjipedia.jp/search?k=%E5%8C%B9%E5%A4%AB&kt=1&sk=leftHand,なし
漢文 意味瞬発 Deck1 最重要250項目,CC-000236,236,Deck1 最重要・意味瞬発,重要語,社会・人民,百姓,ひゃくせい,なし,社会語,意味=一般の人民・民衆;音声=出題時,CC-000236-C01,meaning,意味瞬発（音声=出題時）,「百姓」の意味を答えよ。,一般の人民・民衆,一般の人民・民衆｜庶民｜人民,古代中国では農民だけでなく広く人民を指す。,なし,なし,なし,なし,なし,百姓（農家）,現代日本語の「農民」に限定しない。,なし,漢字ペディア（字義・語義照合）,https://www.kanjipedia.jp/search?k=%E7%99%BE%E5%A7%93&kt=1&sk=leftHand,なし
漢文 意味瞬発 Deck1 最重要250項目,CC-000237,237,Deck1 最重要・意味瞬発,重要語,社会・人民,民,たみ,なし,社会語,意味=一般の人々・人民;音声=解答後,CC-000237-C01,meaning,意味瞬発（音声=解答後）,「民」の意味を答えよ。,一般の人々・人民,一般の人々・人民｜民衆,統治される人々を広く指す。,なし,なし,なし,なし,なし,百姓,意味は近い。,なし,漢字ペディア（字義・語義照合）,https://www.kanjipedia.jp/search?k=%E6%B0%91&kt=1&sk=leftHand,なし
漢文 意味瞬発 Deck1 最重要250項目,CC-000238,238,Deck1 最重要・意味瞬発,重要語,宮廷・人物,左右,さゆう,なし,身分語,意味=君主のそばに仕える側近;音声=出題時,CC-000238-C01,meaning,意味瞬発（音声=出題時）,「左右」の意味を答えよ。,君主のそばに仕える側近,君主のそばに仕える側近｜近臣｜侍従,君主の左右に控える人々から、側近を意味する。,なし,なし,なし,なし,なし,なし,なし,なし,漢字ペディア（字義・語義照合）,https://www.kanjipedia.jp/search?k=%E5%B7%A6%E5%8F%B3&kt=1&sk=leftHand,なし
漢文 意味瞬発 Deck1 最重要250項目,CC-000239,239,Deck1 最重要・意味瞬発,重要語,政治・国家,社稷,しゃしょく,なし,政治語,意味=国家・国土;音声=出題時,CC-000239-C01,meaning,意味瞬発（音声=出題時）,「社稷」の意味を答えよ。,国家・国土,国家・国土｜国,土地神と穀物神を祭る場所から国家を意味する。,なし,なし,なし,なし,なし,天下,「社稷」は国家、「天下」は世界・中国全土。,なし,漢字ペディア（字義・語義照合）,https://www.kanjipedia.jp/search?k=%E7%A4%BE%E7%A8%B7&kt=1&sk=leftHand,なし
漢文 意味瞬発 Deck1 最重要250項目,CC-000240,240,Deck1 最重要・意味瞬発,重要語,政治・世界,天下,てんか,なし,政治語,意味=世界・中国全土;音声=出題時,CC-000240-C01,meaning,意味瞬発（音声=出題時）,「天下」の意味を答えよ。,世界・中国全土,世界・中国全土｜天の下のすべて,古代中国の世界観における全領域を指す。,なし,なし,なし,なし,なし,国家,一国より広い範囲を表すことが多い。,なし,漢字ペディア（字義・語義照合）,https://www.kanjipedia.jp/search?k=%E5%A4%A9%E4%B8%8B&kt=1&sk=leftHand,なし
漢文 意味瞬発 Deck1 最重要250項目,CC-000241,241,Deck1 最重要・意味瞬発,重要語,言語・政治,諫言,かんげん,なし,政治語,意味=目上の人の過ちをいさめる言葉;音声=出題時,CC-000241-C01,meaning,意味瞬発（音声=出題時）,「諫言」の意味を答えよ。,目上の人の過ちをいさめる言葉,目上の人の過ちをいさめる言葉｜忠告の言葉,君主・上位者の誤りを正すための忠告。,なし,なし,なし,なし,なし,諫,「諫」は動作、「諫言」はその言葉。,なし,漢字ペディア（字義・語義照合）,https://www.kanjipedia.jp/search?k=%E8%AB%AB%E8%A8%80&kt=1&sk=leftHand,なし
漢文 意味瞬発 Deck1 最重要250項目,CC-000242,242,Deck1 最重要・意味瞬発,重要語,儒家思想,仁,じん,なし,思想語,意味=他者を思いやる人間愛の徳;音声=出題時,CC-000242-C01,meaning,意味瞬発（音声=出題時）,「仁」の意味を答えよ。,他者を思いやる人間愛の徳,他者を思いやる人間愛の徳｜思いやり,儒家で最も重視される中心的な徳。,なし,なし,なし,なし,なし,義,「仁」は思いやり、「義」は正しさ。,なし,漢字ペディア（字義・語義照合）,https://www.kanjipedia.jp/search?k=%E4%BB%81&kt=1&sk=leftHand,なし
漢文 意味瞬発 Deck1 最重要250項目,CC-000243,243,Deck1 最重要・意味瞬発,重要語,儒家思想,義,ぎ,なし,思想語,意味=道理にかなう正しい行い;音声=出題時,CC-000243-C01,meaning,意味瞬発（音声=出題時）,「義」の意味を答えよ。,道理にかなう正しい行い,道理にかなう正しい行い｜正義｜道義,利益よりも正しさを重んじる徳。,なし,なし,なし,なし,なし,利,儒家では「義」と「利」が対比される。,なし,漢字ペディア（字義・語義照合）,https://www.kanjipedia.jp/search?k=%E7%BE%A9&kt=1&sk=leftHand,なし
漢文 意味瞬発 Deck1 最重要250項目,CC-000244,244,Deck1 最重要・意味瞬発,重要語,儒家思想,礼,れい,なし,思想語,意味=社会秩序を保つ礼儀・規範;音声=出題時,CC-000244-C01,meaning,意味瞬発（音声=出題時）,「礼」の意味を答えよ。,社会秩序を保つ礼儀・規範,社会秩序を保つ礼儀・規範｜儀礼｜礼節,身分・関係に応じた行動規範。,なし,なし,なし,なし,なし,仁,「礼」は外面的規範、「仁」は内面的な徳。,なし,漢字ペディア（字義・語義照合）,https://www.kanjipedia.jp/search?k=%E7%A4%BC&kt=1&sk=leftHand,なし
漢文 意味瞬発 Deck1 最重要250項目,CC-000245,245,Deck1 最重要・意味瞬発,重要語,儒家思想,孝,こう,なし,思想語,意味=親を敬い大切にする徳;音声=出題時,CC-000245-C01,meaning,意味瞬発（音声=出題時）,「孝」の意味を答えよ。,親を敬い大切にする徳,親を敬い大切にする徳｜親孝行,親への敬愛・奉仕を重んじる徳。,なし,なし,なし,なし,なし,忠,「孝」は親への徳、「忠」は主君への真心。,なし,漢字ペディア（字義・語義照合）,https://www.kanjipedia.jp/search?k=%E5%AD%9D&kt=1&sk=leftHand,なし
漢文 意味瞬発 Deck1 最重要250項目,CC-000246,246,Deck1 最重要・意味瞬発,重要語,儒家思想,忠,ちゅう,なし,思想語,意味=真心を尽くして仕えること;音声=出題時,CC-000246-C01,meaning,意味瞬発（音声=出題時）,「忠」の意味を答えよ。,真心を尽くして仕えること,真心を尽くして仕えること｜忠誠,主君・他者に誠実に尽くす徳。,なし,なし,なし,なし,なし,孝,「忠」は仕える相手への真心。,なし,漢字ペディア（字義・語義照合）,https://www.kanjipedia.jp/search?k=%E5%BF%A0&kt=1&sk=leftHand,なし
漢文 意味瞬発 Deck1 最重要250項目,CC-000247,247,Deck1 最重要・意味瞬発,重要語,思想・政治,徳,とく,なし,思想語,意味=優れた人格・人を感化する道徳的な力;音声=出題時,CC-000247-C01,meaning,意味瞬発（音声=出題時）,「徳」の意味を答えよ。,優れた人格・人を感化する道徳的な力,優れた人格・人を感化する道徳的な力｜徳性｜人徳,儒家政治では徳によって民を治める力を指す。,なし,なし,なし,なし,なし,刑,「徳」は感化、「刑」は罰による統治。,なし,漢字ペディア（字義・語義照合）,https://www.kanjipedia.jp/search?k=%E5%BE%B3&kt=1&sk=leftHand,なし
漢文 意味瞬発 Deck1 最重要250項目,CC-000248,248,Deck1 最重要・意味瞬発,重要語,思想・政治,天命,てんめい,なし,思想語,意味=天から与えられた命令・使命／君主の正統性;音声=出題時,CC-000248-C01,meaning,意味瞬発（音声=出題時）,「天命」の意味を答えよ。,天から与えられた命令・使命／君主の正統性,天から与えられた命令・使命／君主の正統性｜天の意志,君主が天下を治める根拠や人の使命を表す。,なし,なし,なし,なし,なし,運命,単なる個人の運命より政治的意味を持つことがある。,なし,漢字ペディア（字義・語義照合）,https://www.kanjipedia.jp/search?k=%E5%A4%A9%E5%91%BD&kt=1&sk=leftHand,なし
漢文 意味瞬発 Deck1 最重要250項目,CC-000249,249,Deck1 最重要・意味瞬発,重要語,政治・評価,功,こう,なし,評価語,意味=手柄・功績;音声=出題時,CC-000249-C01,meaning,意味瞬発（音声=出題時）,「功」の意味を答えよ。,手柄・功績,手柄・功績｜成果｜勲功,成し遂げた働きや成果を表す。,なし,なし,なし,なし,なし,徳,「功」は成果、「徳」は人格的価値。,なし,漢字ペディア（字義・語義照合）,https://www.kanjipedia.jp/search?k=%E5%8A%9F&kt=1&sk=leftHand,なし
漢文 意味瞬発 Deck1 最重要250項目,CC-000250,250,Deck1 最重要・意味瞬発,重要語,政治・法,罪,つみ,なし,法用語,意味=法や道徳に反する行為・その責任;音声=解答後,CC-000250-C01,meaning,意味瞬発（音声=解答後）,「罪」の意味を答えよ。,法や道徳に反する行為・その責任,法や道徳に反する行為・その責任｜犯罪｜過ち,違反行為または責任・処罰の対象を表す。,なし,なし,なし,なし,なし,刑,「罪」は違反と責任、「刑」は科される罰。,なし,漢字ペディア（字義・語義照合）,https://www.kanjipedia.jp/search?k=%E7%BD%AA&kt=1&sk=leftHand,なし
