問題,回答,解説,カテゴリ
灌漑とは？,水を人工的に田畑へ引くこと。,雨が少ない地域などで、川・井戸・運河などから水を引いて農業を行えるようにすること。イスラーム世界では乾燥地域が多いため、灌漑農業が重要だった。,イスラーム世界
砂漠地帯の遊牧民の事を何という？,ベドウィン。,アラビア半島などの砂漠地帯で、ラクダや羊などを連れて移動しながら生活する遊牧民を指す。,イスラーム世界
6世紀以降メッカが栄えた理由は？,東西交易の中継地として栄えたため。,ビザンツ帝国とササン朝の抗争などで従来の交易路が不安定になると、アラビア半島を通る隊商交易の重要性が高まった。メッカはその中継地であり、カアバ神殿を持つ宗教都市でもあった。,イスラーム世界
ムハンマドが最初の啓示を受けた場所は？,メッカ郊外のヒラー山の洞窟（ヒラー洞窟）。,610年ごろ、ムハンマドはヒラー山の洞窟で天使ジブリールを通して神アッラーの啓示を受けたとされる。,イスラーム世界
ラマダーンとは？,イスラーム暦第9月の断食月。,ラマダーン月には、原則として日の出から日没まで飲食などを断つ。断食はイスラームの五行の一つ。,イスラーム世界
ムハンマドは何家の人物？,クライシュ族のハーシム家。,ムハンマドはメッカの有力部族クライシュ族に属し、その中のハーシム家の出身だった。,イスラーム世界
メディナでムハンマドがつくったイスラームの信仰共同体は？,ウンマ。,ウンマは血縁や部族を超えて、イスラーム信仰によって結ばれた共同体。ムハンマドはメディナで宗教指導者と政治指導者を兼ねた。,イスラーム世界
初代正統カリフは？,アブー＝バクル。,ムハンマドの死後、632年に初代カリフとなった。離反したアラブ諸部族を再統合し、イスラーム共同体の分裂を防いだ。,イスラーム世界
アラブの大征服が成功しやすかった理由は？,ビザンツ帝国とササン朝が長年の戦争で弱体化していたため。,両大国は長い戦争で軍事・財政ともに疲弊していた。また、支配下の住民には重税や宗教対立への不満もあり、イスラーム軍が進出しやすい条件がそろっていた。,イスラーム世界
第2代正統カリフは？,ウマル。,634～644年に第2代正統カリフを務め、アラブの大征服を大きく進めた。,イスラーム世界
ウマルは何をやったか？,アラブの大征服を大きく進め、シリア・エジプト・イラク・イラン方面へ領土を拡大した。,ウマルの時代にイスラーム国家は急拡大した。また征服地に軍営都市を置き、征服国家を運営する仕組みも整えた。,イスラーム世界
正統カリフ時代、イスラーム軍がササン朝に決定的勝利を収めた戦いは？,ニハーヴァンドの戦い（642年）。,イスラーム軍がササン朝軍に大勝した戦い。これによってササン朝は急速に衰退し、651年に滅亡した。なお、636年のカーディシーヤの戦いもイラク支配を決定づけた重要な戦い。,イスラーム世界
アラブの大征服の際、征服地に建設された軍営都市を何というか？,ミスル。,征服した土地にアラブ人兵士を駐屯させるためにつくられた軍営都市。バスラ・クーファ・フスタートなどが代表例。,イスラーム世界
啓典の民とは何か？,ユダヤ教徒・キリスト教徒など、神から与えられた聖典を持つとされた人々。,イスラーム支配下では、啓典の民はジズヤ（人頭税）を納めることで、原則として信仰を維持することが認められた。ゾロアスター教徒も実際の統治では同様に扱われることがあった。,イスラーム世界
3代目正統カリフは？,ウスマーン。,644～656年に第3代正統カリフを務めた。クライシュ族のウマイヤ家の出身。,イスラーム世界
ウスマーンは何をやったか？,『クルアーン（コーラン）』の本文を統一し、標準版を作らせた。,地域ごとに啓示の読み方や伝承が異なることを防ぐため、クルアーンの標準的な本文を確定し、各地へ送ったとされる。,イスラーム世界
ウスマーンが暗殺された理由について説明しなさい,一族のウマイヤ家を重用する政治に反発が強まったため。,ウスマーンが親族を各地の総督などに登用したことで、身内びいきだという不満が広がった。征服地の兵士や地方勢力などの反発が強まり、656年に反乱者によって暗殺された。,イスラーム世界
4代目正統カリフは？,アリー。,656～661年に第4代正統カリフを務めた。ムハンマドの従弟であり娘婿でもある。,イスラーム世界
アリーは正統カリフ政権の政治拠点をどこからどこへ移したか？,メディナからクーファへ。,アリーは内戦への対応や支持基盤を確保するため、政治の中心をアラビア半島のメディナからイラクのクーファへ移した。,イスラーム世界
ウマイヤ朝の都は？,ダマスクス（ダマスカス）。,ウマイヤ朝はシリアのダマスクスを都とし、そこを中心に広大な帝国を統治した。,イスラーム世界
正統カリフを4人答えなさい,アブー＝バクル、ウマル、ウスマーン、アリー。,ムハンマド死後の632年から661年までの4人のカリフを正統カリフという。順番はアブー＝バクル → ウマル → ウスマーン → アリー。,イスラーム世界
イスラム史において最も多い王朝は何系？,トルコ系。,イスラーム世界では10世紀以降、カラ＝ハン朝・ガズナ朝・セルジューク朝・オスマン帝国など、多くのトルコ系王朝が成立した。特に中世以降、トルコ系勢力がイスラーム世界の政治・軍事で大きな役割を担った。,イスラーム世界
イスラム史における代表的なイラン系王朝を3つ答えなさい,サーマーン朝、ブワイフ朝、サファヴィー朝。,サーマーン朝は中央アジア、ブワイフ朝はイラン・イラク、サファヴィー朝はイランを中心に成立した代表的なイラン系王朝。,イスラーム世界
アブド=アルマリクについて説明しなさい,ウマイヤ朝第5代カリフ。アラビア語を公用語とし、貨幣制度を整備して国家のアラブ化・中央集権化を進めた。,在位685～705年。行政用語をアラビア語に統一し、ディナール金貨・ディルハム銀貨などイスラーム独自の貨幣を整備した。またエルサレムに岩のドームを建設したことでも知られる。,イスラーム世界
アリー支持派の拠点となった都市はどこか？,クーファ。,アリーは政治拠点をメディナからイラクのクーファへ移した。クーファにはアリーを支持する人々が多く、のちのシーア派形成とも深く関わった。,イスラーム世界
スンナとはどういう意味？,ムハンマドの言行・慣行。,スンナとは「慣行・模範」という意味で、特に預言者ムハンマドの言葉や行動を模範として受け継いだものを指す。スンナを重視する人々がスンナ派と呼ばれる。,イスラーム世界
スンナ派、シーア派にとってイマームとはどういう存在か？,スンナ派では礼拝や共同体を導く指導者、シーア派ではアリーの血統を継ぐ正統な宗教・政治指導者。,スンナ派のイマームは基本的に礼拝の先導者などを意味し、特別な血統は必要ない。一方シーア派では、イマームはアリーとファーティマの子孫に連なる、神に導かれた特別な最高指導者と考えられる。,イスラーム世界
アブド=アルマリクは何語を公用語にしたか？,アラビア語。,それまで地域によってギリシア語やペルシア語などが行政に使われていたが、アブド＝アルマリクは行政用語をアラビア語へ統一し、国家のアラブ化を進めた。,イスラーム世界
アブド＝アルマリクは貨幣を何に統一したか？,ディナール金貨とディルハム銀貨。,ビザンツ帝国やササン朝の影響が残っていた貨幣制度を改め、イスラーム独自の貨幣を発行した。金貨がディナール、銀貨がディルハム。,イスラーム世界
ワリード1世について説明せよ,ウマイヤ朝第6代カリフ。領土を大きく拡大し、ウマイヤ朝の最盛期を築いた。,在位705～715年。イベリア半島・中央アジア・インド方面へ征服を進めた。ダマスクスのウマイヤ＝モスク建設でも知られる。,イスラーム世界
ウマイヤ朝がジブラルタル海峡を渡って滅ぼした王国は？,西ゴート王国。,711年、イスラーム軍はジブラルタル海峡を渡ってイベリア半島へ侵入し、西ゴート王国を滅ぼした。,イスラーム世界
ウマイヤ朝軍がカール＝マルテル率いるフランク軍に敗れた戦いは？,トゥール・ポワティエ間の戦い。,732年、フランク王国の宮宰カール＝マルテルがウマイヤ朝系のイスラーム軍を破った戦い。イスラーム勢力の西ヨーロッパへの進出を食い止めた戦いとして知られる。,イスラーム世界
アターとは何か説明しなさい,征服に参加したアラブ人兵士などに国家から支給された俸給。,初期イスラーム国家では、征服活動を担ったアラブ人戦士らに国庫から定期的な俸給が支給された。これをアターという。すべてのアラブ人が無条件にもらったという意味ではない。,イスラーム世界
マワーリーとは何か説明しなさい,イスラームに改宗した非アラブ人。,特にウマイヤ朝では、イラン人などの非アラブ系改宗者をマワーリーと呼んだ。イスラームに改宗してもアラブ人より低い扱いを受けることがあり、この不満がアッバース革命を支持する一因となった。,イスラーム世界
アッバース革命の拠点となった地域は？,ホラーサーン。,現在のイラン北東部から中央アジアにまたがる地域。非アラブ人やウマイヤ朝に不満を持つ勢力が多く、アブー＝ムスリムらがここを拠点に革命を進めた。,イスラーム世界
アッバース朝の初代カリフは？,アブー＝アル＝アッバース（サッファーフ）。,750年にウマイヤ朝を倒してアッバース朝を成立させた初代カリフ。「サッファーフ」の名でも知られる。,イスラーム世界
アッバース朝がシーア派を弾圧した理由は？,アリーの子孫を正統な指導者とするシーア派が、アッバース家のカリフ支配を脅かす存在だったため。,アッバース家は革命時には反ウマイヤ勢力としてシーア派などの協力も得たが、政権成立後はアリー家の子孫がカリフ位の有力な対抗候補になった。そのため反乱を警戒して弾圧した。,イスラーム世界
アッバース朝はジズヤとハラージュの課税対象をどのように改めたか？,ジズヤは非ムスリムに課し、ハラージュは宗教に関係なく土地に課す税とした。,ウマイヤ朝では非アラブ人改宗者にもジズヤが課されることがあったが、アッバース朝では原則としてムスリムはジズヤを免除された。一方、ハラージュは土地税として、所有者がムスリムでも課税され得た。,イスラーム世界
アッバース朝の2代目カリフは？,マンスール。,在位754～775年。アッバース朝の支配体制を固め、762年にバグダードを建設して都とした。,イスラーム世界
マンスールがティグリス川流域に建設した都は？,バグダード。,762年にマンスールがティグリス川沿いに建設した新都。東西交易の要地にあり、アッバース朝の政治・経済・文化の中心として繁栄した。,イスラーム世界
駅伝制について説明せよ,各地に駅を置き、人や馬を交代させながら公文書や情報を素早く運ぶ制度。,アッバース朝では「バリード」と呼ばれる郵便・駅伝網が整備され、政府の命令や報告を迅速に伝えた。地方の情報を中央へ集める監察・情報収集の役割も持った。,イスラーム世界
アッバース朝における宰相を何というか？,ワズィール。,カリフを補佐して行政を統括する高官。イラン系の官僚制度の影響を受け、アッバース朝で重要な役職となった。,イスラーム世界
アッバース朝における中央官庁を総称して何というか？,ディーワーン。,財政・軍事・文書行政などを担当する中央官庁・行政組織をディーワーンと呼んだ。,イスラーム世界
イスラム教における神の教えに基づいた行動規範を何というか？,シャリーア。,クルアーンやスンナなどをもとに形成されたイスラーム法・生活規範。礼拝だけでなく、結婚・相続・商取引など社会生活全般に関わる。,イスラーム世界
アッバース朝の5代目カリフは？,ハールーン＝アッラシード。,在位786～809年。アッバース朝が繁栄した時代の代表的カリフで、『千夜一夜物語』にも登場することで知られる。,イスラーム世界
中国でアッバース朝の人々は何と呼ばれたか？,黒衣大食（こくいタージー）。,中国ではアラブ人・イスラーム勢力を「大食（タージー）」と呼び、黒旗・黒衣を用いたアッバース朝を特に「黒衣大食」と呼んだ。,イスラーム世界
アッバース朝におけるギリシア語の文献をアラビア語へ翻訳した場は？,知恵の館（バイト＝アル＝ヒクマ）。,バグダードに置かれた学術機関で、特にマームーンの時代にギリシア語などの哲学・医学・科学書が盛んにアラビア語へ翻訳された。,イスラーム世界
アッバース朝の第7代カリフは？,マームーン。,在位813～833年。学問を保護し、バグダードの知恵の館でギリシア語文献などの翻訳事業を盛んにした。,イスラーム世界
タラス河畔の戦いはどことどこの戦い？,唐とアッバース朝。,751年、中央アジアのタラス河畔で唐軍とアッバース朝軍が戦い、唐が敗北した。この戦いを契機の一つとして中国の製紙法がイスラーム世界へ伝わったとされる。,イスラーム世界
9世紀後半、イスラーム世界とトルコ人との接触が深まるきっかけとなった出来事は？,ウイグル帝国の崩壊（840年）によってトルコ系遊牧民の西方移動が進んだこと。,ウイグル帝国崩壊後、トルコ系遊牧民の西方移動が本格化し、イスラーム世界との接触が増えた。さらに9世紀後半には中央アジアのサーマーン朝がトルコ人をマムルークとして西アジアへ送り込み、接触が一層深まった。,イスラーム世界
奴隷出身の軍人を何というか？,マムルーク。,主にトルコ人などの非イスラーム系の少年・青年を奴隷として購入し、イスラームに改宗させて軍人として訓練した者。アッバース朝以後、多くのイスラーム王朝で重要な軍事力となった。,イスラーム世界
オスマン帝国で、スルタン直属の常備歩兵軍団を何というか？,イェニチェリ。,オスマン帝国のスルタン直属の精鋭歩兵軍団。主にデヴシルメ制度で徴集されたキリスト教徒の子弟をイスラーム教徒として教育・訓練し、常備軍として組織した。,イスラーム世界
アッバース朝のカリフを4人答えなさい,アブー＝アル＝アッバース（サッファーフ）、マンスール、ハールーン＝アッラシード、マームーン。,この4人は大学受験で特に重要なアッバース朝カリフ。初代アブー＝アル＝アッバース（サッファーフ）、第2代マンスール、第5代ハールーン＝アッラシード、第7代マームーンの順。,イスラーム世界
後ウマイヤ朝の建国者は？,アブド＝アッラフマーン1世。,ウマイヤ朝滅亡後、ウマイヤ家の生き残りであるアブド＝アッラフマーン1世がイベリア半島へ逃れ、756年にコルドバを都として後ウマイヤ朝を建国した。,イスラーム世界
後ウマイヤ朝の都は？,コルドバ。,イベリア半島南部の都市。後ウマイヤ朝の政治・経済・文化の中心として発展し、イスラーム世界有数の大都市となった。,イスラーム世界
後ウマイヤ朝のアブド＝アッラフマーン1世が名乗った称号は？,アミール。,アブド＝アッラフマーン1世はカリフを名乗らず、政治・軍事的指導者を意味するアミールを称した。後にアブド＝アッラフマーン3世が929年にカリフを名乗った。,イスラーム世界
カリフとアミールとイマームの違いは？,カリフはイスラーム共同体の最高指導者、アミールは政治・軍事上の支配者、イマームは宗教的指導者。,カリフはムハンマドの後継者としてイスラーム共同体を統治する最高指導者。アミールは総督・君主・軍司令官など政治や軍事を担う支配者。イマームは一般には礼拝の指導者だが、シーア派ではアリーの血統を継ぐ特別な宗教・政治指導者を意味する。,イスラーム世界
ファーティマ朝はどのような経緯で建国されたか説明しなさい,スンナ派の支配に反発するシーア派イスマーイール派が、北アフリカのベルベル人の支持を得てスンナ派のアグラブ朝を倒し、909年に建国した。,シーア派イスマーイール派は、スンナ派のアッバース朝カリフを正統な指導者と認めず、その支配に対抗していた。北アフリカで宣教活動を広げ、現地のクターマ族などのベルベル人の支持を得ると、アッバース朝系のスンナ派政権であるアグラブ朝を滅ぼした。909年、ウバイド＝アッラーがカリフを称してファーティマ朝を建てた。,イスラーム世界
ファーティマ朝がエジプト征服後に首都とした都市は？,カイロ。,969年にファーティマ朝がエジプトを征服した後、新都カイロを建設した。以後、カイロは政治・商業・学問の中心として発展した。,イスラーム世界
三カリフ鼎立時代の3つのカリフ政権を、その拠点とともに答えなさい,アッバース朝＝バグダード、ファーティマ朝＝カイロ、後ウマイヤ朝＝コルドバ。,10世紀には、東のアッバース朝、北アフリカ・エジプトのファーティマ朝、イベリア半島の後ウマイヤ朝がそれぞれカリフを称し、3人のカリフが並立した。,イスラーム世界
ファーティマ朝がカイロに建設した、イスラーム教学の中心となった学院は？,アズハル学院。,970年ごろカイロに建設された。もとはイスマーイール派教学の中心だったが、後にスンナ派の学問・教育の中心となった。現在のアズハル大学へつながる。,イスラーム世界
アズハル学院について説明しなさい,ファーティマ朝がカイロに建設した学院で、当初はシーア派（イスマーイール派）の学問の中心だったが、アイユーブ朝以後はスンナ派神学の中心となった。,ファーティマ朝がカイロに建設した宗教・教育機関。王朝の宗派であるイスマーイール派の教学拠点として始まったが、アイユーブ朝によってスンナ派が重視されると、スンナ派教学の中心へと性格を変えていった。,イスラーム世界
「バグダード入城」について説明しなさい,945年、シーア派のブワイフ朝がバグダードに入り、アッバース朝カリフから大アミールの称号を得て、政治・軍事の実権を握った。1055年、スンナ派のセルジューク朝のトゥグリル＝ベクがバグダードに入り、ブワイフ朝の支配を終わらせた。その後、アッバース朝カリフからスルタンの称号を認められた。,当時のアッバース朝カリフはシーア派のブワイフ朝の軍事的支配下にあった。スンナ派のセルジューク朝を率いるトゥグリル＝ベクがバグダードに入り、ブワイフ朝を排除した。その後、アッバース朝カリフからスルタンの称号を認められた。,イスラーム世界
マラーズギルドの戦いについて説明しなさい,1071年、セルジューク朝が東ローマ帝国を破った戦い。,アルプ＝アルスラーン率いるセルジューク朝軍が東ローマ皇帝ロマノス4世の軍を破った。この敗北によって東ローマ帝国の小アジア支配が弱まり、トルコ人の小アジア進出が進む大きなきっかけとなった。,イスラーム世界
マラーズギルドの戦いで東ローマ帝国を破ったセルジューク朝のスルタンは？,アルプ＝アルスラーン。,セルジューク朝第2代スルタン。1071年のマラーズギルドの戦いで東ローマ帝国軍に勝利した。,イスラーム世界
セルジューク朝の全盛期のスルタン,マリク＝シャー。,セルジューク朝第3代スルタン。名宰相ニザーム＝アル＝ムルクの補佐を受け、11世紀後半にセルジューク朝の領土と統治体制を最盛期へ導いた。,イスラーム世界
セルジューク朝の全盛期を支え、ニザーミーヤ学院を建設した名宰相は？,ニザーム＝アル＝ムルク。,アルプ＝アルスラーンとマリク＝シャーに仕えた名宰相。イクター制を整備し、各地にニザーミーヤ学院を設けてスンナ派教学を振興した。,イスラーム世界
セルジューク朝がスンナ派教学の振興のため、各地に建設した学院は？,ニザーミーヤ学院。,宰相ニザーム＝アル＝ムルクがバグダードなど各地に建設した学院。スンナ派の教学を広め、人材を育成する役割を果たした。,イスラーム世界
セルジューク朝でイクター制を整備した人物は？,ニザーム＝アル＝ムルク。,軍人や官僚に土地そのものではなく、その土地から得られる徴税権を与え、その収入で軍役などを負担させるイクター制を整備した。,イスラーム世界
ルーム=セルジューク朝について説明しなさい,セルジューク朝の一派が小アジアに建てたトルコ系イスラーム王朝。,マラーズギルドの戦い後にトルコ人の小アジア進出が進み、11世紀後半に成立した。「ルーム」はイスラーム側から見たローマ、つまり東ローマ帝国領を意味する。都はコンヤ。13世紀前半にはホラズム・シャー朝のジャラール＝アッディーンと対立し、アイユーブ朝と連合してその軍を破った。,イスラーム世界
ホラズム=シャー朝について説明しなさい,セルジューク朝の支配下でホラズム地方を治めていたトルコ系の総督が独立して成立した、スンナ派イスラーム王朝。,12～13世紀に中央アジアからイラン方面へ勢力を拡大し、セルジューク朝衰退後の有力国家となった。しかし13世紀初め、チンギス＝ハン率いるモンゴル帝国の侵攻によって滅亡した。,イスラーム世界
地図上の空欄①〜⑤をすべて埋めなさい。（９世紀のイスラーム世界）,"① 後ウマイヤ朝
② イドリース朝
③ アッバース朝
④ バグダード
⑤ サーマーン朝",赤い斜線はアラブ系、黒い点はイラン系を示す。斜体・二重下線の②はシーア派を示す。④は赤丸で示した都市。,イスラーム世界
地図上の空欄①〜⑦をすべて埋めなさい。（10世紀のイスラーム世界）,"① 後ウマイヤ朝
② ファーティマ朝
③ アッバース朝
④ バグダード
⑤ ブワイフ朝
⑥ サーマーン朝
⑦ カラ=ハン朝",赤い斜線はアラブ系、黒い点はイラン系、赤い点はトルコ系を示す。斜体・二重下線の②と⑤はシーア派を示す。④は赤丸で示した都市。,イスラーム世界
地図上の空欄①〜⑤をすべて埋めなさい。（11世紀のイスラーム世界）,"① ムラービト朝
② ファーティマ朝
③ セルジューク朝
④ カラ=ハン朝
⑤ ガズナ朝",赤い斜線はアラブ系、赤い点はトルコ系、赤い横線はベルベル人を示す。斜体・二重下線の②はシーア派を示す。,イスラーム世界
地図上の空欄①〜⑧をすべて埋めなさい。（12世紀のイスラーム世界）,"① ムワッヒド朝
② ルーム=セルジューク朝
③ アイユーブ朝
④ バグダード
⑤ アッバース朝カリフ領
⑥ ホラズム朝
⑦ カラ=キタイ（西遼）
⑧ ゴール朝",赤い点はトルコ系、赤い横線はベルベル人、黒い短線はモンゴル系を示す。④は赤丸の都市、⑤はその周辺のカリフ領。⑧のゴール朝の系統は、添付図の注記どおりイラン系・トルコ系の諸説がある。ムワッヒド朝はムワヒッド朝、ホラズム朝はホラズム・シャー朝とも表記する。,イスラーム世界
地図上の空欄①〜⑤をすべて埋めなさい。（13世紀のイスラーム世界）,"① ナスル朝
② マムルーク朝
③ イル=ハン国
④ チャガタイ=ハン国
⑤ 奴隷王朝",赤い点はトルコ系、薄い赤の塗りはアラブ系、黒い短線はモンゴル系を示す。①はイベリア半島南部の小さな領域。,イスラーム世界
地図上の空欄①〜⑩をすべて埋めなさい。（14〜15世紀のイスラーム世界）,"① コンスタンティノープル（ビザンツ帝国）
② オスマン朝
③ アンカラの戦い（1402年）
④ カイロ
⑤ マムルーク朝
⑥ メッカ
⑦ サマルカンド
⑧ ティムール朝
⑨ ヘラート
⑩ トゥグルク朝",赤色の範囲はティムール朝、縦線はオスマン朝、斜線はマムルーク朝、黒い点線はトゥグルク朝の領域を示す。アンカラの戦いは1402年、ティムールがオスマン朝のバヤジット１世を破った戦いである。サマルカンドはティムール朝の都で、ヘラートは15世紀に文化の中心として栄えた。,イスラーム世界
ホラーサーン地方でセルジューク朝を建国し、1055年にバグダードへ入城してアッバース朝カリフからスルタンの称号を受けた人物は？,トゥグリル＝ベグ。,セルジューク家を率いてホラーサーンを支配し、1055年にバグダードへ入城した。アッバース朝カリフからスルタンの称号を認められ、政治・軍事の実権を握った。,イスラーム世界
アッバース朝が滅びた経緯は？,1258年、フレグ率いるモンゴル軍がバグダードを占領し、カリフを処刑した。,フレグはチンギス＝ハンの孫である。バグダードの陥落によって同地のアッバース朝は終わり、その後フレグはイランを中心にイル＝ハン国を建てた。アッバース家のカリフ位はのちにカイロで名目的に再興された。,イスラーム世界
イル＝ハン国の都は？,タブリーズ（初期はマラーガ）。,建国者フレグは当初マラーガを中心とし、次代のアバカがタブリーズへ都を移した。高校世界史ではイル＝ハン国の都としてタブリーズを答える。,イスラーム世界
イル＝ハン国でイスラームを国教とした君主は？,ガザン＝ハン。,ガザン＝ハンは1295年にイスラームへ改宗し、イスラームを国教としてイラン人官僚を登用した。財政や税制の改革も進めた。,イスラーム世界
ガザン＝ハンがイラン統治のために登用したイラン人宰相は？,ラシード＝アッディーン。,ラシード＝アッディーンはガザン＝ハンに仕えた宰相で、財政・税制改革を支えた。モンゴル帝国を含む世界史をまとめた『集史』の編者としても知られる。,イスラーム世界
イラン系最初のイスラーム王朝は？,ターヒル朝。,ターヒル朝は821年にホラーサーンで成立したイラン系王朝で、アッバース朝カリフの宗主権を名目的に認めた。サッファール朝はその後に成立し、アッバース朝からの自立をいっそう強めた。,イスラーム世界
サッファール朝はなぜ滅びた？,サーマーン朝に敗れて主力を失い、残存政権はガズナ朝に滅ぼされたため。,サッファール朝は900年にサーマーン朝に敗れてホラーサーンを失った。その後もスィースターンの政権は残ったが、1003年にガズナ朝に征服された。,イスラーム世界
南イラクで黒人奴隷が起こし、アッバース朝の混乱を深めた反乱は？,ザンジュの乱。,869年から883年にかけて、南イラクの大農園などで働かされていた東アフリカ系の人々を中心に起こった大反乱である。鎮圧に長い年月を要し、アッバース朝を弱体化させた。,イスラーム世界
ブワイフ朝はどのような政権か？,イラン系のダイラム人歩兵とトルコ人騎兵を軍事基盤とする政権。,シーア派を奉じるイラン系の軍事政権で、945年にバグダードへ入城した。アッバース朝カリフを残しながら、大アミールとして政治・軍事の実権を握った。,イスラーム世界
ブワイフ朝がバグダードに入った際、アッバース朝の財政難から何が起こった？,軍人への俸給支払いが困難になり、徴税権を与えるイクター制が広がった。,現金の俸給を十分に払えなくなったため、軍人に土地そのものではなく一定地域の徴税権を与え、その収入を俸給に代える仕組みが用いられた。,イスラーム世界
サーマーン朝の都は？,ブハラ。,中央アジアのブハラはサーマーン朝の首都として栄え、ペルシア語によるイスラーム文化の中心地となった。,イスラーム世界
最初のトルコ系イスラーム王朝は？,カラ＝ハン朝。,中央アジアのトルコ系遊牧民がイスラームを受け入れて成立した王朝で、高校世界史では最初のトルコ系イスラーム王朝とされる。,イスラーム世界
カラ＝キタイについて説明しなさい,遼の王族・耶律大石（やりつたいせき）が中央アジアに建てた王朝。カラ＝ハン朝を服属させ、のちにナイマン出身のクチュルクに政権を奪われ、モンゴル軍に滅ぼされた。,カラ＝キタイは西遼とも呼ばれる。契丹人の耶律大石（やりつたいせき）が遼の滅亡後に西へ移って建国し、1141年のカトワーンの戦いでセルジューク朝を破って中央アジアの覇権を得た。,イスラーム世界
カラ＝ハン朝が建国された経緯を説明しなさい,中央アジアのトルコ系遊牧民が、ムスリム商人との交流を通じてイスラームを受け入れ、10世紀に建国した。中央アジア最初のトルコ系イスラーム王朝。,オアシス都市を行き来するムスリム商人との接触を通じてイスラーム化が進み、サトゥク＝ボグラ＝ハンの改宗などを経て王朝がイスラーム化した。,イスラーム世界
サーマーン朝は何に滅ぼされたか？,カラ＝ハン朝とガズナ朝。,999年にカラ＝ハン朝が首都ブハラを占領し、サーマーン朝は滅亡した。その旧領はおおむね、アム川より北をカラ＝ハン朝、南のホラーサーンをガズナ朝が分けた。,イスラーム世界
ガズナ朝を建てた人物は？,アルプテギン（ガズナに拠点を築き、セブクテギンが王朝を確立）。,サーマーン朝のトルコ人マムルーク出身のアルプテギンが962年にガズナを占領して基礎を築き、後継者セブクテギンが支配を固めた。,イスラーム世界
インドがイスラーム化するきっかけとなった出来事は？,ガズナ朝などの北インド侵入。,ガズナ朝のマフムードは10世紀末から北インドへ遠征を重ね、イスラーム勢力進出の足がかりを作った。北インドでの継続的な支配とイスラーム化は、その後のゴール朝やデリー＝スルタン朝のもとで進んだ。,イスラーム世界
マラーズギルドの戦いは何につながった？,トルコ人のアナトリア進出と、十字軍遠征の背景につながった。,1071年、セルジューク朝がビザンツ帝国を破り、トルコ人のアナトリア進出が進んだ。領土を失ったビザンツ帝国は西欧へ援軍を求め、これが十字軍遠征の背景の一つとなった。,イスラーム世界
マリク＝シャーについて説明しなさい,セルジューク朝の最盛期を築いたスルタン。軍事にはトルコ人を、行政にはイラン人官僚を登用して統治を整えた。,在位は1072年から1092年。宰相ニザーム＝アル＝ムルクを用いてペルシア語による官僚制を整え、セルジューク朝の領域を最大にした。,イスラーム世界
『統治の書』の著者は？,ニザーム＝アル＝ムルク。,セルジューク朝のイラン人宰相で、行政制度の整備やニザーミーヤ学院の設立を進めた。『統治の書』では君主の政治心得を説いた。,イスラーム世界
12世紀前半、イラク北部の総督から自立してできた王朝は？,ザンギー朝。,イマード＝アッディーン＝ザンギーが1127年にモースル総督となって建てたトルコ系政権である。子のヌール＝アッディーンは十字軍勢力との戦いを進めた。,イスラーム世界
レコンキスタとは何か説明しなさい,8世紀から1492年まで、イベリア半島のキリスト教諸国がイスラーム勢力の支配地域へ拡大した長期的な運動。,一つの戦争が約800年間続いたのではなく、諸国による征服・休戦・同盟を含む長期的な動きである。1492年のグラナダ陥落でイスラーム王朝の支配が終わった。,イスラーム世界
ムラービト朝は、どのような宗教的背景のもとで成立した？,西サハラのサンハージャ系ベルベル人の間で広がった、厳格なスンナ派マーリク学派の改革運動。,11世紀、イブン＝ヤーシーンがイスラーム信仰の厳格な実践を説き、その運動を基盤としてムラービト朝が成立した。,イスラーム世界
ムラービト朝は、何に対抗するためにモロッコで建国された？,受験上はシーア派のファーティマ朝への対抗と整理されるが、直接の成立母体は西サハラの宗教改革運動。,ムラービト朝を単にファーティマ朝への対抗だけで説明するのは正確ではない。サンハージャ系ベルベル人の間のスンナ派マーリク学派の改革運動から成立し、のちに北アフリカとイベリア半島へ拡大した。,イスラーム世界
ムラービト朝は、なぜ都マラケシュを繁栄させることができた？,サハラ交易の要地を押さえ、西スーダンの金と北アフリカの岩塩が集まったため。,ムラービト朝はモロッコにマラケシュを建設し、サハラ縦断交易を支配して繁栄した。ガーナ王国を征服したという伝統的説明もあるが、支配の実態には議論がある。,イスラーム世界
ムラービト朝について、「成立・対外進出・経済」の3点から説明しなさい。,西サハラのベルベル人によるスンナ派の改革運動から成立し、イベリア半島へ進出してキリスト教勢力と戦い、サハラ交易を支配して繁栄した。,成立は11世紀のサンハージャ系ベルベル人とイブン＝ヤーシーンの改革運動による。1086年のサグラハスの戦いでカスティリャ軍を破り、金・岩塩などのサハラ交易を経済基盤とした。,イスラーム世界
ムワッヒド朝はどのような経緯で成立した？,ムラービト朝の信仰のあり方を批判し、厳格な唯一神信仰を掲げたベルベル人の改革運動から成立した。,12世紀、イブン＝トゥーマルトが自らをマフディーと称して唯一神信仰を強調した。後継者アブド＝アルムーミンが勢力を拡大し、ムラービト朝を滅ぼして王朝を築いた。,イスラーム世界
レコンキスタで追い詰められ、1492年まで存続したイスラーム王朝は？,ナスル朝。,1232年に成立し、グラナダを中心にイベリア半島最後のイスラーム王朝として存続した。1492年にスペイン王国へグラナダを明け渡した。,イスラーム世界
スペイン王国はどのように成立し、1492年に何をした？,カスティリャ女王イサベルとアラゴン王フェルナンドの結婚・共同統治で両王国が結ばれ、1492年にグラナダを征服した。,両王国は王家の結合によって同じ君主夫妻のもとに置かれたが、制度は当面別々に保たれた。グラナダ陥落により、イベリア半島のイスラーム王朝の支配は終わった。,イスラーム世界
ナスル朝の都は？,グラナダ。,イベリア半島南部の都市で、ナスル朝の政治・文化の中心として栄えた。1492年にカトリック両王へ明け渡された。,イスラーム世界
ナスル朝がグラナダに建てた、イスラーム建築の傑作として知られる宮殿は？,アルハンブラ宮殿。,ナスル朝の歴代君主が築いた宮殿都市で、精密なアラベスク装飾、中庭、水を生かした空間構成で知られる。,イスラーム世界
後ウマイヤ朝で、929年にカリフを称して「西カリフ国」を成立させた君主は？,アブド＝アッラフマーン3世。,929年にコルドバでカリフを称し、アッバース朝やファーティマ朝に対抗した。後ウマイヤ朝の最盛期を築いた君主である。,イスラーム世界
アイユーブ朝が成立した経緯は？,サラディンがファーティマ朝の宰相となり、同朝を滅ぼしてエジプトに建国した。,サラディンはザンギー朝のヌール＝アッディーンが派遣した軍に加わってエジプトへ入り、1169年に宰相となった。1171年にシーア派のファーティマ朝を廃し、スンナ派政権を樹立した。,イスラーム世界
アルハンブラ宮殿はどの王朝がどこに建てた？,ナスル朝のグラナダ,アルハンブラ宮殿は、イベリア半島最後のイスラーム王朝であるナスル朝が、都グラナダに築いた宮殿・城塞群である。,イスラーム世界
クシュ王国について説明しなさい,ナイル川上流のヌビア（現在のスーダン北部を中心とする地域）に成立した王国。一時エジプトを支配したが、アッシリアの進出でエジプトから退き、のちにメロエを中心として発展した。,古代の広い意味での「エチオピア」と、現在のエチオピア共和国を混同しない。,イスラーム世界
アクスム王国について説明しなさい,紀元前後にエチオピア北部で成立し、紅海貿易で繁栄した王国。メロエ王国を滅ぼし、4世紀ごろにキリスト教を受容して国教化した。,,イスラーム世界
単性論派について説明しなさい,キリストの神性と人性を分離せず、一つの本性として捉えるキリスト教の立場。451年のカルケドン公会議で異端とされ、エジプトやエチオピアなどで広まった。,,イスラーム世界
コプト派について説明しなさい,エジプトを中心に発展した、単性論系のキリスト教会。カルケドン公会議の決定を受け入れず、エチオピアのキリスト教にも強い影響を与えた。,,イスラーム世界
マリ王国について説明しなさい,13世紀にイスラーム教を受容した黒人（マンディンゴ人）が建てた西アフリカの王国。サハラ交易で発展し、大量の金を供給したことから「黄金の国マリ」として知られた。,,イスラーム世界
トンブクトゥについて説明しなさい。,ニジェール川中流域にある都市で、マリ王国のもとでサハラ交易の中継点として繁栄した。,,イスラーム世界
マンサ=ムーサについて説明しなさい,マリ王国全盛期の王。メッカ巡礼の際にエジプトを通り、大量の金を使ったため、エジプトの金相場が暴落したとされる。,,イスラーム世界
マリ王国に代わって西アフリカで勢力を広げ、トンブクトゥをイスラーム教学の中心として発展させた国家は？,ソンガイ王国,マリ王国はソンガイの台頭後も存続したため、「マリを滅ぼした」とは区別する。,イスラーム世界
ソンガイ王国について説明しなさい,マリ王国の衰退に伴って西アフリカで勢力を広げたイスラーム国家。トンブクトゥなどの交易都市を支配し、サハラ交易やイスラーム教学が発展した。,マリ王国とソンガイ王国には存続期間の重なりがある。,イスラーム世界
チャド湖周辺に成立した黒人イスラーム国家は？,カネム＝ボルヌー王国,,イスラーム世界
アフリカ東岸でインド洋交易をやっていたムスリム商人が定住したことで、どのような都市が発展した？,モガディシュ・マリンディ・モンバサ・ザンジバル・キルワ・モザンビークなどの港市。,,イスラーム世界
スワヒリ語はどのように成立した？,東アフリカ沿岸のバントゥー系言語を基盤に、ムスリム商人との交易・交流を通じてアラビア語などの語彙を取り入れて発達した。,言語の系統はバントゥー系で、アラビア語と対等に混合した言語という意味ではない。,イスラーム世界
スワヒリ文化について説明しなさい。,アフリカ東岸で、イスラーム文化と黒人文化が融合して成立した文化。,,イスラーム世界
アフリカ東岸では、ムスリム商人の活動によって何が起こった？,インド洋交易によってモガディシュ・マリンディ・モンバサ・ザンジバル・キルワ・モザンビークなどの港市が繁栄した。バントゥー系言語を基盤にアラビア語の語彙を取り入れたスワヒリ語が発達し、現地文化とイスラーム文化が結びついたスワヒリ文化が形成された。,港市・交易・言語・文化の結び付きを整理する。,イスラーム世界
鄭和の艦隊とヴァスコ＝ダ＝ガマの双方が立ち寄った東アフリカの港市は？,マリンディ,,イスラーム世界
モノモタパ王国について説明しなさい,アフリカ南部でショナ系の人々が建て、金の産出とインド洋沿岸との交易で繁栄した王国。大ジンバブエの繁栄を受け継ぐ地域の歴史に位置づけられる。,大ジンバブエの石造都市と、のちに勢力を広げたモノモタパ王国を同一の都として扱わない。,イスラーム世界
ティムール朝はどのような経緯で成立した？,西チャガタイ＝ハン国出身のティムールが、同国分裂後の部族間抗争を勝ち抜き、チンギス＝ハンの後継者を称して政権を樹立した。,,イスラーム世界
ティムールがカスピ海北岸へ進出して攻撃し、大きな打撃を与えたモンゴル系国家は？,キプチャク＝ハン国【ジョチ＝ウルス】,,イスラーム世界
トゥグルク朝が衰退した理由を説明しなさい。,ティムール軍が西北インドに侵入してデリーを占領し、大規模な略奪を行ったため。,,イスラーム世界
1402年、ティムール軍がオスマン朝のバヤジット1世を破って捕虜とし、オスマン朝を一時混乱に陥れた戦いは？,アンカラの戦い,,イスラーム世界
アンカラの戦いについて説明しなさい。,1402年、アナトリアに進出したティムール軍がオスマン朝のバヤジット1世を破り、彼を捕虜にした戦い。これによりオスマン朝は一時的に分裂・混乱し、約10年間の空位・内戦状態に入った。,,イスラーム世界
ティムールがアンカラの戦い後、オスマン朝のバルカン支配を奪おうとしなかった理由を説明しなさい。,ティムールの主な関心はオスマン朝の領土そのものではなく、モンゴル宗家の元を中国北方へ追いやった明への遠征にあったため。アナトリアの旧領もオスマン朝以前の支配者に返した。,,イスラーム世界
ティムールの対明遠征には、彼のどのような政治的自己認識が表れているか説明しなさい。,自らをチンギス＝ハンの後継者と位置づけ、元を追放した明を倒すことでモンゴル帝国の後継者としての立場を示そうとする意識が表れている。,,イスラーム世界
ティムールの死後、シャー＝ルフが本拠地とし、ティムール朝の都となった都市は？,ヘラート,,イスラーム世界
ティムールの死後に実権を握り、ヘラートを都として明・オスマン帝国との関係修復や交易・文化の保護を進めた人物は？,シャー＝ルフ,,イスラーム世界
シャー＝ルフからサマルカンドの統治を任された人物は？,ウルグ＝ベク,,イスラーム世界
ティムール朝期のサマルカンドで作られ、当時もっとも精密とされた天文学上の成果は？,ウルグ＝ベク天文表,,イスラーム世界
ティムール死後、ティムール朝の対外政策はどのように変化した？,シャー＝ルフが明・オスマン帝国との関係を修復し、征服より交易・文化の保護を重視する方向へ転換した。,,イスラーム世界
ティムール朝の文化が、モンゴル系王朝の文化を受け継いでいたことを示す具体例は？,イル＝ハン国のもとで発展した細密画【ミニアチュール】が、ヘラートやサマルカンドで普及したこと。,,イスラーム世界
ウズベク人とは何か説明しなさい。,モンゴル系部族がトルコ化して成立したトルコ系遊牧民で、ティムール朝末期に中央アジアへ進出した民族。,,イスラーム世界
トルコ化したモンゴル系部族を起源とし、ティムール朝を滅ぼす勢力となった中央アジアの遊牧民は？,ウズベク人,,イスラーム世界
ウズベク人のシャイバーニーがブハラを拠点に建て、ティムール朝を滅ぼした王朝は？,シャイバーン朝【ブハラ＝ハン国】,,イスラーム世界
ウズベク人のシャイバーニーが拠点とし、シャイバーン朝を建てた都市は？,ブハラ,,イスラーム世界
3ハン国とは何か説明しなさい,西トルキスタンに並び立ったウズベク人の3王国で、ブハラ＝ハン国・ヒヴァ＝ハン国・コーカンド＝ハン国を指す。イラン・中国・インドを結ぶ内陸交易で栄えた。,,イスラーム世界
シャイバーニーが建てたブハラ＝ハン国とは別に、別のウズベク人部族が建てたハン国は？,ヒヴァ＝ハン国,,イスラーム世界
18世紀にブハラ＝ハン国から分かれて成立したハン国は？,コーカンド＝ハン国,,イスラーム世界
カザフ=ハン国が成立した経緯について説明しなさい,ウズベク系遊牧集団の一部が分離し、ウズベク人が南下した後の北方草原で勢力を広げて成立した。,,イスラーム世界
サファヴィー朝について説明しなさい。,ティムール朝分裂後のイランで、サファヴィー教団の教主イスマーイール1世がトルコ系遊牧民キジルバシュの軍事力を背景にタブリーズで建国した王朝。ウズベク人を破ってイラン支配を固め、シーア派の十二イマーム派を国教として布教を進めた。,,イスラーム世界
サファヴィー朝建国時に、イスマーイール1世を軍事的に支えたトルコ系遊牧民は？,キジルバシュ,,イスラーム世界
キジルバシュについて説明しなさい。,サファヴィー教団を支持したトルコ系遊牧民で、イスマーイール1世のもとで軍事力の中核となり、サファヴィー朝建国を支えた集団。,,イスラーム世界
サファヴィー朝の君主が、イラン民族を結集してオスマン帝国に対抗するために名乗った伝統的な君主称号は？,シャー,,イスラーム世界
チャルディラーンの戦いについて説明しなさい。,スンナ派のオスマン帝国とシーア派のサファヴィー朝がアゼルバイジャンをめぐって戦い、火器で武装したセリム1世のオスマン軍が勝利した戦い。サファヴィー朝は敗れてタブリーズを占領され、オスマン帝国は東アナトリアへ勢力を広げた。,,イスラーム世界
1514年、セリム1世率いるオスマン帝国軍がサファヴィー朝を破り、東アナトリア方面で優位に立った戦いは？,チャルディラーンの戦い,,イスラーム世界
チャルディラーンの戦いでサファヴィー朝を破り、東アナトリアを獲得したオスマン帝国のスルタンは？,セリム1世,,イスラーム世界
サファヴィー朝の第5代君主は？,アッバース1世,,イスラーム世界
アッバース1世について説明しなさい。,サファヴィー朝第5代君主。キジルバシュ中心の軍制を改め、ゴラーム騎兵や火器部隊を整備して軍事力を強化し、オスマン帝国からアゼルバイジャン・イラク・タブリーズを奪回した。さらにポルトガルをホルムズ島から追放して交易路を確保し、イスファハーンへ遷都して中央集権化と商業振興を進め、サファヴィー朝を復興させた。,,イスラーム世界
ゴラームとは何か説明しなさい。,サファヴィー朝で、グルジア人やアルメニア人などを奴隷身分から登用した軍人で、アッバース1世がキジルバシュに代わる軍事基盤として騎兵隊に編成した。,,イスラーム世界
アッバース1世がキジルバシュへの依存を減らしてゴラームを重用したのはなぜ？,部族勢力であるキジルバシュの力を抑え、シャー直属の軍を整備して中央集権化を進めるため。,,イスラーム世界
サファヴィー朝がポルトガルをホルムズ島から追い出す際、イギリスが協力したのはなぜ？,ポルトガルがペルシア湾交易を支配しており、イギリスにとっても商業上のライバルだったため、サファヴィー朝と利害が一致したから。,,イスラーム世界
サファヴィー朝で、交易路の整備とともに増設された宿泊施設は？,キャラバンサライ【隊商宿】,,イスラーム世界
アッバース1世が遷都し、「世界の半分」と称賛されるほど繁栄したサファヴィー朝の都は？,イスファハーン,,イスラーム世界
アッバース1世時代のイスファハーンで、王宮・モスク・マドラサが集められた都市中心部の広場は？,メイダーン【王の広場】,,イスラーム世界
アッバース1世がイスファハーンに建てた、青や黄色のタイル装飾で知られるイスラーム建築は？,王のモスク【現在のイマームのモスク】,,イスラーム世界
アッバース1世時代のイスファハーンで国際商業を活発化させたキリスト教徒の商人集団は？,アルメニア教徒,,イスラーム世界
アッバース1世時代、ヨーロッパ人がイスファハーンに求めて来た代表的な商品は？,生糸・絹織物,,イスラーム世界
18世紀に入るとサファヴィー朝の各地で経済が悪化し始めたのは何故？,ヨーロッパ各国がアジアに進出したことで、サファヴィー朝の国際交易が衰退したため。,,イスラーム世界
18世紀、サファヴィー朝衰退期にイスファハーンを占領した民族は？,アフガン人,,イスラーム世界
サファヴィー朝を滅ぼし、アフシャール朝を建てたトルコ系アフシャール人の君主は？,ナーディル＝シャー,,イスラーム世界
サファヴィー朝滅亡後、アフガン人が自立して建てた王朝は？,ドゥッラーニー朝,,イスラーム世界
18世紀末、テヘランを都にガージャール朝を建ててイランを統一した人物は？,アーガー＝ムハンマド,,イスラーム世界
18世紀末、アーガー＝ムハンマドがテヘランを都に建て、イランを統一した王朝は？,ガージャール朝,,イスラーム世界
ガージャール朝が都とした都市は？,テヘラン,,イスラーム世界
ナーディル＝シャーがサファヴィー朝を滅ぼした後に建てた王朝は？,アフシャール朝,,イスラーム世界
"13世紀、ルーム＝セルジューク朝の衰退・崩壊後、アナトリア各地に成立したトルコ系の小国家を何というか？","ベイリク","","イスラーム世界"
"現在のトルコ共和国の大部分を占める、小アジアとも呼ばれる地域を何というか？","アナトリア","","イスラーム世界"
"13世紀末、ルーム＝セルジューク朝の衰退後にアナトリア西北部で成立し、のちにバルカン半島・西アジア・北アフリカへ勢力を広げた王朝を何というか？","オスマン朝","","イスラーム世界"
"オスマン朝初期に、発展の基盤となった出来事を説明しなさい。","第2代君主オルハンがビザンツ帝国からブルサを奪ったこと。","","イスラーム世界"
"オスマン朝第3代君主が攻略し、のちに都とした都市は？","アドリアノープル（エディルネ）","","イスラーム世界"
"1389年、オスマン軍がセルビアを中心とするバルカン諸勢力の連合軍を破った戦いは？","コソヴォの戦い","","イスラーム世界"
"コソヴォの戦いについて説明しなさい","1389年、オスマン朝がセルビアを中心とするバルカン諸勢力の連合軍を破った戦い。オスマン朝は勝利してバルカン進出を進めたが、第3代君主ムラト1世は戦いの最中に殺害された。","","イスラーム世界"
"イェニチェリについて説明しなさい","バルカン半島などのキリスト教徒の少年を徴用し、イスラーム教に改宗させて育成した、オスマン朝直属の常備歩兵軍団。","","イスラーム世界"
"オスマン朝がイェニチェリを編成できるようになった背景を説明しなさい。","バルカン半島への進出によって多くのキリスト教徒を支配下に置き、その中から少年を徴用して軍人として育成できるようになったため。","","イスラーム世界"
"マムルークとイェニチェリの違いについて述べなさい","マムルーク＝主にトルコ系・チェルケス系などの奴隷を購入して軍人として育成した奴隷軍人で、のちにはエジプトで自ら王朝を建てて支配者にもなった。　イェニチェリ＝オスマン朝が主にバルカン半島のキリスト教徒の少年を徴用・改宗させて育成した、君主直属の常備歩兵軍団。","","イスラーム世界"
"オスマン朝が、バルカン半島などのキリスト教徒の少年を徴集し、イスラーム教に改宗させて軍人や官僚として育成した制度を何というか？","デヴシルメ","","イスラーム世界"
"デヴシルメとは何か説明しなさい","オスマン朝が、主にバルカン半島のキリスト教徒の少年を徴集し、イスラーム教に改宗させて教育し、イェニチェリなどの軍人や官僚として育成した制度。","","イスラーム世界"
"オスマン朝の第4代君主は？","バヤジット1世","","イスラーム世界"
"バヤジット1世について説明しなさい","オスマン朝第4代君主。「稲妻」とも呼ばれた軍の天才。バルカン半島とアナトリアで領土を拡大し、ニコポリスの戦いでヨーロッパ諸国の連合軍を破った。コンスタンティノープルも包囲したが、1402年のアンカラの戦いでティムールに敗れて捕虜となった。","","イスラーム世界"
"1396年、バヤジット1世率いるオスマン軍が、ハンガリー王らを中心とするヨーロッパ諸国の十字軍を破った戦いは？","ニコポリスの戦い","","イスラーム世界"
"ニコポリスの戦いについて説明しなさい","1396年、バヤジット1世率いるオスマン軍が、ハンガリー王ジギスムントを中心とするヨーロッパ諸国の十字軍を破った戦い。オスマン朝のバルカン支配を強める結果となった。","","イスラーム世界"
"ニコポリスの戦いで、オスマン朝に対する十字軍を率いたハンガリー王は？","ジギスムント","","イスラーム世界"
"オスマン朝の第1～10代君主のうち、特に重要な7人の名前をそれぞれ答えなさい","①オスマン1世、②オルハン、③ムラト1世、④バヤジット1世、⑦メフメト2世、⑨セリム1世、⑩スレイマン1世","","イスラーム世界"
"オスマン朝の第7代君主の名前を答えなさい","メフメト2世","","イスラーム世界"
"メフメト2世について説明しなさい","オスマン朝第7代君主。1453年にコンスタンティノープルを攻略してビザンツ帝国を滅ぼし、同地を首都としてオスマン朝の発展の基礎を築いた。","","イスラーム世界"
"1453年、メフメト2世が攻略し、ビザンツ帝国を滅亡させた都市は？","コンスタンティノープル","","イスラーム世界"
"オスマン朝で、軍役の義務と引き換えに騎兵などへ徴税権を与えた制度を何というか？","ティマール制","","イスラーム世界"
"ティマール制について説明しなさい","オスマン朝が、軍役を担う騎兵などに一定地域の徴税権を与える代わりに、軍事奉仕を義務づけた制度。セルジューク朝などのイクター制と似た仕組みである。","","イスラーム世界"
"オスマン朝で、ティマール制によって徴税権を与えられ、軍役を担った騎兵を何というか？","シパーヒー","","イスラーム世界"
"シパーヒーについて説明しなさい","オスマン朝の騎兵で、ティマール制によって土地からの徴税権を与えられ、その代わりに軍役を担った。","","イスラーム世界"
"ビザンツ帝国滅亡について説明しなさい","1453年、オスマン朝のメフメト2世がコンスタンティノープルを攻略し、約1000年続いたビザンツ帝国を滅ぼした。その後、コンスタンティノープルはオスマン朝の首都となった。","","イスラーム世界"
"コンスタンティノープル征服後、メフメト2世が建設し、オスマン帝国の歴代スルタンの居城・政治の中心となった宮殿は？","トプカプ宮殿","","イスラーム世界"
"コンスタンティノープルに建てられ、1453年のオスマン朝による征服後にモスクへ転用された、ビザンツ帝国を代表する大聖堂は？","ハギア＝ソフィア聖堂","","イスラーム世界"
"オスマン朝がオスマン帝国になった経緯について説明しなさい","アナトリア西北部の小さなベイリクとして始まったオスマン朝は、バルカン半島やアナトリアへ領土を拡大し、1453年にメフメト2世がコンスタンティノープルを征服してビザンツ帝国を滅ぼした。その後さらにヨーロッパ・西アジア・北アフリカへ支配を広げ、多民族・多宗教を支配する大帝国へ発展した。","","イスラーム世界"
"メフメト2世が黒海北岸へ進出して服属させた国家は？","クリミア＝ハン国（クリム＝ハン国）","","イスラーム世界"
"コンスタンティノープル征服後も続いたメフメト2世の征服活動について説明しなさい。","バルカン半島でセルビア・ボスニアなどを征服し、黒海北岸ではクリミア＝ハン国を服属させ、アナトリアのトルコ系君侯国も征服して黒海周辺への支配を広げた。","","イスラーム世界"
"メフメト2世は、支配下に入った異教徒をどのように統治したか？","信仰や一定の自治を認める代わりに、帝国への貢納を義務づけた。","","イスラーム世界"
"オスマン帝国で、ユダヤ教徒・ギリシア正教徒・アルメニア教徒などが宗教別に形成した自治的な共同体を何というか？","ミッレト","","イスラーム世界"
"ミッレトについて説明しなさい","オスマン帝国で、非イスラーム教徒が宗教別に形成した共同体。各宗派の聖職者を中心に一定の信仰・自治が認められ、その代わりに帝国への納税などの義務を負った。","","イスラーム世界"
"チャルディラーンの戦いが起こった理由は？","東アナトリアの領土争いに加え、スンナ派のオスマン帝国とシーア派のサファヴィー朝の宗教的対立があったため。","","イスラーム世界"
"オスマン帝国で、イスラーム法（シャリーア）にもとづいて裁判を行った裁判官を何というか？","カーディー","","イスラーム世界"
"セリム1世について説明しなさい","オスマン帝国第9代スルタン。1514年のチャルディラーンの戦いでサファヴィー朝を破り、1517年にマムルーク朝を滅ぼしてエジプト・シリアを征服した。さらにメッカ・メディナを含むヒジャーズ地方も支配下に置き、オスマン帝国をイスラーム世界の大国へ発展させた。","","イスラーム世界"
"スルタン=カリフ制について説明しなさい","オスマン帝国のスルタンが、政治上の君主である「スルタン」と、イスラーム世界の宗教的指導者である「カリフ」を兼ねるとする考え方。セリム1世が1517年にマムルーク朝を滅ぼしてメッカ・メディナを勢力下に置き、スンナ派世界の盟主となったことを背景に、後世には「このときカイロのアッバース家からカリフ位を譲られた」と説明され、18～19世紀にスルタン＝カリフ制が強く主張されるようになった。","","イスラーム世界"
"オスマン帝国の10代目の君主は？","スレイマン1世","","イスラーム世界"
"スレイマン1世について説明しなさい","オスマン帝国第10代スルタン。サファヴィー朝からバグダードを奪ってイラクを支配下に置き、西方ではモハーチの戦いでハンガリーを破り、第1次ウィーン包囲を行うなどハプスブルク家と対抗し、オスマン帝国を最盛期に導いた。また法制度の整備にも力を入れ、「立法者（カーヌーニー）」と呼ばれた。","","イスラーム世界"
"フランソワ1世がスレイマン1世に接近した理由を説明しなさい","フランスが、カール5世率いるハプスブルク家のスペインと神聖ローマ帝国に挟まれていたため、その対抗勢力であるオスマン帝国のスレイマン1世に支援を求めた。","","イスラーム世界"
"ハプスブルク家に対抗するため、宗教の違いを越えてオスマン帝国のスレイマン1世に接近したフランス王は？","フランソワ1世","","イスラーム世界"
"16世紀、スペイン王と神聖ローマ皇帝を兼ね、フランソワ1世やスレイマン1世と対立したハプスブルク家の君主は？","カール5世","","イスラーム世界"
"モハーチの戦いでハンガリー王ラヨシュ2世が戦死した後、ハプスブルク家がハンガリー王位を主張できた背景は？","フェルディナント1世とアンナ、マリアとラヨシュ2世という二重の政略結婚によって、ハンガリー王家と婚姻関係を結んでいたため。","","イスラーム世界"
"1529年、スレイマン1世がハプスブルク家に対して行った軍事行動は？","第1次ウィーン包囲","","イスラーム世界"
"第1次ウィーン包囲について説明しなさい","1529年、スレイマン1世率いるオスマン軍がハンガリー方面から進軍し、ハプスブルク家の中心地ウィーンを包囲した出来事。攻略には失敗したが、オスマン帝国の中央ヨーロッパ進出を象徴する出来事となった。","","イスラーム世界"
"モハーチの戦いについて説明しなさい","1526年、スレイマン1世率いるオスマン軍がハンガリー王ラヨシュ2世を破った戦い。ラヨシュ2世は戦死し、オスマン帝国はハンガリーの大部分へ進出した。この結果、ハンガリー王位を主張するハプスブルク家との対立が激化した。","","イスラーム世界"
"1526年、スレイマン1世率いるオスマン軍がハンガリー王ラヨシュ2世を破った戦いは？","モハーチの戦い","","イスラーム世界"
"1538年、バルバロス率いるオスマン艦隊が、スペイン・ヴェネツィア・教皇などの連合艦隊を破った海戦は？","プレヴェザの海戦","","イスラーム世界"
"プレヴェザの海戦について説明しなさい","1538年、バルバロス率いるオスマン艦隊が、スペイン・ヴェネツィア・教皇などの連合艦隊を破った海戦。この勝利によってオスマン帝国は地中海での優位を強めた。","","イスラーム世界"
"16世紀、スペイン王としてオスマン帝国のスレイマン1世と対立した人物は？","カルロス1世（神聖ローマ皇帝カール5世）","","イスラーム世界"
"カルロス1世について説明しなさい","ハプスブルク家のスペイン王で、神聖ローマ皇帝カール5世と同一人物。フランス王フランソワ1世や、オスマン帝国のスレイマン1世と対立した。","","イスラーム世界"
"オスマン帝国が、フランスなどの外国商人に対して関税の軽減や領事裁判権などの特権を認めた制度を何というか？","カピチュレーション","","イスラーム世界"
"カピチュレーションについて説明しなさい","スレイマン1世が、ハプスブルク家に対抗するため同盟したフランスに対して、領事裁判権や免税などの特権を認めたことに始まる通商特権。のちにイギリスやオランダの商人にも与えられ、西ヨーロッパとの交易を活発化させた。","","イスラーム世界"
"ハプスブルク家とは何か。また、16世紀にはどの地域を支配していたか？","16世紀にはスペイン王位や神聖ローマ皇帝位を握り、オーストリア方面にも勢力を持っていた。","","イスラーム世界"
"オスマン帝国で、スレイマン1世が整備した世俗的な法令・法体系を何というか？","カーヌーン","","イスラーム世界"
"シャリーアとカーヌーンの違いを説明しなさい","シャリーアは、クルアーンなどをもとにしたイスラーム法。カーヌーンは、シャリーアだけでは対応しきれない行政・税制・土地制度などについて、オスマン帝国のスルタンが定めた国家法。","","イスラーム世界"
"イスタンブルに建築家シナン(スィナン)の設計で建立された建物は？","スレイマニエ＝モスク（スレイマン=モスク）","","イスラーム世界"
"スレイマニエ＝モスク（スレイマン=モスク）を設計した人物は？","シナン(スィナン)","","イスラーム世界"
"スレイマン1世の後を継ぎ、その治世中にキプロス征服やレパントの海戦が起こったオスマン帝国第11代君主は？","セリム2世","","イスラーム世界"
"レパントの海戦で、スペイン・ヴェネツィア・教皇の連合艦隊を率いてオスマン海軍を破ったスペイン王は？","フェリペ2世","","イスラーム世界"
"1571年、スペイン・ヴェネツィア・教皇の連合艦隊がオスマン海軍を破った海戦は？","レパントの海戦","","イスラーム世界"
"レパントの海戦について説明しなさい","1571年、フェリペ2世のスペイン・ヴェネツィア・教皇の連合艦隊がオスマン海軍を破った海戦。オスマン帝国はその後すぐに艦隊を再建したが、不敗神話が崩れる象徴的な敗北となった。","","イスラーム世界"
"徴税請負制とは何か説明しなさい","オスマン帝国で、長期戦による財政難を背景に、国家が一定地域の徴税権を有力者や商人などに請け負わせ、請負人から一定額を納めさせることで現金収入を確保した制度。これが広がると、徴税権と軍役を結びつけていたティマール制が衰退する一因となった。","","イスラーム世界"
"ティマール制と徴税請負制の違いを説明しなさい","ティマール制は徴税権を与える代わりに軍役を課す制度で、徴税請負制は徴税権を与える代わりに国家へ現金を納めさせる制度。","","イスラーム世界"
"1683年、オスマン帝国がウィーン攻略に失敗し、オーストリアやポーランドなどの反撃を受けるきっかけとなった出来事は？","第2次ウィーン包囲","","イスラーム世界"
"第2次ウィーン包囲について説明しなさい","1683年、オスマン帝国がウィーンを包囲したが攻略に失敗し、オーストリアやポーランドなどの反撃を受けた出来事。以後、オスマン帝国はヨーロッパで後退していった。","","イスラーム世界"
"1699年、オスマン帝国がオーストリアなどと結び、ハンガリーなどを割譲した条約は？","カルロヴィッツ条約","","イスラーム世界"
"カルロヴィッツ条約について説明しなさい","1699年、第2次ウィーン包囲失敗後の戦争を経て結ばれた条約。オスマン帝国はオーストリアにハンガリーなどを割譲し、ヨーロッパで大きく後退した。","","イスラーム世界"
"オスマン帝国が初めて敗戦国として領土を割譲した条約は？","カルロヴィッツ条約","","イスラーム世界"
"18世紀前半、オスマン帝国で「チューリップ時代」と呼ばれる西欧文化受容の時期を迎えた第23代スルタンは？","アフメト3世","","イスラーム世界"
"オスマン朝およびオスマン帝国の歴代君主のうち、大学受験上特に重要な人物を答えなさい","①オスマン1世、②オルハン、③ムラト1世、④バヤジット1世、⑦メフメト2世、⑨セリム1世、⑩スレイマン1世、⑪セリム2世、㉓アフメト3世、㉚マフムト2世、㉛アブデュル＝メジト1世、㉞アブデュル＝ハミト2世","","イスラーム世界"
"オスマン帝国のアフメト3世の時代が「チューリップ時代」と呼ばれるのはなぜか？","カルロヴィッツ条約以後、西欧文化への関心が高まるなか、宮廷や上流階級でチューリップ栽培が大流行し、トプカプ宮殿でも盛んに栽培されるなど、華やかで享楽的な宮廷文化が栄えたため。","","イスラーム世界"
"1526年、第1次パーニーパットの戦いでロディー朝を破り、ムガル帝国を建国した人物は？","バーブル","","イスラーム世界"
"バーブルについて説明しなさい","ティムールの子孫で、ウズベク人に奪われたサマルカンドの奪回に失敗した後、中央アジアからカーブルを拠点にインドへ進出し、1526年の第1次パーニーパットの戦いでロディー朝を破ってムガル帝国を建国した人物。","","イスラーム世界"
"バーブルがインド進出の拠点とした、現在のアフガニスタンの都市は？","カーブル","","イスラーム世界"
"1526年、バーブルが当時内紛で衰退していたロディー朝を破り、デリーを占領してムガル帝国建国につなげた戦いは？","第1次パーニーパットの戦い","","イスラーム世界"
"第1次パーニーパットの戦いについて説明しなさい","1526年、バーブルが火砲と騎兵を用いて当時内紛で衰退していたロディー朝を破った戦い。この勝利でデリーを占領し、ムガル帝国を建国した。","","イスラーム世界"
"バーブルがスルタンではなく皇帝（パーディシャー）を称したのはなぜか？","ティムールとチンギス＝ハン双方の血統を受け継ぎ、自らをより高い権威をもつ帝王と位置づけたため。","","イスラーム世界"
"ムガル帝国の1代目君主は？","バーブル","","イスラーム世界"
"ムガル帝国の2代目君主は？","フマーユーン","","イスラーム世界"
"フマーユーンをインドから追放したアフガン系王朝は？","スール朝","","イスラーム世界"
"フマーユーンはどのような経緯でデリーを奪還したか？","スール朝に敗れてサファヴィー朝へ亡命した後、その支援を受け、スール朝の内紛に乗じてデリーを奪還した。","","イスラーム世界"
"ムガル帝国の3代目君主は？","アクバル","","イスラーム世界"
"アクバルについて説明しなさい","ムガル帝国第3代皇帝。アグラを都として領土を大きく拡大し、ヒンドゥー教徒を登用して融和政策を進め、ジズヤを廃止するなど帝国支配を安定させたため、ムガル帝国の実質的な建国者とされる。","","イスラーム世界"
"アクバルが都を置き、ムガル帝国統治の中心とした都市は？","アグラ","","イスラーム世界"
"北インド各地に小王国を形成し、アクバルが融和政策によって取り込んだ武人・支配者集団を何というか？","ラージプート","","イスラーム世界"
"古代インドのヴァルナ制で、王族・武人などが属した身分を何というか？","クシャトリヤ","","イスラーム世界"
"アクバルは北インドの有力勢力をどのように取り込み、帝国支配を安定させたか説明しなさい","ラージプートの王女と結婚し、その王族を高級官僚に登用するなどの融和政策をとった。","","イスラーム世界"
"アクバルが、イスラーム教徒とヒンドゥー教徒などの宗教対立を和らげ、皇帝を中心に帝国の統合を図るために創始した宗教的思想を何というか？","ディーネ＝イラーヒー","","イスラーム世界"
"ナーナクが、偶像崇拝やカースト制を否定し、人々の平等と唯一神への信仰を説いて創始した宗教は？","シク教","","イスラーム世界"
"シク教について説明しなさい","ナーナクが創始した宗教。偶像崇拝やカースト制を否定して人々の平等と唯一神への信仰を説き、ヒンドゥー教のバクティ信仰やイスラームのスーフィズムの影響を受けた。","","イスラーム世界"
"ナーナクに影響を与え、カースト制を批判して宗教・身分を超えた信仰を説いた人物は？","カビール","","イスラーム世界"
"カビールの影響を受け、偶像崇拝やカースト制を否定してシク教を創始した人物は？","ナーナク","","イスラーム世界"
"ヒンドゥー教で、儀礼や身分よりも特定の神への熱烈な信愛による救済を重視する信仰を何というか？","バクティ信仰","","イスラーム世界"
"ムガル帝国で、官僚や軍人に与えられた官位・位階を何というか？","マンサブ","","イスラーム世界"
"ムガル帝国で、官僚にマンサブを与え、その位階に応じた給与と騎兵・騎馬の準備を義務づけた制度を何というか？","マンサブダール制","","イスラーム世界"
"ムガル帝国で、官僚や軍人への給与の代わりとして与えられた土地の徴税権を何というか？","ジャーギール","","イスラーム世界"
"ムガル帝国で、各地の土地支配を担い、農民から地税を徴収して国家に納めた地方領主・徴税請負人を何というか？","ザミンダール","","イスラーム世界"
"マンサブダール制について説明しなさい","官僚や軍人にマンサブという官位を与え、その位階に応じた給与を支給するとともに、騎兵や騎馬の準備を義務づけた制度。給与には現金の代わりにジャーギールと呼ばれる徴税権が与えられることが多かった。","","イスラーム世界"
"ジャーギールとは何か説明しなさい","ムガル帝国で官僚や軍人への給与の代わりに与えられた、一定地域から税収を得る権利。土地そのものの所有権ではない。","","イスラーム世界"
"アクバルは税制と地方統治をどのように整備したか説明しなさい","全国の土地を測量して地税額を定め、各地のザミンダールに徴税を担わせる一方、州県制や官僚機構を整備して中央集権化を進めた。","","イスラーム世界"
"ムガル帝国の4代目君主は？","ジャハーンギール","","イスラーム世界"
"ムガル帝国の5代目君主は？","シャー＝ジャハーン","","イスラーム世界"
"ムガル帝国第4代皇帝で、アクバルの政策をほぼ継承し、安定した統治のもとでインド＝イスラーム文化が発展した人物は？","ジャハーンギール","","イスラーム世界"
"ムガル帝国第5代皇帝で、デカン方面へ支配を拡大し、タージ＝マハルを建立した人物は？","シャー＝ジャハーン","","イスラーム世界"
"シャー＝ジャハーンについて説明しなさい","ムガル帝国第5代皇帝。デカン高原方面へ支配を拡大し、デリーに新都城を建設したほか、亡き王妃ムムターズ＝マハルをしのんでアグラにタージ＝マハルを建立した。","","イスラーム世界"
"シャー＝ジャハーンが、亡き王妃をしのんでアグラに建立した霊廟は？","タージ＝マハル","","イスラーム世界"
"タージ＝マハルについて説明しなさい","シャー＝ジャハーンが、亡き王妃ムムターズ＝マハルをしのんでアグラに建立した霊廟で、インド＝イスラーム建築の最高傑作とされる。","","イスラーム世界"
"アウラングゼーブはどのような経緯で皇帝に即位したか？","兄弟との皇位継承争いに勝利し、父シャー＝ジャハーンをアグラ城に幽閉して即位した。","","イスラーム世界"
"シャー＝ジャハーンをアグラ城に幽閉して皇帝に即位した人物は？","アウラングゼーブ","","イスラーム世界"
"タージ＝マハル建立のきっかけとなったシャー＝ジャハーンの王妃は？","ムムターズ＝マハル","","イスラーム世界"
"ムガル帝国の6代目君主は？","アウラングゼーブ","","イスラーム世界"
"ムガル帝国の領土を最大にした君主は？","アウラングゼーブ","","イスラーム世界"
"アウラングゼーブが治世の大半を費やして征服を進めた地域は？","デカン高原","","イスラーム世界"
"アウラングゼーブについて説明しなさい","ムガル帝国第6代皇帝。デカン高原の征服を進め、インド南端の一部を除くほぼ全インドを支配して帝国を最大領土にしたが、その政策は諸勢力の反発を招き、帝国の分裂・衰退を早めた。","","イスラーム世界"
"アウラングゼーブの宗教政策がムガル帝国の分裂を招いた理由を説明しなさい","厳格なスンナ派政策をとり、ジズヤを復活させ、ヒンドゥー寺院の破壊やシーア派への弾圧を行ったため、ヒンドゥー教徒やシーア派などの反発を招いた。","","イスラーム世界"
"アウラングゼーブ期に、反乱の増加とジャーギール不足によってムガル帝国の支配が弱体化した経緯を説明しなさい","マラーター王国やシク教徒などの反乱が相次ぎ、さらに領土拡大にともなって官僚の数が増加すると、給与として与えるジャーギールが不足して官僚の反発が強まり、各地の領主もムガル帝国から自立していったため。","","イスラーム世界"
"デカン高原にマラーター王国を建て、ムガル帝国に抵抗した人物は？","シヴァージー","","イスラーム世界"
"シヴァージーがデカン高原に建てた国は？","マラーター王国","","イスラーム世界"
"アウラングゼーブ期にパンジャーブ地方でたびたび反乱を起こした宗教勢力は？","シク教徒","","イスラーム世界"
"アウラングゼーブ期にムガル帝国へ強く抵抗した主な勢力を2つ答えなさい","マラーター王国・シク教徒","","イスラーム世界"
"アウラングゼーブの死後、デカン高原で自立してニザーム王国（ハイデラバード王国）を建てた人物は？","アーサフ＝ジャー","","イスラーム世界"
"アウラングゼーブの死後、アーサフ＝ジャーがデカン高原で建てた王国は？","ニザーム王国（ハイデラバード王国）","","イスラーム世界"
"ムガル帝国の弱体化に乗じて、ガンジス川中流域で事実上独立した王国は？","アワド王国（アウド王国）","","イスラーム世界"
"アウラングゼーブの死後、ムガル帝国の弱体化に乗じてパンジャーブ地方で自立した国家は？","シク王国（シク教王国）","","イスラーム世界"
"18世紀、ナーディル＝シャーのもとでインドへ侵入し、デリーを略奪したイランの王朝は？","アフシャール朝","","イスラーム世界"
"ムガル帝国衰退後、南インドで勢力を拡大したヒンドゥー系の王国は？","マイソール王国","","イスラーム世界"
"ムガル帝国衰退後、インドがヨーロッパ勢力の進出に対抗しにくくなった理由を説明しなさい","ムガル帝国の支配がデリー周辺に縮小し、マラーター同盟・マイソール王国・シク王国など各地の勢力に分裂して、インド全体をまとめて抵抗できなくなったため。","","イスラーム世界"
"ヒンドゥー教徒の諸侯が、北インドの大半に勢力を広げるなかで結成した連合は？","マラーター同盟","","イスラーム世界"
"イスラーム文化とヒンドゥー文化が融合して、インドで形成された独自の文化を何というか？","インド＝イスラーム文化","","イスラーム世界"
"イランの細密画（ミニアチュール）とインド絵画が融合して発達した宮廷絵画を何というか？","ムガル絵画","","イスラーム世界"
"ヒンドゥー教で、クリシュナやラーマなどを神の化身として崇拝する信仰を何というか？","ヴィシュヌ信仰","","イスラーム世界"
"宮廷絵画の影響を受け、ヒンドゥー教徒がヴィシュヌ信仰など庶民的・宗教的な題材を描いて発達させた絵画を何というか？","ラージプート絵画","","イスラーム世界"
"北インドの言語にアラビア語・ペルシア語の語彙が取り入れられて成立し、現在のパキスタンの国語となっている言語は？","ウルドゥー語","","イスラーム世界"
"ムガル帝国で、宮廷・行政の公用語として用いられた言語は？","ペルシア語","","イスラーム世界"
"ムガル帝国の初代皇帝が、自らの生涯や征服活動について記した回顧録は？","バーブル＝ナーマ","","イスラーム世界"
"『バーブル＝ナーマ』は何語で書かれたか？","トルコ語（チャガタイ語）","","イスラーム世界"
"アクバルの統治を記録した『アクバル＝ナーマ』を著した廷臣は？","アブル＝ファズル","","イスラーム世界"
"『アクバル＝ナーマ』は何語で書かれたか？","ペルシア語","","イスラーム世界"
"ムガル帝国第3代皇帝の統治を記録し、廷臣アブル＝ファズルが著した歴史書は？","アクバル＝ナーマ","","イスラーム世界"
"17世紀ごろ、ヨーロッパとのインド交易で重要だった代表的商品を4つ答えなさい","香辛料・モスリン・キャラコ・サラサ","","イスラーム世界"
"ムガル帝国の1～6代目君主を全て答えなさい","①バーブル、②フマーユーン、③アクバル、④ジャハーンギール、⑤シャー＝ジャハーン、⑥アウラングゼーブ","","イスラーム世界"
"ムハンマドの言行や慣行を後世のイスラーム教徒が伝承・記録したものを何というか？","ハディース","","イスラーム世界"
"9〜10世紀、年代記形式の世界史『預言者たちと諸王の歴史』を編纂したイスラーム世界の歴史家は？","タバリー","","イスラーム世界"
"タバリーについて説明しなさい","9〜10世紀に活躍したイスラーム世界の歴史家で、年代記形式の世界史『預言者たちと諸王の歴史』を編纂した人物。","","イスラーム世界"
"『世界史序説』を著し、都市民と遊牧民の関係などから王朝興亡の法則性を論じた14世紀のイスラーム世界の歴史家は？","イブン＝ハルドゥーン","","イスラーム世界"
"イブン＝ハルドゥーンについて説明しなさい","14世紀のイスラーム世界を代表する歴史家で、『世界史序説』を著し、都市民と遊牧民の関係を中心に王朝興亡の歴史に法則性があると論じた。","","イスラーム世界"
"イブン＝ハルドゥーンが著し、王朝興亡の歴史に法則性があることを論じた著作は？","世界史序説","","イスラーム世界"
"『世界史序説』について説明しなさい","イブン＝ハルドゥーンが著した歴史書で、都市民と遊牧民の関係などから王朝の興亡を分析し、歴史には一定の法則性があると論じた。","","イスラーム世界"
"セルジューク朝期にニザーミーヤ学院で教え、スンナ派神学を体系化するとともにスーフィズムをイスラーム神学に取り入れた学者は？","ガザーリー","","イスラーム世界"
"ガザーリーについて説明しなさい","セルジューク朝期にニザーミーヤ学院の教授を務め、スンナ派神学を体系化し、スーフィズムを正統的なイスラーム信仰と結びつけた神学者。","","イスラーム世界"
"『大旅行記（三大陸周遊記）』で知られ、北アフリカ・西アジア・インド・中国方面など各地を旅行した14世紀のイスラーム世界の旅行家は？","イブン＝バットゥータ","","イスラーム世界"
"イブン＝バットゥータについて説明しなさい","14世紀のモロッコ出身の旅行家・ウラマー。イスラーム世界を中心にアフリカ・インド・中国方面など広い地域を旅行し、その体験は『大旅行記（三大陸周遊記）』としてまとめられた。","","イスラーム世界"
"イブン＝バットゥータの各地での旅行体験をまとめた旅行記は？","大旅行記（三大陸周遊記）","","イスラーム世界"
"『大旅行記（三大陸周遊記）』について説明しなさい","14世紀の旅行家イブン＝バットゥータの広範な旅行体験をまとめた旅行記で、当時のイスラーム世界をはじめアフリカ・インド・中国方面の社会や文化を伝える重要な記録。","","イスラーム世界"
"サーマーン朝で活躍し、『医学典範』を著すとともにアリストテレス哲学の研究でも知られる学者は？","イブン＝シーナー（アヴィケンナ）","","イスラーム世界"
"イブン＝シーナー（アヴィケンナ）について説明しなさい","サーマーン朝で活躍した哲学者・医学者。ギリシア・アラビア医学を集大成した『医学典範』を著し、アリストテレス哲学の研究でも大きな功績を残した。","","イスラーム世界"
"イブン＝シーナーがギリシア・アラビア医学を集大成して著した医学書は？","医学典範","","イスラーム世界"
"『医学典範』について説明しなさい","イブン＝シーナーがギリシア・アラビア医学を集大成した医学書。のちにラテン語に翻訳され、中世ヨーロッパでも医学の重要な教科書として広く用いられた。","","イスラーム世界"
"ムワッヒド朝の時代に活躍し、アリストテレス哲学の注釈で知られ、その研究が西欧のスコラ学にも大きな影響を与えた哲学者は？","イブン＝ルシュド（アヴェロエス）","","イスラーム世界"
"イスラーム哲学者によるアリストテレス研究などの影響を受け、中世ヨーロッパで発展したキリスト教神学・哲学を何というか？","スコラ学","","イスラーム世界"
"インド数字をもとにイスラーム世界で発達し、のちにヨーロッパへ伝わった数字を何というか？","アラビア数字","","イスラーム世界"
"イスラーム世界の数学発展に大きく貢献した、インドから伝えられた重要な数学的概念は？","ゼロの概念","","イスラーム世界"
"9世紀のイスラーム世界で代数学を体系化し、「アルゴリズム」の語源にもなった数学者は？","フワーリズミー","","イスラーム世界"
"フワーリズミーについて説明しなさい","9世紀のイスラーム世界で活躍した数学者・天文学者。インド数字を用いた計算法を紹介し、代数学を体系化した。「アルゴリズム」の語源となった人物としても知られる。","","イスラーム世界"
"ペルシア文学を代表する民族叙事詩『シャー＝ナーメ（王の書）』を著したイラン人詩人は？","フィルドゥシー","","イスラーム世界"
"フィルドゥシーが著し、古代イランの歴史や伝説を描いた大民族叙事詩は？","シャー＝ナーメ（王の書）","","イスラーム世界"
"『シャー＝ナーメ（王の書）』について説明しなさい","フィルドゥシーが著したペルシア文学を代表する大民族叙事詩で、古代イランの神話・伝説からササン朝滅亡までを描いた作品。","","イスラーム世界"
"セルジューク朝期に活躍し、『ルバイヤート』で刹那的な人生観を詠んだイラン人詩人は？","ウマル＝ハイヤーム","","イスラーム世界"
"ウマル＝ハイヤームが著した四行詩集は？","ルバイヤート","","イスラーム世界"
"放浪詩人サーディーが著した、ペルシア文学を代表する作品は？","ばら園","","イスラーム世界"
"ペルシア語の説話集などをもとに発展し、各地の物語を取り込みながら形成された説話集は？","千夜一夜物語（アラビアン＝ナイト）","","イスラーム世界"
"『千夜一夜物語（アラビアン＝ナイト）』について説明しなさい","ペルシア系の説話などをもとにアラビア語で発展し、インド・イラン・アラブなど各地の物語を取り込んで形成された説話集。ハールーン＝アッラシードが登場する物語でも知られる。","","イスラーム世界"
"『千夜一夜物語』にも登場し、アッバース朝の最盛期を代表するカリフは？","ハールーン＝アッラシード","","イスラーム世界"
"ウマイヤ朝の時代、イェルサレムでムハンマドが昇天したとされる聖なる岩を覆うために建てられた建築物は？","岩のドーム","","イスラーム世界"
"アルハンブラ宮殿について説明しなさい","イベリア半島のナスル朝がグラナダに建てた宮殿で、「赤い城」として知られ、華麗なアラベスク装飾をもつイスラーム建築の傑作。","","イスラーム世界"
"16世紀以降のオスマン帝国・サファヴィー朝・ムガル帝国について、それぞれを代表する建築物と、それを建てた君主を答えなさい","スレイマン＝モスク：スレイマン1世、イマームのモスク（王のモスク）：アッバース1世、タージ＝マハル：シャー＝ジャハーン","","イスラーム世界"
"モスク内部で、メッカの方角を示す壁のくぼみを何というか？","ミフラーブ","","イスラーム世界"
"イスラーム美術で、植物の茎や葉などをモチーフに反復的な幾何学模様として発達した装飾を何というか？","アラベスク","","イスラーム世界"
"モスクの周囲に建てられ、礼拝への呼びかけなどに用いられる塔を何というか？","ミナレット","","イスラーム世界"
"奴隷王朝の建国者アイバクが、デリー近郊に建設を始めた巨大な塔は？","クトゥブ＝ミナール","","イスラーム世界"
"クトゥブ＝ミナールの建設を始めた、奴隷王朝の建国者は？","アイバク","","イスラーム世界"
