dataset_label,item_id,importance_rank,difficulty_label,domain,unit,item,reading,aliases,item_type,grammar_info,card_id,card_type,focus,question,answer,accepted_answers,explanation,example_text,example_reading,example_translation,confusable_with,distinction,memory_aid,source_name,source_url,reading_map
古文単語_単語Deck3_難関大・東大向け_300,CJ-000601,601,単語Deck3_難関大・東大向け,語彙,重要形容詞,かたし,かたし,なし,形容詞,品詞=形容詞,CJ-000601-C01,meaning,重要語義1,かたし,難しい,難しい｜困難だ,実現・理解などが容易でない。,なし,なし,なし,なし,なし,なし,標準古語辞典・検定済み教科書（複数資料照合）,なし,なし
古文単語_単語Deck3_難関大・東大向け_300,CJ-000601,601,単語Deck3_難関大・東大向け,語彙,重要形容詞,かたし,かたし,なし,形容詞,品詞=形容詞,CJ-000601-C02,meaning,重要語義2,かたし,めったにない,めったにない｜珍しい,起こることが少なく、得がたい。,なし,なし,なし,なし,なし,なし,標準古語辞典・検定済み教科書（複数資料照合）,なし,なし
古文単語_単語Deck3_難関大・東大向け_300,CJ-000602,602,単語Deck3_難関大・東大向け,語彙,重要形容詞,つつまし,つつまし,なし,形容詞,品詞=形容詞,CJ-000602-C01,meaning,重要語義1,つつまし,遠慮される,遠慮される｜気が引ける｜人目が気になる,人の目や立場を意識して、控えめになる。,なし,なし,なし,なし,なし,なし,標準古語辞典・検定済み教科書（複数資料照合）,なし,なし
古文単語_単語Deck3_難関大・東大向け_300,CJ-000603,603,単語Deck3_難関大・東大向け,語彙,重要形容詞,ものし,ものし,なし,形容詞,品詞=形容詞,CJ-000603-C01,meaning,重要語義1,ものし,不快だ,不快だ｜気に入らない｜いやだ,何となく好ましくなく、気に障る。,なし,なし,なし,なし,なし,なし,標準古語辞典・検定済み教科書（複数資料照合）,なし,なし
古文単語_単語Deck3_難関大・東大向け_300,CJ-000603,603,単語Deck3_難関大・東大向け,語彙,重要形容詞,ものし,ものし,なし,形容詞,品詞=形容詞,CJ-000603-C02,meaning,重要語義2,ものし,扱いにくい,扱いにくい｜難しい,物事が容易でなく、厄介である。,なし,なし,なし,なし,なし,なし,標準古語辞典・検定済み教科書（複数資料照合）,なし,なし
古文単語_単語Deck3_難関大・東大向け_300,CJ-000604,604,単語Deck3_難関大・東大向け,語彙,重要形容詞,いかめし,いかめし,なし,形容詞,品詞=形容詞,CJ-000604-C01,meaning,重要語義1,いかめし,威厳がある,威厳がある｜おごそかだ｜立派だ,堂々としていて、人を圧するような様子。,なし,なし,なし,なし,なし,なし,標準古語辞典・検定済み教科書（複数資料照合）,なし,威厳=いげん
古文単語_単語Deck3_難関大・東大向け_300,CJ-000604,604,単語Deck3_難関大・東大向け,語彙,重要形容詞,いかめし,いかめし,なし,形容詞,品詞=形容詞,CJ-000604-C02,meaning,重要語義2,いかめし,厳しい,厳しい｜激しい,態度や程度が厳格・強烈である。,なし,なし,なし,なし,なし,なし,標準古語辞典・検定済み教科書（複数資料照合）,なし,なし
古文単語_単語Deck3_難関大・東大向け_300,CJ-000605,605,単語Deck3_難関大・東大向け,語彙,重要形容詞,あやなし,あやなし,なし,形容詞,品詞=形容詞,CJ-000605-C01,meaning,重要語義1,あやなし,わけが分からない,わけが分からない｜筋が通らない,理由や筋道が明らかでない。,なし,なし,なし,なし,なし,なし,標準古語辞典・検定済み教科書（複数資料照合）,なし,なし
古文単語_単語Deck3_難関大・東大向け_300,CJ-000605,605,単語Deck3_難関大・東大向け,語彙,重要形容詞,あやなし,あやなし,なし,形容詞,品詞=形容詞,CJ-000605-C02,meaning,重要語義2,あやなし,つまらない,つまらない｜意味がない,内容や価値が乏しい。,なし,なし,なし,なし,なし,なし,標準古語辞典・検定済み教科書（複数資料照合）,なし,なし
古文単語_単語Deck3_難関大・東大向け_300,CJ-000606,606,単語Deck3_難関大・東大向け,語彙,重要形容詞,うしろやすし,うしろやすし,なし,形容詞,品詞=形容詞,CJ-000606-C01,meaning,重要語義1,うしろやすし,安心だ,安心だ｜心配がない｜頼もしい,後のことを気にせず任せられる。,なし,なし,なし,なし,なし,なし,標準古語辞典・検定済み教科書（複数資料照合）,なし,なし
古文単語_単語Deck3_難関大・東大向け_300,CJ-000607,607,単語Deck3_難関大・東大向け,語彙,重要形容詞,かごとがまし,かごとがまし,なし,形容詞,品詞=形容詞,CJ-000607-C01,meaning,重要語義1,かごとがまし,恨みがましい,恨みがましい｜愚痴っぽい,不満や恨みを訴えるような様子。,なし,なし,なし,なし,なし,なし,標準古語辞典・検定済み教科書（複数資料照合）,なし,なし
古文単語_単語Deck3_難関大・東大向け_300,CJ-000607,607,単語Deck3_難関大・東大向け,語彙,重要形容詞,かごとがまし,かごとがまし,なし,形容詞,品詞=形容詞,CJ-000607-C02,meaning,重要語義2,かごとがまし,言い訳めいている,言い訳めいている｜口実めいている,理由を付けて弁解するような様子。,なし,なし,なし,なし,なし,なし,標準古語辞典・検定済み教科書（複数資料照合）,なし,なし
古文単語_単語Deck3_難関大・東大向け_300,CJ-000608,608,単語Deck3_難関大・東大向け,語彙,重要形容詞,なやまし,なやまし,なし,形容詞,品詞=形容詞,CJ-000608-C01,meaning,重要語義1,なやまし,気分が悪い,気分が悪い｜病気がちだ｜苦しい,身体の具合が悪く、苦しく感じる。,なし,なし,なし,なし,なし,なし,標準古語辞典・検定済み教科書（複数資料照合）,なし,なし
古文単語_単語Deck3_難関大・東大向け_300,CJ-000608,608,単語Deck3_難関大・東大向け,語彙,重要形容詞,なやまし,なやまし,なし,形容詞,品詞=形容詞,CJ-000608-C02,meaning,重要語義2,なやまし,悩ましい,悩ましい｜心苦しい,心が乱れ、苦しむ。,なし,なし,なし,なし,なし,なし,標準古語辞典・検定済み教科書（複数資料照合）,なし,なし
古文単語_単語Deck3_難関大・東大向け_300,CJ-000609,609,単語Deck3_難関大・東大向け,語彙,重要形容詞,まめまめし,まめまめし,なし,形容詞,品詞=形容詞,CJ-000609-C01,meaning,重要語義1,まめまめし,誠実だ,誠実だ｜まじめだ,浮つかず、真剣である。,なし,なし,なし,なし,なし,なし,標準古語辞典・検定済み教科書（複数資料照合）,なし,なし
古文単語_単語Deck3_難関大・東大向け_300,CJ-000609,609,単語Deck3_難関大・東大向け,語彙,重要形容詞,まめまめし,まめまめし,なし,形容詞,品詞=形容詞,CJ-000609-C02,meaning,重要語義2,まめまめし,実用的だ,実用的だ｜実務的だ,風流よりも日常の役に立つことを重んじる。,なし,なし,なし,なし,なし,なし,標準古語辞典・検定済み教科書（複数資料照合）,なし,なし
古文単語_単語Deck3_難関大・東大向け_300,CJ-000610,610,単語Deck3_難関大・東大向け,語彙,重要形容詞,をこがまし,おこがまし,おこがまし,形容詞,品詞=形容詞,CJ-000610-C01,meaning,重要語義1,をこがまし,ばかげている,ばかげている｜愚かだ,考えや行動が愚かである。,なし,なし,なし,なし,なし,なし,標準古語辞典・検定済み教科書（複数資料照合）,なし,なし
古文単語_単語Deck3_難関大・東大向け_300,CJ-000610,610,単語Deck3_難関大・東大向け,語彙,重要形容詞,をこがまし,おこがまし,おこがまし,形容詞,品詞=形容詞,CJ-000610-C02,meaning,重要語義2,をこがまし,差し出がましい,差し出がましい｜生意気だ,身の程を越えて、出しゃばっている。,なし,なし,なし,なし,なし,なし,標準古語辞典・検定済み教科書（複数資料照合）,なし,なし
古文単語_単語Deck3_難関大・東大向け_300,CJ-000611,611,単語Deck3_難関大・東大向け,語彙,重要形容詞,あつし,あつし,篤し,形容詞,品詞=形容詞,CJ-000611-C01,meaning,重要語義1,あつし,病気が重い,病気が重い｜重病だ｜重態だ,病状が深刻であることを表す。,なし,なし,なし,現代語の「暑い・熱い」,古文単語としては「病気が重い」が重要。,なし,標準古語辞典・検定済み教科書（複数資料照合）,なし,なし
古文単語_単語Deck3_難関大・東大向け_300,CJ-000612,612,単語Deck3_難関大・東大向け,語彙,重要形容詞,いとはし,いとわし,なし,形容詞,品詞=形容詞,CJ-000612-C01,meaning,重要語義1,いとはし,嫌だ,嫌だ｜いとわしい｜不快だ,関わりたくないほど好ましくない。,なし,なし,なし,なし,なし,なし,標準古語辞典・検定済み教科書（複数資料照合）,なし,なし
古文単語_単語Deck3_難関大・東大向け_300,CJ-000613,613,単語Deck3_難関大・東大向け,語彙,重要形容詞,かぎりなし,かぎりなし,なし,形容詞,品詞=形容詞,CJ-000613-C01,meaning,重要語義1,かぎりなし,この上ない,この上ない｜限りがない｜非常だ,程度に限界がなく、最高である。,なし,なし,なし,なし,なし,なし,標準古語辞典・検定済み教科書（複数資料照合）,なし,なし
古文単語_単語Deck3_難関大・東大向け_300,CJ-000614,614,単語Deck3_難関大・東大向け,語彙,重要形容詞,きよし,きよし,なし,形容詞,品詞=形容詞,CJ-000614-C01,meaning,重要語義1,きよし,清らかだ,清らかだ｜汚れがない,心身や場所が清潔で、汚れがない。,なし,なし,なし,なし,なし,なし,標準古語辞典・検定済み教科書（複数資料照合）,なし,なし
古文単語_単語Deck3_難関大・東大向け_300,CJ-000614,614,単語Deck3_難関大・東大向け,語彙,重要形容詞,きよし,きよし,なし,形容詞,品詞=形容詞,CJ-000614-C02,meaning,重要語義2,きよし,美しい,美しい｜立派だ,見た目が清らかで、整っている。,なし,なし,なし,なし,なし,なし,標準古語辞典・検定済み教科書（複数資料照合）,なし,なし
古文単語_単語Deck3_難関大・東大向け_300,CJ-000615,615,単語Deck3_難関大・東大向け,語彙,重要形容詞,けだかし,けだかし,なし,形容詞,品詞=形容詞,CJ-000615-C01,meaning,重要語義1,けだかし,高貴だ,高貴だ｜品格がある｜上品だ,身分や雰囲気が高く、気品がある。,なし,なし,なし,なし,なし,なし,標準古語辞典・検定済み教科書（複数資料照合）,なし,なし
古文単語_単語Deck3_難関大・東大向け_300,CJ-000616,616,単語Deck3_難関大・東大向け,語彙,重要形容詞,こころうし,こころうし,なし,形容詞,品詞=形容詞,CJ-000616-C01,meaning,重要語義1,こころうし,つらい,つらい｜情けない｜不愉快だ,心に苦しく、不快に感じる。,なし,なし,なし,なし,なし,なし,標準古語辞典・検定済み教科書（複数資料照合）,なし,なし
古文単語_単語Deck3_難関大・東大向け_300,CJ-000617,617,単語Deck3_難関大・東大向け,語彙,重要形容詞,なさけなし,なさけなし,なし,形容詞,品詞=形容詞,CJ-000617-C01,meaning,重要語義1,なさけなし,思いやりがない,思いやりがない｜薄情だ,相手への同情や愛情がない。,なし,なし,なし,なし,なし,なし,標準古語辞典・検定済み教科書（複数資料照合）,なし,なし
古文単語_単語Deck3_難関大・東大向け_300,CJ-000617,617,単語Deck3_難関大・東大向け,語彙,重要形容詞,なさけなし,なさけなし,なし,形容詞,品詞=形容詞,CJ-000617-C02,meaning,重要語義2,なさけなし,風情がない,風情がない｜趣を解さない,情趣や美しさを理解しない。,なし,なし,なし,なし,なし,なし,標準古語辞典・検定済み教科書（複数資料照合）,なし,なし
古文単語_単語Deck3_難関大・東大向け_300,CJ-000618,618,単語Deck3_難関大・東大向け,語彙,重要形容詞,はえばえし,はえばえし,なし,形容詞,品詞=形容詞,CJ-000618-C01,meaning,重要語義1,はえばえし,華やかだ,華やかだ｜見栄えがする｜晴れやかだ,人目を引くほど明るく立派である。,なし,なし,なし,なし,なし,なし,標準古語辞典・検定済み教科書（複数資料照合）,なし,なし
古文単語_単語Deck3_難関大・東大向け_300,CJ-000619,619,単語Deck3_難関大・東大向け,語彙,重要形容動詞,あえかなり,あえかなり,なし,形容動詞,品詞=形容動詞,CJ-000619-C01,meaning,重要語義1,あえかなり,弱々しい,弱々しい｜かよわい｜はかなげだ,姿や声などが繊細で、頼りない。,なし,なし,なし,なし,なし,なし,標準古語辞典・検定済み教科書（複数資料照合）,なし,なし
古文単語_単語Deck3_難関大・東大向け_300,CJ-000620,620,単語Deck3_難関大・東大向け,語彙,重要形容動詞,かたほなり,かたほなり,なし,形容動詞,品詞=形容動詞,CJ-000620-C01,meaning,重要語義1,かたほなり,不完全だ,不完全だ｜未熟だ｜欠点がある,必要な部分がそろわず、十分でない。,なし,なし,なし,なし,なし,なし,標準古語辞典・検定済み教科書（複数資料照合）,なし,なし
古文単語_単語Deck3_難関大・東大向け_300,CJ-000621,621,単語Deck3_難関大・東大向け,語彙,重要形容動詞,せちなり,せちなり,なし,形容動詞,品詞=形容動詞,CJ-000621-C01,meaning,重要語義1,せちなり,切実だ,切実だ｜ひたむきだ｜熱心だ,思いや願いが非常に強く、真剣である。,なし,なし,なし,なし,なし,なし,標準古語辞典・検定済み教科書（複数資料照合）,なし,なし
古文単語_単語Deck3_難関大・東大向け_300,CJ-000621,621,単語Deck3_難関大・東大向け,語彙,重要形容動詞,せちなり,せちなり,なし,形容動詞,品詞=形容動詞,CJ-000621-C02,meaning,重要語義2,せちなり,差し迫っている,差し迫っている｜急だ,事情が迫り、余裕がない。,なし,なし,なし,なし,なし,なし,標準古語辞典・検定済み教科書（複数資料照合）,なし,なし
古文単語_単語Deck3_難関大・東大向け_300,CJ-000622,622,単語Deck3_難関大・東大向け,語彙,重要形容動詞,なめげなり,なめげなり,なし,形容動詞,品詞=形容動詞,CJ-000622-C01,meaning,重要語義1,なめげなり,無礼だ,無礼だ｜失礼だ｜なれなれしい,相手を軽んじ、礼儀に欠けている。,なし,なし,なし,なし,なし,なし,標準古語辞典・検定済み教科書（複数資料照合）,なし,なし
古文単語_単語Deck3_難関大・東大向け_300,CJ-000623,623,単語Deck3_難関大・東大向け,語彙,重要形容動詞,はつかなり,はつかなり,なし,形容動詞,品詞=形容動詞,CJ-000623-C01,meaning,重要語義1,はつかなり,わずかだ,わずかだ｜ほんの少しだ,程度や量がごく少ない。,なし,なし,なし,なし,なし,なし,標準古語辞典・検定済み教科書（複数資料照合）,なし,なし
古文単語_単語Deck3_難関大・東大向け_300,CJ-000623,623,単語Deck3_難関大・東大向け,語彙,重要形容動詞,はつかなり,はつかなり,なし,形容動詞,品詞=形容動詞,CJ-000623-C02,meaning,重要語義2,はつかなり,かすかだ,かすかだ｜ほのかだ,はっきりせず、わずかに感じられる。,なし,なし,なし,なし,なし,なし,標準古語辞典・検定済み教科書（複数資料照合）,なし,なし
古文単語_単語Deck3_難関大・東大向け_300,CJ-000624,624,単語Deck3_難関大・東大向け,語彙,重要動詞,あり,あり,なし,動詞,品詞=動詞,CJ-000624-C01,meaning,重要語義1,あり,存在する,存在する｜いる｜ある,人や物がその場所・状態に存在する。,なし,なし,なし,なし,なし,なし,標準古語辞典・検定済み教科書（複数資料照合）,なし,なし
古文単語_単語Deck3_難関大・東大向け_300,CJ-000624,624,単語Deck3_難関大・東大向け,語彙,重要動詞,あり,あり,なし,動詞,品詞=動詞,CJ-000624-C02,meaning,重要語義2,あり,生きている,生きている｜存命である,命を保っている。,なし,なし,なし,なし,なし,なし,標準古語辞典・検定済み教科書（複数資料照合）,なし,なし
古文単語_単語Deck3_難関大・東大向け_300,CJ-000624,624,単語Deck3_難関大・東大向け,語彙,重要動詞,あり,あり,なし,動詞,品詞=動詞,CJ-000624-C03,meaning,重要語義3,あり,暮らす,暮らす｜過ごす,ある状態で生活する。,なし,なし,なし,なし,なし,なし,標準古語辞典・検定済み教科書（複数資料照合）,なし,なし
古文単語_単語Deck3_難関大・東大向け_300,CJ-000625,625,単語Deck3_難関大・東大向け,語彙,重要動詞,おもひやる,おもいやる,おもいやる｜思ひ遣る,動詞,品詞=動詞,CJ-000625-C01,meaning,重要語義1,おもひやる,想像する,想像する｜思いを巡らす,離れた場所や人の状態を心に思い描く。,なし,なし,なし,なし,なし,なし,標準古語辞典・検定済み教科書（複数資料照合）,なし,なし
古文単語_単語Deck3_難関大・東大向け_300,CJ-000625,625,単語Deck3_難関大・東大向け,語彙,重要動詞,おもひやる,おもいやる,おもいやる｜思ひ遣る,動詞,品詞=動詞,CJ-000625-C02,meaning,重要語義2,おもひやる,気遣う,気遣う｜思いやる,相手の立場や気持ちを考える。,なし,なし,なし,なし,なし,なし,標準古語辞典・検定済み教科書（複数資料照合）,なし,なし
古文単語_単語Deck3_難関大・東大向け_300,CJ-000626,626,単語Deck3_難関大・東大向け,語彙,重要動詞,かまふ,かまう,かまう｜構ふ,動詞,品詞=動詞,CJ-000626-C01,meaning,重要語義1,かまふ,準備する,準備する｜設ける｜作る,必要な物や場所を整える。,なし,なし,なし,なし,なし,なし,標準古語辞典・検定済み教科書（複数資料照合）,なし,なし
古文単語_単語Deck3_難関大・東大向け_300,CJ-000626,626,単語Deck3_難関大・東大向け,語彙,重要動詞,かまふ,かまう,かまう｜構ふ,動詞,品詞=動詞,CJ-000626-C02,meaning,重要語義2,かまふ,気にかける,気にかける｜世話をする,相手や物事に注意を向ける。,なし,なし,なし,なし,なし,なし,標準古語辞典・検定済み教科書（複数資料照合）,なし,なし
古文単語_単語Deck3_難関大・東大向け_300,CJ-000626,626,単語Deck3_難関大・東大向け,語彙,重要動詞,かまふ,かまう,かまう｜構ふ,動詞,品詞=動詞,CJ-000626-C03,meaning,重要語義3,かまふ,関係する,関係する｜かかわる,物事に関与する。,なし,なし,なし,なし,なし,なし,標準古語辞典・検定済み教科書（複数資料照合）,なし,なし
古文単語_単語Deck3_難関大・東大向け_300,CJ-000627,627,単語Deck3_難関大・東大向け,語彙,重要動詞,こころゆく,こころゆく,なし,動詞,品詞=動詞,CJ-000627-C01,meaning,重要語義1,こころゆく,満足する,満足する｜気が晴れる｜納得する,心に十分かなって、満たされる。,なし,なし,なし,なし,なし,なし,標準古語辞典・検定済み教科書（複数資料照合）,なし,なし
古文単語_単語Deck3_難関大・東大向け_300,CJ-000628,628,単語Deck3_難関大・東大向け,語彙,重要動詞,ことわる,ことわる,なし,動詞,品詞=動詞,CJ-000628-C01,meaning,重要語義1,ことわる,説明する,説明する｜理由を述べる,事情や道理を明らかに述べる。,なし,なし,なし,なし,なし,なし,標準古語辞典・検定済み教科書（複数資料照合）,なし,なし
古文単語_単語Deck3_難関大・東大向け_300,CJ-000628,628,単語Deck3_難関大・東大向け,語彙,重要動詞,ことわる,ことわる,なし,動詞,品詞=動詞,CJ-000628-C02,meaning,重要語義2,ことわる,判断する,判断する｜道理をわきまえる,物事の筋道を考えて決める。,なし,なし,なし,なし,なし,なし,標準古語辞典・検定済み教科書（複数資料照合）,なし,なし
古文単語_単語Deck3_難関大・東大向け_300,CJ-000629,629,単語Deck3_難関大・東大向け,語彙,重要動詞,ためらふ,ためらう,ためらう,動詞,品詞=動詞,CJ-000629-C01,meaning,重要語義1,ためらふ,心を静める,心を静める｜気持ちを落ち着ける,乱れた心を抑え、落ち着かせる。,なし,なし,なし,なし,なし,なし,標準古語辞典・検定済み教科書（複数資料照合）,なし,なし
古文単語_単語Deck3_難関大・東大向け_300,CJ-000629,629,単語Deck3_難関大・東大向け,語彙,重要動詞,ためらふ,ためらう,ためらう,動詞,品詞=動詞,CJ-000629-C02,meaning,重要語義2,ためらふ,養生する,養生する｜休む｜病気を治す,身体を休め、健康を回復させる。,なし,なし,なし,なし,なし,なし,標準古語辞典・検定済み教科書（複数資料照合）,なし,なし
古文単語_単語Deck3_難関大・東大向け_300,CJ-000630,630,単語Deck3_難関大・東大向け,語彙,重要動詞,ちぎる,ちぎる,契る,動詞,品詞=動詞,CJ-000630-C01,meaning,重要語義1,ちぎる,約束する,約束する｜契りを結ぶ,将来について固く取り決める。,なし,なし,なし,なし,なし,なし,標準古語辞典・検定済み教科書（複数資料照合）,なし,なし
古文単語_単語Deck3_難関大・東大向け_300,CJ-000630,630,単語Deck3_難関大・東大向け,語彙,重要動詞,ちぎる,ちぎる,契る,動詞,品詞=動詞,CJ-000630-C02,meaning,重要語義2,ちぎる,男女が結ばれる,男女が結ばれる｜夫婦の契りを結ぶ,恋愛・夫婦関係を結ぶ。,なし,なし,なし,なし,なし,なし,標準古語辞典・検定済み教科書（複数資料照合）,なし,なし
古文単語_単語Deck3_難関大・東大向け_300,CJ-000631,631,単語Deck3_難関大・東大向け,語彙,重要動詞,ときめかす,ときめかす,なし,動詞,品詞=動詞,CJ-000631-C01,meaning,重要語義1,ときめかす,寵愛する,寵愛する｜特別にかわいがる｜引き立てる,高貴な人が特別に愛し、重んじる。,なし,なし,なし,なし,なし,なし,標準古語辞典・検定済み教科書（複数資料照合）,なし,寵愛=ちょうあい
古文単語_単語Deck3_難関大・東大向け_300,CJ-000632,632,単語Deck3_難関大・東大向け,語彙,重要動詞,はしたなむ,はしたなむ,なし,動詞,品詞=動詞,CJ-000632-C01,meaning,重要語義1,はしたなむ,冷たく扱う,冷たく扱う｜困らせる,相手を無愛想・不親切に扱う。,なし,なし,なし,なし,なし,なし,標準古語辞典・検定済み教科書（複数資料照合）,なし,なし
古文単語_単語Deck3_難関大・東大向け_300,CJ-000632,632,単語Deck3_難関大・東大向け,語彙,重要動詞,はしたなむ,はしたなむ,なし,動詞,品詞=動詞,CJ-000632-C02,meaning,重要語義2,はしたなむ,きまり悪い思いをさせる,きまり悪い思いをさせる｜恥をかかせる,相手をその場に居づらくさせる。,なし,なし,なし,なし,なし,なし,標準古語辞典・検定済み教科書（複数資料照合）,なし,なし
古文単語_単語Deck3_難関大・東大向け_300,CJ-000633,633,単語Deck3_難関大・東大向け,語彙,重要動詞,みまかる,みまかる,身罷る,動詞,品詞=動詞,CJ-000633-C01,meaning,重要語義1,みまかる,死ぬ,死ぬ｜亡くなる,人がこの世から退出する意で、死亡を婉曲に表す。,なし,なし,なし,なし,なし,なし,標準古語辞典・検定済み教科書（複数資料照合）,なし,なし
古文単語_単語Deck3_難関大・東大向け_300,CJ-000634,634,単語Deck3_難関大・東大向け,語彙,重要動詞,あざむく,あざむく,欺く,動詞,品詞=動詞,CJ-000634-C01,meaning,重要語義1,あざむく,だます,だます｜欺く,相手に事実でないことを信じさせる。,なし,なし,なし,なし,なし,なし,標準古語辞典・検定済み教科書（複数資料照合）,なし,なし
古文単語_単語Deck3_難関大・東大向け_300,CJ-000634,634,単語Deck3_難関大・東大向け,語彙,重要動詞,あざむく,あざむく,欺く,動詞,品詞=動詞,CJ-000634-C02,meaning,重要語義2,あざむく,見間違えるほど似る,見間違えるほど似る｜負けないほど立派だ,本物と区別しにくいほど似たり、匹敵したりする。,なし,なし,なし,なし,なし,なし,標準古語辞典・検定済み教科書（複数資料照合）,なし,なし
古文単語_単語Deck3_難関大・東大向け_300,CJ-000635,635,単語Deck3_難関大・東大向け,語彙,重要動詞,いとなむ,いとなむ,営む,動詞,品詞=動詞,CJ-000635-C01,meaning,重要語義1,いとなむ,準備する,準備する｜用意する,必要な物事を整える。,なし,なし,なし,なし,なし,なし,標準古語辞典・検定済み教科書（複数資料照合）,なし,なし
古文単語_単語Deck3_難関大・東大向け_300,CJ-000635,635,単語Deck3_難関大・東大向け,語彙,重要動詞,いとなむ,いとなむ,営む,動詞,品詞=動詞,CJ-000635-C02,meaning,重要語義2,いとなむ,行う,行う｜経営する｜従事する,仕事・生活・儀式などを実行する。,なし,なし,なし,なし,なし,なし,標準古語辞典・検定済み教科書（複数資料照合）,なし,なし
古文単語_単語Deck3_難関大・東大向け_300,CJ-000635,635,単語Deck3_難関大・東大向け,語彙,重要動詞,いとなむ,いとなむ,営む,動詞,品詞=動詞,CJ-000635-C03,meaning,重要語義3,いとなむ,仏事を行う,仏事を行う｜供養する,法要や宗教的な行為を行う。,なし,なし,なし,なし,なし,なし,標準古語辞典・検定済み教科書（複数資料照合）,なし,なし
古文単語_単語Deck3_難関大・東大向け_300,CJ-000636,636,単語Deck3_難関大・東大向け,語彙,重要動詞,おぼほる,おぼおる,おぼおる,動詞,品詞=動詞,CJ-000636-C01,meaning,重要語義1,おぼほる,ぼんやりする,ぼんやりする｜思い悩む,考えがまとまらず、心が乱れる。,なし,なし,なし,なし,なし,なし,標準古語辞典・検定済み教科書（複数資料照合）,なし,なし
古文単語_単語Deck3_難関大・東大向け_300,CJ-000636,636,単語Deck3_難関大・東大向け,語彙,重要動詞,おぼほる,おぼおる,おぼおる,動詞,品詞=動詞,CJ-000636-C02,meaning,重要語義2,おぼほる,おぼれる,おぼれる｜水に沈む,水に包まれ、自由を失う。,なし,なし,なし,なし,なし,なし,標準古語辞典・検定済み教科書（複数資料照合）,なし,なし
古文単語_単語Deck3_難関大・東大向け_300,CJ-000637,637,単語Deck3_難関大・東大向け,語彙,重要動詞,おもひなす,おもいなす,おもいなす｜思ひ做す,動詞,品詞=動詞,CJ-000637-C01,meaning,重要語義1,おもひなす,思い込む,思い込む｜そうだと考える,実際の事情にかかわらず、あるように判断する。,なし,なし,なし,なし,なし,なし,標準古語辞典・検定済み教科書（複数資料照合）,なし,なし
古文単語_単語Deck3_難関大・東大向け_300,CJ-000637,637,単語Deck3_難関大・東大向け,語彙,重要動詞,おもひなす,おもいなす,おもいなす｜思ひ做す,動詞,品詞=動詞,CJ-000637-C02,meaning,重要語義2,おもひなす,見立てる,見立てる｜考えなす,あるものを別のものとして解釈する。,なし,なし,なし,なし,なし,なし,標準古語辞典・検定済み教科書（複数資料照合）,なし,なし
古文単語_単語Deck3_難関大・東大向け_300,CJ-000638,638,単語Deck3_難関大・東大向け,語彙,重要動詞,やどる,やどる,なし,動詞,品詞=動詞,CJ-000638-C01,meaning,重要語義1,やどる,泊まる,泊まる｜宿を取る,旅先などで一時的に住む。,なし,なし,なし,なし,なし,なし,標準古語辞典・検定済み教科書（複数資料照合）,なし,なし
古文単語_単語Deck3_難関大・東大向け_300,CJ-000638,638,単語Deck3_難関大・東大向け,語彙,重要動詞,やどる,やどる,なし,動詞,品詞=動詞,CJ-000638-C02,meaning,重要語義2,やどる,住む,住む｜身を置く,ある場所に居所を定める。,なし,なし,なし,なし,なし,なし,標準古語辞典・検定済み教科書（複数資料照合）,なし,なし
古文単語_単語Deck3_難関大・東大向け_300,CJ-000638,638,単語Deck3_難関大・東大向け,語彙,重要動詞,やどる,やどる,なし,動詞,品詞=動詞,CJ-000638-C03,meaning,重要語義3,やどる,映る,映る｜宿る,光や姿が水・鏡などに映る。,なし,なし,なし,なし,なし,なし,標準古語辞典・検定済み教科書（複数資料照合）,なし,なし
古文単語_単語Deck3_難関大・東大向け_300,CJ-000639,639,単語Deck3_難関大・東大向け,語彙,重要名詞,あかつき,あかつき,暁,名詞,品詞=名詞,CJ-000639-C01,meaning,重要語義1,あかつき,夜明け前,夜明け前｜明け方,夜が明け始める前後の早朝を指す。,なし,なし,なし,なし,なし,なし,標準古語辞典・検定済み教科書（複数資料照合）,なし,なし
古文単語_単語Deck3_難関大・東大向け_300,CJ-000640,640,単語Deck3_難関大・東大向け,語彙,重要名詞,うしろみ,うしろみ,後見,名詞,品詞=名詞,CJ-000640-C01,meaning,重要語義1,うしろみ,後見人,後見人｜世話役｜保護者,人を後ろから支え、保護・援助する人を指す。,なし,なし,なし,なし,なし,なし,標準古語辞典・検定済み教科書（複数資料照合）,なし,後見人=こうけんにん
古文単語_単語Deck3_難関大・東大向け_300,CJ-000640,640,単語Deck3_難関大・東大向け,語彙,重要名詞,うしろみ,うしろみ,後見,名詞,品詞=名詞,CJ-000640-C02,meaning,重要語義2,うしろみ,後ろ盾,後ろ盾｜支援,人を支える力や援助を指す。,なし,なし,なし,なし,なし,なし,標準古語辞典・検定済み教科書（複数資料照合）,なし,なし
古文単語_単語Deck3_難関大・東大向け_300,CJ-000641,641,単語Deck3_難関大・東大向け,語彙,重要名詞,うれへ,うれえ,うれえ｜憂へ,名詞,品詞=名詞,CJ-000641-C01,meaning,重要語義1,うれへ,訴え,訴え｜不満の申し立て,苦しみや事情を人に訴えること。,なし,なし,なし,なし,なし,なし,標準古語辞典・検定済み教科書（複数資料照合）,なし,なし
古文単語_単語Deck3_難関大・東大向け_300,CJ-000641,641,単語Deck3_難関大・東大向け,語彙,重要名詞,うれへ,うれえ,うれえ｜憂へ,名詞,品詞=名詞,CJ-000641-C02,meaning,重要語義2,うれへ,悲しみ,悲しみ｜嘆き｜心配,つらいことを思い悩む気持ち。,なし,なし,なし,なし,なし,なし,標準古語辞典・検定済み教科書（複数資料照合）,なし,なし
古文単語_単語Deck3_難関大・東大向け_300,CJ-000642,642,単語Deck3_難関大・東大向け,語彙,重要名詞,おこたり,おこたり,なし,名詞,品詞=名詞,CJ-000642-C01,meaning,重要語義1,おこたり,病気がよくなること,病気がよくなること｜快復｜病気の休止,病状が軽くなり、回復することを指す。,なし,なし,なし,なし,なし,なし,標準古語辞典・検定済み教科書（複数資料照合）,なし,なし
古文単語_単語Deck3_難関大・東大向け_300,CJ-000642,642,単語Deck3_難関大・東大向け,語彙,重要名詞,おこたり,おこたり,なし,名詞,品詞=名詞,CJ-000642-C02,meaning,重要語義2,おこたり,怠慢,怠慢｜手抜かり｜油断,すべきことを怠ること。,なし,なし,なし,なし,なし,なし,標準古語辞典・検定済み教科書（複数資料照合）,なし,怠慢=たいまん
古文単語_単語Deck3_難関大・東大向け_300,CJ-000643,643,単語Deck3_難関大・東大向け,語彙,重要名詞,おこなひ,おこない,おこない｜行ひ,名詞,品詞=名詞,CJ-000643-C01,meaning,重要語義1,おこなひ,仏道修行,仏道修行｜勤行｜祈祷,読経・念仏などの宗教的な修行を指す。,なし,なし,なし,なし,なし,なし,標準古語辞典・検定済み教科書（複数資料照合）,なし,勤行=ごんぎょう｜祈祷=きとう
古文単語_単語Deck3_難関大・東大向け_300,CJ-000644,644,単語Deck3_難関大・東大向け,語彙,重要名詞,おまへ,おまえ,おまえ｜御前,名詞,品詞=名詞,CJ-000644-C01,meaning,重要語義1,おまへ,貴人の前,貴人の前｜御前,身分の高い人のいる場所・その目前を指す。,なし,なし,なし,なし,なし,なし,標準古語辞典・検定済み教科書（複数資料照合）,なし,なし
古文単語_単語Deck3_難関大・東大向け_300,CJ-000644,644,単語Deck3_難関大・東大向け,語彙,重要名詞,おまへ,おまえ,おまえ｜御前,名詞,品詞=名詞,CJ-000644-C02,meaning,重要語義2,おまへ,貴人,貴人｜高貴な方,「御前」にいる高貴な人そのものを指すことがある。,なし,なし,なし,なし,なし,なし,標準古語辞典・検定済み教科書（複数資料照合）,なし,なし
古文単語_単語Deck3_難関大・東大向け_300,CJ-000645,645,単語Deck3_難関大・東大向け,語彙,重要名詞,かごと,かごと,託言,名詞,品詞=名詞,CJ-000645-C01,meaning,重要語義1,かごと,恨み言,恨み言｜愚痴｜不平,不満や恨みを言葉にして訴えること。,なし,なし,なし,なし,なし,なし,標準古語辞典・検定済み教科書（複数資料照合）,なし,なし
古文単語_単語Deck3_難関大・東大向け_300,CJ-000645,645,単語Deck3_難関大・東大向け,語彙,重要名詞,かごと,かごと,託言,名詞,品詞=名詞,CJ-000645-C02,meaning,重要語義2,かごと,口実,口実｜言い訳,行動の理由として表向きに用いる言葉。,なし,なし,なし,なし,なし,なし,標準古語辞典・検定済み教科書（複数資料照合）,なし,なし
古文単語_単語Deck3_難関大・東大向け_300,CJ-000646,646,単語Deck3_難関大・東大向け,語彙,重要名詞,けはひ,けはい,けはい｜気配,名詞,品詞=名詞,CJ-000646-C01,meaning,重要語義1,けはひ,気配,気配｜様子｜雰囲気,姿が見えなくても感じられる物音・雰囲気などを指す。,なし,なし,なし,なし,なし,なし,標準古語辞典・検定済み教科書（複数資料照合）,なし,なし
古文単語_単語Deck3_難関大・東大向け_300,CJ-000646,646,単語Deck3_難関大・東大向け,語彙,重要名詞,けはひ,けはい,けはい｜気配,名詞,品詞=名詞,CJ-000646-C02,meaning,重要語義2,けはひ,身なり,身なり｜態度｜人柄,外見や振る舞いから受ける印象を指す。,なし,なし,なし,なし,なし,なし,標準古語辞典・検定済み教科書（複数資料照合）,なし,なし
古文単語_単語Deck3_難関大・東大向け_300,CJ-000647,647,単語Deck3_難関大・東大向け,語彙,重要名詞,こころばせ,こころばせ,なし,名詞,品詞=名詞,CJ-000647-C01,meaning,重要語義1,こころばせ,気立て,気立て｜性質｜心遣い,人の内面的な性質や思いやりを指す。,なし,なし,なし,なし,なし,なし,標準古語辞典・検定済み教科書（複数資料照合）,なし,なし
古文単語_単語Deck3_難関大・東大向け_300,CJ-000647,647,単語Deck3_難関大・東大向け,語彙,重要名詞,こころばせ,こころばせ,なし,名詞,品詞=名詞,CJ-000647-C02,meaning,重要語義2,こころばせ,才気,才気｜気の利き方,物事を理解し、適切に配慮する力を指す。,なし,なし,なし,なし,なし,なし,標準古語辞典・検定済み教科書（複数資料照合）,なし,なし
古文単語_単語Deck3_難関大・東大向け_300,CJ-000648,648,単語Deck3_難関大・東大向け,語彙,重要名詞,このかみ,このかみ,なし,名詞,品詞=名詞,CJ-000648-C01,meaning,重要語義1,このかみ,年長者,年長者｜兄・姉｜先輩,年齢・地位・経験が上の人を指す。,なし,なし,なし,なし,なし,なし,標準古語辞典・検定済み教科書（複数資料照合）,なし,なし
古文単語_単語Deck3_難関大・東大向け_300,CJ-000648,648,単語Deck3_難関大・東大向け,語彙,重要名詞,このかみ,このかみ,なし,名詞,品詞=名詞,CJ-000648-C02,meaning,重要語義2,このかみ,長,長｜首長｜上役,集団の中で上に立つ人を指す。,なし,なし,なし,なし,なし,なし,標準古語辞典・検定済み教科書（複数資料照合）,なし,なし
古文単語_単語Deck3_難関大・東大向け_300,CJ-000649,649,単語Deck3_難関大・東大向け,語彙,重要名詞,さと,さと,里,名詞,品詞=名詞,CJ-000649-C01,meaning,重要語義1,さと,村里,村里｜人里｜集落,人家が集まる場所を指す。,なし,なし,なし,なし,なし,なし,標準古語辞典・検定済み教科書（複数資料照合）,なし,なし
古文単語_単語Deck3_難関大・東大向け_300,CJ-000649,649,単語Deck3_難関大・東大向け,語彙,重要名詞,さと,さと,里,名詞,品詞=名詞,CJ-000649-C02,meaning,重要語義2,さと,実家,実家｜親の家｜宮中の外の住居,宮仕えする女性などが帰る親元の家を指す。,なし,なし,なし,なし,なし,なし,標準古語辞典・検定済み教科書（複数資料照合）,なし,なし
古文単語_単語Deck3_難関大・東大向け_300,CJ-000650,650,単語Deck3_難関大・東大向け,語彙,重要名詞,すゑ,すえ,すえ｜末,名詞,品詞=名詞,CJ-000650-C01,meaning,重要語義1,すゑ,終わり,終わり｜末｜行き着く先,物事や時間の最後を指す。,なし,なし,なし,なし,なし,なし,標準古語辞典・検定済み教科書（複数資料照合）,なし,なし
古文単語_単語Deck3_難関大・東大向け_300,CJ-000650,650,単語Deck3_難関大・東大向け,語彙,重要名詞,すゑ,すえ,すえ｜末,名詞,品詞=名詞,CJ-000650-C02,meaning,重要語義2,すゑ,将来,将来｜行く末,これから先の時を指す。,なし,なし,なし,なし,なし,なし,標準古語辞典・検定済み教科書（複数資料照合）,なし,なし
古文単語_単語Deck3_難関大・東大向け_300,CJ-000650,650,単語Deck3_難関大・東大向け,語彙,重要名詞,すゑ,すえ,すえ｜末,名詞,品詞=名詞,CJ-000650-C03,meaning,重要語義3,すゑ,子孫,子孫｜後裔,血筋を受け継ぐ後の世代を指す。,なし,なし,なし,なし,なし,なし,標準古語辞典・検定済み教科書（複数資料照合）,なし,後裔=こうえい
古文単語_単語Deck3_難関大・東大向け_300,CJ-000651,651,単語Deck3_難関大・東大向け,語彙,重要名詞,つぼね,つぼね,局,名詞,品詞=名詞,CJ-000651-C01,meaning,重要語義1,つぼね,宮中の個室,宮中の個室｜女房の部屋,宮中・貴族邸で女性などに割り当てられた部屋を指す。,なし,なし,なし,なし,なし,なし,標準古語辞典・検定済み教科書（複数資料照合）,なし,なし
古文単語_単語Deck3_難関大・東大向け_300,CJ-000651,651,単語Deck3_難関大・東大向け,語彙,重要名詞,つぼね,つぼね,局,名詞,品詞=名詞,CJ-000651-C02,meaning,重要語義2,つぼね,部屋を持つ女房,部屋を持つ女房｜局,その部屋に住む女官を指すことがある。,なし,なし,なし,なし,なし,なし,標準古語辞典・検定済み教科書（複数資料照合）,なし,なし
古文単語_単語Deck3_難関大・東大向け_300,CJ-000652,652,単語Deck3_難関大・東大向け,語彙,重要名詞,つま,つま,妻｜端,名詞,品詞=名詞,CJ-000652-C01,meaning,重要語義1,つま,配偶者,配偶者｜夫または妻,結婚相手を指す。,なし,なし,なし,なし,なし,なし,標準古語辞典・検定済み教科書（複数資料照合）,なし,なし
古文単語_単語Deck3_難関大・東大向け_300,CJ-000652,652,単語Deck3_難関大・東大向け,語彙,重要名詞,つま,つま,妻｜端,名詞,品詞=名詞,CJ-000652-C02,meaning,重要語義2,つま,端,端｜先端｜きっかけ,物の端や、手掛かりとなる一部を指す。,なし,なし,なし,なし,なし,なし,標準古語辞典・検定済み教科書（複数資料照合）,なし,なし
古文単語_単語Deck3_難関大・東大向け_300,CJ-000653,653,単語Deck3_難関大・東大向け,語彙,重要名詞,とうぐう,とうぐう,東宮,名詞,品詞=名詞,CJ-000653-C01,meaning,重要語義1,とうぐう,皇太子,皇太子｜東宮,皇位を継ぐ予定の皇子を指す。,なし,なし,なし,なし,なし,なし,標準古語辞典・検定済み教科書（複数資料照合）,なし,なし
古文単語_単語Deck3_難関大・東大向け_300,CJ-000653,653,単語Deck3_難関大・東大向け,語彙,重要名詞,とうぐう,とうぐう,東宮,名詞,品詞=名詞,CJ-000653-C02,meaning,重要語義2,とうぐう,皇太子の御殿,皇太子の御殿｜東宮御所,皇太子が住む宮殿を指す。,なし,なし,なし,なし,なし,なし,標準古語辞典・検定済み教科書（複数資料照合）,なし,なし
古文単語_単語Deck3_難関大・東大向け_300,CJ-000654,654,単語Deck3_難関大・東大向け,語彙,重要名詞,なやみ,なやみ,なし,名詞,品詞=名詞,CJ-000654-C01,meaning,重要語義1,なやみ,病気,病気｜体の苦しみ,身体の具合が悪いことを指す。,なし,なし,なし,なし,なし,なし,標準古語辞典・検定済み教科書（複数資料照合）,なし,なし
古文単語_単語Deck3_難関大・東大向け_300,CJ-000654,654,単語Deck3_難関大・東大向け,語彙,重要名詞,なやみ,なやみ,なし,名詞,品詞=名詞,CJ-000654-C02,meaning,重要語義2,なやみ,苦悩,苦悩｜心配｜悩み,心に抱える苦しみを指す。,なし,なし,なし,なし,なし,なし,標準古語辞典・検定済み教科書（複数資料照合）,なし,なし
古文単語_単語Deck3_難関大・東大向け_300,CJ-000655,655,単語Deck3_難関大・東大向け,語彙,重要名詞,はなむけ,はなむけ,餞,名詞,品詞=名詞,CJ-000655-C01,meaning,重要語義1,はなむけ,旅立つ人への贈り物,旅立つ人への贈り物｜送別の品・言葉,出発する人の安全を願って贈るものを指す。,なし,なし,なし,なし,なし,なし,標準古語辞典・検定済み教科書（複数資料照合）,なし,餞=はなむけ
古文単語_単語Deck3_難関大・東大向け_300,CJ-000656,656,単語Deck3_難関大・東大向け,語彙,重要名詞,ひごろ,ひごろ,日頃,名詞,品詞=名詞,CJ-000656-C01,meaning,重要語義1,ひごろ,日ごろ,日ごろ｜普段,いつもの日々を指す。,なし,なし,なし,なし,なし,なし,標準古語辞典・検定済み教科書（複数資料照合）,なし,なし
古文単語_単語Deck3_難関大・東大向け_300,CJ-000656,656,単語Deck3_難関大・東大向け,語彙,重要名詞,ひごろ,ひごろ,日頃,名詞,品詞=名詞,CJ-000656-C02,meaning,重要語義2,ひごろ,長い間,長い間｜このところ,ある程度続いている期間を指す。,なし,なし,なし,なし,なし,なし,標準古語辞典・検定済み教科書（複数資料照合）,なし,なし
古文単語_単語Deck3_難関大・東大向け_300,CJ-000657,657,単語Deck3_難関大・東大向け,語彙,重要名詞,ひとま,ひとま,人間,名詞,品詞=名詞,CJ-000657-C01,meaning,重要語義1,ひとま,人のいない間,人のいない間｜人目のない時,周囲に人がいなくなる短い時間を指す。,なし,なし,なし,なし,なし,なし,標準古語辞典・検定済み教科書（複数資料照合）,なし,なし
古文単語_単語Deck3_難関大・東大向け_300,CJ-000658,658,単語Deck3_難関大・東大向け,語彙,重要名詞,まな,まな,真名,名詞,品詞=名詞,CJ-000658-C01,meaning,重要語義1,まな,漢字,漢字｜真名,仮名に対して、漢字を指す。,なし,なし,なし,なし,なし,なし,標準古語辞典・検定済み教科書（複数資料照合）,なし,なし
古文単語_単語Deck3_難関大・東大向け_300,CJ-000658,658,単語Deck3_難関大・東大向け,語彙,重要名詞,まな,まな,真名,名詞,品詞=名詞,CJ-000658-C02,meaning,重要語義2,まな,漢文・漢学,漢文・漢学｜中国の文字・学問,中国由来の文字や学問を指す。,なし,なし,なし,なし,なし,なし,標準古語辞典・検定済み教科書（複数資料照合）,なし,なし
古文単語_単語Deck3_難関大・東大向け_300,CJ-000659,659,単語Deck3_難関大・東大向け,語彙,重要名詞,めんぼく,めんぼく,面目,名詞,品詞=名詞,CJ-000659-C01,meaning,重要語義1,めんぼく,名誉,名誉｜体面｜世間への顔,他人から受ける評価や、自分の誇りを指す。,なし,なし,なし,なし,なし,なし,標準古語辞典・検定済み教科書（複数資料照合）,なし,なし
古文単語_単語Deck3_難関大・東大向け_300,CJ-000660,660,単語Deck3_難関大・東大向け,語彙,重要名詞,わたくし,わたくし,私,名詞,品詞=名詞,CJ-000660-C01,meaning,重要語義1,わたくし,個人的なこと,個人的なこと｜私事｜自分だけのこと,公的でない個人の事情を指す。,なし,なし,なし,なし,なし,なし,標準古語辞典・検定済み教科書（複数資料照合）,なし,なし
古文単語_単語Deck3_難関大・東大向け_300,CJ-000660,660,単語Deck3_難関大・東大向け,語彙,重要名詞,わたくし,わたくし,私,名詞,品詞=名詞,CJ-000660-C02,meaning,重要語義2,わたくし,自分勝手,自分勝手｜私心｜ひいき,公正さを離れ、自分の利益を優先する心を指す。,なし,なし,なし,なし,なし,なし,標準古語辞典・検定済み教科書（複数資料照合）,なし,なし
古文単語_単語Deck3_難関大・東大向け_300,CJ-000661,661,単語Deck3_難関大・東大向け,語彙,重要名詞,いろ,いろ,色,名詞,品詞=名詞,CJ-000661-C01,meaning,重要語義1,いろ,色彩,色彩｜色,物の表面に見える色合いを指す。,なし,なし,なし,なし,なし,なし,標準古語辞典・検定済み教科書（複数資料照合）,なし,なし
古文単語_単語Deck3_難関大・東大向け_300,CJ-000661,661,単語Deck3_難関大・東大向け,語彙,重要名詞,いろ,いろ,色,名詞,品詞=名詞,CJ-000661-C02,meaning,重要語義2,いろ,恋愛,恋愛｜男女の情愛｜好色,男女間の恋情や色事を指す。,なし,なし,なし,なし,なし,なし,標準古語辞典・検定済み教科書（複数資料照合）,なし,なし
古文単語_単語Deck3_難関大・東大向け_300,CJ-000661,661,単語Deck3_難関大・東大向け,語彙,重要名詞,いろ,いろ,色,名詞,品詞=名詞,CJ-000661-C03,meaning,重要語義3,いろ,表情,表情｜顔色｜様子,心の状態が外に現れた様子を指す。,なし,なし,なし,なし,なし,なし,標準古語辞典・検定済み教科書（複数資料照合）,なし,なし
古文単語_単語Deck3_難関大・東大向け_300,CJ-000662,662,単語Deck3_難関大・東大向け,語彙,重要名詞,おと,おと,音,名詞,品詞=名詞,CJ-000662-C01,meaning,重要語義1,おと,音,音｜物音｜声,耳に聞こえる響きを指す。,なし,なし,なし,なし,なし,なし,標準古語辞典・検定済み教科書（複数資料照合）,なし,なし
古文単語_単語Deck3_難関大・東大向け_300,CJ-000662,662,単語Deck3_難関大・東大向け,語彙,重要名詞,おと,おと,音,名詞,品詞=名詞,CJ-000662-C02,meaning,重要語義2,おと,便り,便り｜消息｜評判,人について伝わってくる知らせを指す。,なし,なし,なし,なし,なし,なし,標準古語辞典・検定済み教科書（複数資料照合）,なし,なし
古文単語_単語Deck3_難関大・東大向け_300,CJ-000663,663,単語Deck3_難関大・東大向け,語彙,重要名詞,そら,そら,空,名詞,品詞=名詞,CJ-000663-C01,meaning,重要語義1,そら,空,空｜天空,地上を覆う空間を指す。,なし,なし,なし,なし,なし,なし,標準古語辞典・検定済み教科書（複数資料照合）,なし,なし
古文単語_単語Deck3_難関大・東大向け_300,CJ-000663,663,単語Deck3_難関大・東大向け,語彙,重要名詞,そら,そら,空,名詞,品詞=名詞,CJ-000663-C02,meaning,重要語義2,そら,心が落ち着かない状態,心が落ち着かない状態｜うわの空,意識が目の前のことから離れている状態を指す。,なし,なし,なし,なし,なし,なし,標準古語辞典・検定済み教科書（複数資料照合）,なし,なし
古文単語_単語Deck3_難関大・東大向け_300,CJ-000663,663,単語Deck3_難関大・東大向け,語彙,重要名詞,そら,そら,空,名詞,品詞=名詞,CJ-000663-C03,meaning,重要語義3,そら,偽り,偽り｜うそ,事実でないことを指す。,なし,なし,なし,なし,なし,なし,標準古語辞典・検定済み教科書（複数資料照合）,なし,なし
古文単語_単語Deck3_難関大・東大向け_300,CJ-000664,664,単語Deck3_難関大・東大向け,語彙,重要名詞,いとま,いとま,暇,名詞,品詞=名詞,CJ-000664-C01,meaning,重要語義1,いとま,暇,暇｜空いている時間,用事がなく、自由に使える時間を指す。,なし,なし,なし,なし,なし,なし,標準古語辞典・検定済み教科書（複数資料照合）,なし,なし
古文単語_単語Deck3_難関大・東大向け_300,CJ-000664,664,単語Deck3_難関大・東大向け,語彙,重要名詞,いとま,いとま,暇,名詞,品詞=名詞,CJ-000664-C02,meaning,重要語義2,いとま,別れ,別れ｜退出の許可｜休暇,その場を去ること、または去る許しを指す。,なし,なし,なし,なし,なし,なし,標準古語辞典・検定済み教科書（複数資料照合）,なし,なし
古文単語_単語Deck3_難関大・東大向け_300,CJ-000665,665,単語Deck3_難関大・東大向け,語彙,重要名詞,ほとり,ほとり,辺,名詞,品詞=名詞,CJ-000665-C01,meaning,重要語義1,ほとり,近く,近く｜周辺｜付近,ある場所のそばを指す。,なし,なし,なし,なし,なし,なし,標準古語辞典・検定済み教科書（複数資料照合）,なし,なし
古文単語_単語Deck3_難関大・東大向け_300,CJ-000665,665,単語Deck3_難関大・東大向け,語彙,重要名詞,ほとり,ほとり,辺,名詞,品詞=名詞,CJ-000665-C02,meaning,重要語義2,ほとり,水辺,水辺｜岸,川・池・海などのそばを指す。,なし,なし,なし,なし,なし,なし,標準古語辞典・検定済み教科書（複数資料照合）,なし,なし
古文単語_単語Deck3_難関大・東大向け_300,CJ-000666,666,単語Deck3_難関大・東大向け,語彙,重要名詞,よろづ,よろず,よろず｜万,名詞,品詞=名詞,CJ-000666-C01,meaning,重要語義1,よろづ,すべて,すべて｜あらゆること｜万事,非常に多くのもの全体を指す。,なし,なし,なし,なし,なし,なし,標準古語辞典・検定済み教科書（複数資料照合）,なし,なし
古文単語_単語Deck3_難関大・東大向け_300,CJ-000666,666,単語Deck3_難関大・東大向け,語彙,重要名詞,よろづ,よろず,よろず｜万,名詞,品詞=名詞,CJ-000666-C02,meaning,重要語義2,よろづ,数が非常に多いこと,数が非常に多いこと｜無数,具体的な一万に限らず、多数を表す。,なし,なし,なし,なし,なし,なし,標準古語辞典・検定済み教科書（複数資料照合）,なし,なし
古文単語_単語Deck3_難関大・東大向け_300,CJ-000667,667,単語Deck3_難関大・東大向け,語彙,重要代名詞,いづち,いずち,いずち,代名詞,品詞=代名詞,CJ-000667-C01,meaning,重要語義1,いづち,どちらへ,どちらへ｜どの方向へ,行き先や方向を尋ねる疑問語。,なし,なし,なし,なし,なし,なし,標準古語辞典・検定済み教科書（複数資料照合）,なし,なし
古文単語_単語Deck3_難関大・東大向け_300,CJ-000668,668,単語Deck3_難関大・東大向け,語彙,重要形容詞,あだあだし,あだあだし,なし,形容詞,品詞=形容詞,CJ-000668-C01,meaning,重要語義1,あだあだし,浮気だ,浮気だ｜心変わりしやすい｜誠実でない,男女関係などで心が定まらず、移り気である。,なし,なし,なし,なし,なし,なし,標準古語辞典・検定済み教科書（複数資料照合）,なし,なし
古文単語_単語Deck3_難関大・東大向け_300,CJ-000668,668,単語Deck3_難関大・東大向け,語彙,重要形容詞,あだあだし,あだあだし,なし,形容詞,品詞=形容詞,CJ-000668-C02,meaning,重要語義2,あだあだし,軽薄だ,軽薄だ｜うわついている,態度が落ち着かず、誠実さに欠ける。,なし,なし,なし,なし,なし,なし,標準古語辞典・検定済み教科書（複数資料照合）,なし,なし
古文単語_単語Deck3_難関大・東大向け_300,CJ-000669,669,単語Deck3_難関大・東大向け,語彙,重要形容詞,あなづらはし,あなずらわし,侮らはし,形容詞,品詞=形容詞,CJ-000669-C01,meaning,重要語義1,あなづらはし,軽く見られやすい,軽く見られやすい｜侮られやすい,人から侮られ、軽く扱われやすい様子を表す。,なし,なし,なし,なし,なし,なし,標準古語辞典・検定済み教科書（複数資料照合）,なし,侮る=あなどる
古文単語_単語Deck3_難関大・東大向け_300,CJ-000669,669,単語Deck3_難関大・東大向け,語彙,重要形容詞,あなづらはし,あなずらわし,侮らはし,形容詞,品詞=形容詞,CJ-000669-C02,meaning,重要語義2,あなづらはし,侮れない,侮れない｜無視できない,簡単には軽く見ることができない様子にも用いる。,なし,なし,なし,なし,なし,なし,標準古語辞典・検定済み教科書（複数資料照合）,なし,侮る=あなどる
古文単語_単語Deck3_難関大・東大向け_300,CJ-000670,670,単語Deck3_難関大・東大向け,語彙,重要形容詞,いつかし,いつかし,なし,形容詞,品詞=形容詞,CJ-000670-C01,meaning,重要語義1,いつかし,威厳がある,威厳がある｜おごそかだ｜堂々としている,権威を感じさせ、立派で堂々としている。,なし,なし,なし,なし,なし,なし,標準古語辞典・検定済み教科書（複数資料照合）,なし,威厳=いげん
古文単語_単語Deck3_難関大・東大向け_300,CJ-000670,670,単語Deck3_難関大・東大向け,語彙,重要形容詞,いつかし,いつかし,なし,形容詞,品詞=形容詞,CJ-000670-C02,meaning,重要語義2,いつかし,心ひかれる,心ひかれる｜立派だ,権威や美しさのため、好ましく感じられる。,なし,なし,なし,なし,なし,なし,標準古語辞典・検定済み教科書（複数資料照合）,なし,なし
古文単語_単語Deck3_難関大・東大向け_300,CJ-000671,671,単語Deck3_難関大・東大向け,語彙,重要形容詞,いとどし,いとどし,なし,形容詞,品詞=形容詞,CJ-000671-C01,meaning,重要語義1,いとどし,ますます激しい,ますます激しい｜いっそう甚だしい,以前よりさらに程度が強くなる様子。,なし,なし,なし,なし,なし,なし,標準古語辞典・検定済み教科書（複数資料照合）,なし,なし
古文単語_単語Deck3_難関大・東大向け_300,CJ-000672,672,単語Deck3_難関大・東大向け,語彙,重要形容詞,かどかどし,かどかどし,なし,形容詞,品詞=形容詞,CJ-000672-C01,meaning,重要語義1,かどかどし,才能がある,才能がある｜気が利く｜才気がある,物事を処理する能力や才気が目立つ。,なし,なし,なし,なし,なし,なし,標準古語辞典・検定済み教科書（複数資料照合）,なし,なし
古文単語_単語Deck3_難関大・東大向け_300,CJ-000672,672,単語Deck3_難関大・東大向け,語彙,重要形容詞,かどかどし,かどかどし,なし,形容詞,品詞=形容詞,CJ-000672-C02,meaning,重要語義2,かどかどし,角立っている,角立っている｜とげとげしい,性格や態度が円満でなく、鋭い。,なし,なし,なし,なし,なし,なし,標準古語辞典・検定済み教科書（複数資料照合）,なし,なし
古文単語_単語Deck3_難関大・東大向け_300,CJ-000673,673,単語Deck3_難関大・東大向け,語彙,重要形容詞,からし,からし,なし,形容詞,品詞=形容詞,CJ-000673-C01,meaning,重要語義1,からし,つらい,つらい｜苦しい,耐えがたい苦しさを感じる。,なし,なし,なし,なし,なし,なし,標準古語辞典・検定済み教科書（複数資料照合）,なし,なし
古文単語_単語Deck3_難関大・東大向け_300,CJ-000673,673,単語Deck3_難関大・東大向け,語彙,重要形容詞,からし,からし,なし,形容詞,品詞=形容詞,CJ-000673-C02,meaning,重要語義2,からし,冷酷だ,冷酷だ｜むごい｜厳しい,相手への思いやりがなく、ひどい。,なし,なし,なし,なし,なし,なし,標準古語辞典・検定済み教科書（複数資料照合）,なし,なし
古文単語_単語Deck3_難関大・東大向け_300,CJ-000674,674,単語Deck3_難関大・東大向け,語彙,重要形容詞,くやし,くやし,なし,形容詞,品詞=形容詞,CJ-000674-C01,meaning,重要語義1,くやし,残念だ,残念だ｜後悔される｜くやしい,思いどおりにならず、心残りである。,なし,なし,なし,なし,なし,なし,標準古語辞典・検定済み教科書（複数資料照合）,なし,なし
古文単語_単語Deck3_難関大・東大向け_300,CJ-000675,675,単語Deck3_難関大・東大向け,語彙,重要形容詞,けし,けし,なし,形容詞,品詞=形容詞,CJ-000675-C01,meaning,重要語義1,けし,異常だ,異常だ｜普通と違う｜怪しい,いつもと異なり、変わっている。,なし,なし,なし,なし,なし,なし,標準古語辞典・検定済み教科書（複数資料照合）,なし,なし
古文単語_単語Deck3_難関大・東大向け_300,CJ-000676,676,単語Deck3_難関大・東大向け,語彙,重要形容詞,さとし,さとし,なし,形容詞,品詞=形容詞,CJ-000676-C01,meaning,重要語義1,さとし,賢い,賢い｜理解が早い｜聡明だ,物事をよく理解し、判断が早い。,なし,なし,なし,なし,なし,なし,標準古語辞典・検定済み教科書（複数資料照合）,なし,聡明=そうめい
古文単語_単語Deck3_難関大・東大向け_300,CJ-000677,677,単語Deck3_難関大・東大向け,語彙,重要形容詞,すきずきし,すきずきし,なし,形容詞,品詞=形容詞,CJ-000677-C01,meaning,重要語義1,すきずきし,好色めいている,好色めいている｜恋愛好きだ,恋愛や色事に関心が強い。,なし,なし,なし,なし,なし,なし,標準古語辞典・検定済み教科書（複数資料照合）,なし,なし
古文単語_単語Deck3_難関大・東大向け_300,CJ-000677,677,単語Deck3_難関大・東大向け,語彙,重要形容詞,すきずきし,すきずきし,なし,形容詞,品詞=形容詞,CJ-000677-C02,meaning,重要語義2,すきずきし,風流だ,風流だ｜趣味がよい,芸事や情趣を好み、洗練されている。,なし,なし,なし,なし,なし,なし,標準古語辞典・検定済み教科書（複数資料照合）,なし,なし
古文単語_単語Deck3_難関大・東大向け_300,CJ-000678,678,単語Deck3_難関大・東大向け,語彙,重要形容詞,たぐひなし,たぐいなし,たぐいなし,形容詞,品詞=形容詞,CJ-000678-C01,meaning,重要語義1,たぐひなし,比べるものがない,比べるものがない｜この上なくすばらしい,同じ程度のものがなく、際立っている。,なし,なし,なし,なし,なし,なし,標準古語辞典・検定済み教科書（複数資料照合）,なし,なし
古文単語_単語Deck3_難関大・東大向け_300,CJ-000679,679,単語Deck3_難関大・東大向け,語彙,重要形容詞,とし,とし,なし,形容詞,品詞=形容詞,CJ-000679-C01,meaning,重要語義1,とし,速い,速い｜すばやい,動作や進行が迅速である。,なし,なし,なし,なし,なし,なし,標準古語辞典・検定済み教科書（複数資料照合）,なし,なし
古文単語_単語Deck3_難関大・東大向け_300,CJ-000679,679,単語Deck3_難関大・東大向け,語彙,重要形容詞,とし,とし,なし,形容詞,品詞=形容詞,CJ-000679-C02,meaning,重要語義2,とし,鋭い,鋭い｜敏感だ,感覚や働きが素早く、鋭敏である。,なし,なし,なし,なし,なし,なし,標準古語辞典・検定済み教科書（複数資料照合）,なし,なし
古文単語_単語Deck3_難関大・東大向け_300,CJ-000680,680,単語Deck3_難関大・東大向け,語彙,重要形容詞,になし,になし,なし,形容詞,品詞=形容詞,CJ-000680-C01,meaning,重要語義1,になし,比べるものがない,比べるものがない｜並ぶものがない,同等のものがなく、際立っている。,なし,なし,なし,なし,なし,なし,標準古語辞典・検定済み教科書（複数資料照合）,なし,なし
古文単語_単語Deck3_難関大・東大向け_300,CJ-000681,681,単語Deck3_難関大・東大向け,語彙,重要形容詞,やくなし,やくなし,なし,形容詞,品詞=形容詞,CJ-000681-C01,meaning,重要語義1,やくなし,役に立たない,役に立たない｜むだだ｜つまらない,効果や価値がない。,なし,なし,なし,なし,なし,なし,標準古語辞典・検定済み教科書（複数資料照合）,なし,なし
古文単語_単語Deck3_難関大・東大向け_300,CJ-000682,682,単語Deck3_難関大・東大向け,語彙,重要形容詞,をさなし,おさなし,おさなし,形容詞,品詞=形容詞,CJ-000682-C01,meaning,重要語義1,をさなし,幼い,幼い｜年少だ｜未熟だ,年齢や考え方がまだ十分に成長していない。,なし,なし,なし,なし,なし,なし,標準古語辞典・検定済み教科書（複数資料照合）,なし,なし
古文単語_単語Deck3_難関大・東大向け_300,CJ-000683,683,単語Deck3_難関大・東大向け,語彙,重要形容詞,をさをさし,おさおさし,おさおさし,形容詞,品詞=形容詞,CJ-000683-C01,meaning,重要語義1,をさをさし,しっかりしている,しっかりしている｜大人びている｜落ち着いている,年齢や能力が十分に成長し、安定している。,なし,なし,なし,なし,なし,なし,標準古語辞典・検定済み教科書（複数資料照合）,なし,なし
古文単語_単語Deck3_難関大・東大向け_300,CJ-000684,684,単語Deck3_難関大・東大向け,語彙,重要形容詞,をし,おし,おし,形容詞,品詞=形容詞,CJ-000684-C01,meaning,重要語義1,をし,惜しい,惜しい｜残念だ｜もったいない,失うことや十分に生かせないことを残念に思う。,なし,なし,なし,なし,なし,なし,標準古語辞典・検定済み教科書（複数資料照合）,なし,なし
古文単語_単語Deck3_難関大・東大向け_300,CJ-000685,685,単語Deck3_難関大・東大向け,語彙,重要形容動詞,いうなり,いうなり,優なり,形容動詞,品詞=形容動詞,CJ-000685-C01,meaning,重要語義1,いうなり,優れている,優れている｜上品だ｜優雅だ,人柄や姿がすぐれ、品格がある。,なし,なし,なし,なし,なし,なし,標準古語辞典・検定済み教科書（複数資料照合）,なし,なし
古文単語_単語Deck3_難関大・東大向け_300,CJ-000686,686,単語Deck3_難関大・東大向け,語彙,重要形容動詞,ことなり,ことなり,異なり,形容動詞,品詞=形容動詞,CJ-000686-C01,meaning,重要語義1,ことなり,異なっている,異なっている｜別だ,普通・他のものとは違っている。,なし,なし,なし,なし,なし,なし,標準古語辞典・検定済み教科書（複数資料照合）,なし,なし
古文単語_単語Deck3_難関大・東大向け_300,CJ-000686,686,単語Deck3_難関大・東大向け,語彙,重要形容動詞,ことなり,ことなり,異なり,形容動詞,品詞=形容動詞,CJ-000686-C02,meaning,重要語義2,ことなり,格別だ,格別だ｜特別だ,他より際立ち、特別である。,なし,なし,なし,なし,なし,なし,標準古語辞典・検定済み教科書（複数資料照合）,なし,なし
古文単語_単語Deck3_難関大・東大向け_300,CJ-000687,687,単語Deck3_難関大・東大向け,語彙,重要形容動詞,ことわりなり,ことわりなり,なし,形容動詞,品詞=形容動詞,CJ-000687-C01,meaning,重要語義1,ことわりなり,もっともだ,もっともだ｜当然だ｜道理にかなっている,筋道に合い、そうなるのが自然である。,なし,なし,なし,なし,なし,なし,標準古語辞典・検定済み教科書（複数資料照合）,なし,なし
古文単語_単語Deck3_難関大・東大向け_300,CJ-000688,688,単語Deck3_難関大・東大向け,語彙,重要形容動詞,たひらかなり,たいらかなり,たいらかなり,形容動詞,品詞=形容動詞,CJ-000688-C01,meaning,重要語義1,たひらかなり,穏やかだ,穏やかだ｜平穏だ｜無事だ,乱れや危険がなく、落ち着いている。,なし,なし,なし,なし,なし,なし,標準古語辞典・検定済み教科書（複数資料照合）,なし,なし
古文単語_単語Deck3_難関大・東大向け_300,CJ-000688,688,単語Deck3_難関大・東大向け,語彙,重要形容動詞,たひらかなり,たいらかなり,たいらかなり,形容動詞,品詞=形容動詞,CJ-000688-C02,meaning,重要語義2,たひらかなり,平らだ,平らだ｜高低がない,表面に起伏がない。,なし,なし,なし,なし,なし,なし,標準古語辞典・検定済み教科書（複数資料照合）,なし,なし
古文単語_単語Deck3_難関大・東大向け_300,CJ-000689,689,単語Deck3_難関大・東大向け,語彙,重要動詞,あかる,あかる,なし,動詞,品詞=動詞,CJ-000689-C01,meaning,重要語義1,あかる,離れる,離れる｜別れる｜遠ざかる,人や場所から離れ、別々になる。,なし,なし,なし,なし,なし,なし,標準古語辞典・検定済み教科書（複数資料照合）,なし,なし
古文単語_単語Deck3_難関大・東大向け_300,CJ-000690,690,単語Deck3_難関大・東大向け,語彙,重要動詞,あさむ,あさむ,なし,動詞,品詞=動詞,CJ-000690-C01,meaning,重要語義1,あさむ,驚く,驚く｜意外に思う｜あきれる,予想外のことに驚く。,なし,なし,なし,なし,なし,なし,標準古語辞典・検定済み教科書（複数資料照合）,なし,なし
古文単語_単語Deck3_難関大・東大向け_300,CJ-000690,690,単語Deck3_難関大・東大向け,語彙,重要動詞,あさむ,あさむ,なし,動詞,品詞=動詞,CJ-000690-C02,meaning,重要語義2,あさむ,軽蔑する,軽蔑する｜見下す,相手を価値の低いものとして扱う。,なし,なし,なし,なし,なし,なし,標準古語辞典・検定済み教科書（複数資料照合）,なし,軽蔑=けいべつ
古文単語_単語Deck3_難関大・東大向け_300,CJ-000691,691,単語Deck3_難関大・東大向け,語彙,重要動詞,あだめく,あだめく,なし,動詞,品詞=動詞,CJ-000691-C01,meaning,重要語義1,あだめく,浮気っぽく振る舞う,浮気っぽく振る舞う｜好色めく,恋愛に移り気な様子を見せる。,なし,なし,なし,なし,なし,なし,標準古語辞典・検定済み教科書（複数資料照合）,なし,なし
古文単語_単語Deck3_難関大・東大向け_300,CJ-000691,691,単語Deck3_難関大・東大向け,語彙,重要動詞,あだめく,あだめく,なし,動詞,品詞=動詞,CJ-000691-C02,meaning,重要語義2,あだめく,はかなく見える,はかなく見える｜頼りなく見える,長続きしないような様子になる。,なし,なし,なし,なし,なし,なし,標準古語辞典・検定済み教科書（複数資料照合）,なし,なし
古文単語_単語Deck3_難関大・東大向け_300,CJ-000692,692,単語Deck3_難関大・東大向け,語彙,重要動詞,あはす,あわす,あわす,動詞,品詞=動詞,CJ-000692-C01,meaning,重要語義1,あはす,結婚させる,結婚させる｜夫婦にする,男女を夫婦として結び付ける。,なし,なし,なし,なし,なし,なし,標準古語辞典・検定済み教科書（複数資料照合）,なし,なし
古文単語_単語Deck3_難関大・東大向け_300,CJ-000692,692,単語Deck3_難関大・東大向け,語彙,重要動詞,あはす,あわす,あわす,動詞,品詞=動詞,CJ-000692-C02,meaning,重要語義2,あはす,比べる,比べる｜照合する,二つ以上のものを並べて比較する。,なし,なし,なし,なし,なし,なし,標準古語辞典・検定済み教科書（複数資料照合）,なし,なし
古文単語_単語Deck3_難関大・東大向け_300,CJ-000692,692,単語Deck3_難関大・東大向け,語彙,重要動詞,あはす,あわす,あわす,動詞,品詞=動詞,CJ-000692-C03,meaning,重要語義3,あはす,一緒にする,一緒にする｜合わせる,別々のものを一つにする。,なし,なし,なし,なし,なし,なし,標準古語辞典・検定済み教科書（複数資料照合）,なし,なし
古文単語_単語Deck3_難関大・東大向け_300,CJ-000693,693,単語Deck3_難関大・東大向け,語彙,重要動詞,あはれがる,あわれがる,あわれがる,動詞,品詞=動詞,CJ-000693-C01,meaning,重要語義1,あはれがる,しみじみと感じる,しみじみと感じる｜感動する,物事に深く心を動かされる。,なし,なし,なし,なし,なし,なし,標準古語辞典・検定済み教科書（複数資料照合）,なし,なし
古文単語_単語Deck3_難関大・東大向け_300,CJ-000693,693,単語Deck3_難関大・東大向け,語彙,重要動詞,あはれがる,あわれがる,あわれがる,動詞,品詞=動詞,CJ-000693-C02,meaning,重要語義2,あはれがる,気の毒に思う,気の毒に思う｜同情する,相手の境遇を哀れみ、同情する。,なし,なし,なし,なし,なし,なし,標準古語辞典・検定済み教科書（複数資料照合）,なし,なし
古文単語_単語Deck3_難関大・東大向け_300,CJ-000694,694,単語Deck3_難関大・東大向け,語彙,重要動詞,あゆむ,あゆむ,なし,動詞,品詞=動詞,CJ-000694-C01,meaning,重要語義1,あゆむ,歩く,歩く｜進む,足で一歩ずつ進む。,なし,なし,なし,なし,なし,なし,標準古語辞典・検定済み教科書（複数資料照合）,なし,なし
古文単語_単語Deck3_難関大・東大向け_300,CJ-000695,695,単語Deck3_難関大・東大向け,語彙,重要動詞,いつく,いつく,なし,動詞,品詞=動詞,CJ-000695-C01,meaning,重要語義1,いつく,大切に世話する,大切に世話する｜慈しむ,大事なものとして丁寧に養い育てる。,なし,なし,なし,なし,なし,なし,標準古語辞典・検定済み教科書（複数資料照合）,なし,斎く=いつく
古文単語_単語Deck3_難関大・東大向け_300,CJ-000695,695,単語Deck3_難関大・東大向け,語彙,重要動詞,いつく,いつく,なし,動詞,品詞=動詞,CJ-000695-C02,meaning,重要語義2,いつく,神としてまつる,神としてまつる｜斎きまつる,神聖なものとして敬い、まつる。,なし,なし,なし,なし,なし,なし,標準古語辞典・検定済み教科書（複数資料照合）,なし,斎く=いつく
古文単語_単語Deck3_難関大・東大向け_300,CJ-000696,696,単語Deck3_難関大・東大向け,語彙,重要動詞,いまめく,いまめく,なし,動詞,品詞=動詞,CJ-000696-C01,meaning,重要語義1,いまめく,現代風になる,現代風になる｜当世風になる,その時代の新しい流行や様式を帯びる。,なし,なし,なし,なし,なし,なし,標準古語辞典・検定済み教科書（複数資料照合）,なし,なし
古文単語_単語Deck3_難関大・東大向け_300,CJ-000696,696,単語Deck3_難関大・東大向け,語彙,重要動詞,いまめく,いまめく,なし,動詞,品詞=動詞,CJ-000696-C02,meaning,重要語義2,いまめく,華やかに見える,華やかに見える｜派手に見える,目新しく、華やかな様子になる。,なし,なし,なし,なし,なし,なし,標準古語辞典・検定済み教科書（複数資料照合）,なし,なし
古文単語_単語Deck3_難関大・東大向け_300,CJ-000697,697,単語Deck3_難関大・東大向け,語彙,重要動詞,いむ,いむ,忌む,動詞,品詞=動詞,CJ-000697-C01,meaning,重要語義1,いむ,忌み避ける,忌み避ける｜嫌って避ける,不吉・不浄なものとして避ける。,なし,なし,なし,なし,なし,なし,標準古語辞典・検定済み教科書（複数資料照合）,なし,忌む=いむ
古文単語_単語Deck3_難関大・東大向け_300,CJ-000697,697,単語Deck3_難関大・東大向け,語彙,重要動詞,いむ,いむ,忌む,動詞,品詞=動詞,CJ-000697-C02,meaning,重要語義2,いむ,身を清める,身を清める｜物忌みする,一定期間、けがれを避けて慎む。,なし,なし,なし,なし,なし,なし,標準古語辞典・検定済み教科書（複数資料照合）,なし,なし
古文単語_単語Deck3_難関大・東大向け_300,CJ-000698,698,単語Deck3_難関大・東大向け,語彙,重要動詞,うたてがる,うたてがる,なし,動詞,品詞=動詞,CJ-000698-C01,meaning,重要語義1,うたてがる,嫌がる,嫌がる｜不快に思う,ひどく好ましくないと感じる。,なし,なし,なし,なし,なし,なし,標準古語辞典・検定済み教科書（複数資料照合）,なし,なし
古文単語_単語Deck3_難関大・東大向け_300,CJ-000699,699,単語Deck3_難関大・東大向け,語彙,重要動詞,かなしがる,かなしがる,なし,動詞,品詞=動詞,CJ-000699-C01,meaning,重要語義1,かなしがる,かわいがる,かわいがる｜いとしく思う,相手に深い愛情を示す。,なし,なし,なし,なし,なし,なし,標準古語辞典・検定済み教科書（複数資料照合）,なし,なし
古文単語_単語Deck3_難関大・東大向け_300,CJ-000699,699,単語Deck3_難関大・東大向け,語彙,重要動詞,かなしがる,かなしがる,なし,動詞,品詞=動詞,CJ-000699-C02,meaning,重要語義2,かなしがる,悲しむ,悲しむ｜気の毒に思う,悲哀や同情の気持ちを示す。,なし,なし,なし,なし,なし,なし,標準古語辞典・検定済み教科書（複数資料照合）,なし,なし
古文単語_単語Deck3_難関大・東大向け_300,CJ-000700,700,単語Deck3_難関大・東大向け,語彙,重要動詞,かなしうす,かなしゅうす,愛しうす,動詞,品詞=動詞,CJ-000700-C01,meaning,重要語義1,かなしうす,かわいがる,かわいがる｜いとしく思う｜大切にする,相手を愛し、大切に扱う。,なし,なし,なし,なし,なし,なし,標準古語辞典・検定済み教科書（複数資料照合）,なし,なし
古文単語_単語Deck3_難関大・東大向け_300,CJ-000701,701,単語Deck3_難関大・東大向け,語彙,重要動詞,きゆ,きゆ,消ゆ,動詞,品詞=動詞,CJ-000701-C01,meaning,重要語義1,きゆ,消える,消える｜なくなる,形・光・存在などが見えなくなる。,なし,なし,なし,なし,なし,なし,標準古語辞典・検定済み教科書（複数資料照合）,なし,なし
古文単語_単語Deck3_難関大・東大向け_300,CJ-000701,701,単語Deck3_難関大・東大向け,語彙,重要動詞,きゆ,きゆ,消ゆ,動詞,品詞=動詞,CJ-000701-C02,meaning,重要語義2,きゆ,死ぬ,死ぬ｜亡くなる,消滅にたとえて死亡を表す。,なし,なし,なし,なし,なし,なし,標準古語辞典・検定済み教科書（複数資料照合）,なし,なし
古文単語_単語Deck3_難関大・東大向け_300,CJ-000702,702,単語Deck3_難関大・東大向け,語彙,重要動詞,けしきだつ,けしきだつ,なし,動詞,品詞=動詞,CJ-000702-C01,meaning,重要語義1,けしきだつ,様子が表に出る,様子が表に出る｜気配が現れる,内心や兆候が態度・表情に現れる。,なし,なし,なし,なし,なし,なし,標準古語辞典・検定済み教科書（複数資料照合）,なし,なし
古文単語_単語Deck3_難関大・東大向け_300,CJ-000702,702,単語Deck3_難関大・東大向け,語彙,重要動詞,けしきだつ,けしきだつ,なし,動詞,品詞=動詞,CJ-000702-C02,meaning,重要語義2,けしきだつ,怒った様子をする,怒った様子をする｜不快な態度を示す,機嫌を損ねた気配を表に出す。,なし,なし,なし,なし,なし,なし,標準古語辞典・検定済み教科書（複数資料照合）,なし,なし
古文単語_単語Deck3_難関大・東大向け_300,CJ-000703,703,単語Deck3_難関大・東大向け,語彙,重要動詞,こころもとながる,こころもとながる,なし,動詞,品詞=動詞,CJ-000703-C01,meaning,重要語義1,こころもとながる,不安がる,不安がる｜心配する,先が分からず、気にかける。,なし,なし,なし,なし,なし,なし,標準古語辞典・検定済み教科書（複数資料照合）,なし,なし
古文単語_単語Deck3_難関大・東大向け_300,CJ-000703,703,単語Deck3_難関大・東大向け,語彙,重要動詞,こころもとながる,こころもとながる,なし,動詞,品詞=動詞,CJ-000703-C02,meaning,重要語義2,こころもとながる,待ち遠しがる,待ち遠しがる｜じれったがる,早く結果を知りたいと思う。,なし,なし,なし,なし,なし,なし,標準古語辞典・検定済み教科書（複数資料照合）,なし,なし
古文単語_単語Deck3_難関大・東大向け_300,CJ-000704,704,単語Deck3_難関大・東大向け,語彙,重要動詞,こととふ,こととう,こととう｜言問ふ,動詞,品詞=動詞,CJ-000704-C01,meaning,重要語義1,こととふ,話しかける,話しかける｜言葉を交わす,相手に言葉をかけ、会話する。,なし,なし,なし,なし,なし,なし,標準古語辞典・検定済み教科書（複数資料照合）,なし,なし
古文単語_単語Deck3_難関大・東大向け_300,CJ-000704,704,単語Deck3_難関大・東大向け,語彙,重要動詞,こととふ,こととう,こととう｜言問ふ,動詞,品詞=動詞,CJ-000704-C02,meaning,重要語義2,こととふ,尋ねる,尋ねる｜問う,事情などを質問する。,なし,なし,なし,なし,なし,なし,標準古語辞典・検定済み教科書（複数資料照合）,なし,なし
古文単語_単語Deck3_難関大・東大向け_300,CJ-000705,705,単語Deck3_難関大・東大向け,語彙,重要動詞,ことなしぶ,ことなしぶ,なし,動詞,品詞=動詞,CJ-000705-C01,meaning,重要語義1,ことなしぶ,何事もないように振る舞う,何事もないように振る舞う｜平気なふりをする,問題があるのに、それを隠して平然とする。,なし,なし,なし,なし,なし,なし,標準古語辞典・検定済み教科書（複数資料照合）,なし,なし
古文単語_単語Deck3_難関大・東大向け_300,CJ-000706,706,単語Deck3_難関大・東大向け,語彙,重要動詞,さす,さす,鎖す,動詞,品詞=動詞,CJ-000706-C01,meaning,重要語義1,さす,閉める,閉める｜戸を閉ざす｜鍵をかける,戸や門などを閉じて通れなくする。,なし,なし,なし,なし,なし,なし,標準古語辞典・検定済み教科書（複数資料照合）,なし,なし
古文単語_単語Deck3_難関大・東大向け_300,CJ-000707,707,単語Deck3_難関大・東大向け,語彙,重要動詞,すかす,すかす,なし,動詞,品詞=動詞,CJ-000707-C01,meaning,重要語義1,すかす,なだめる,なだめる｜機嫌を取る｜言いくるめる,相手を喜ばせたり、説得したりして従わせる。,なし,なし,なし,なし,なし,なし,標準古語辞典・検定済み教科書（複数資料照合）,なし,なし
古文単語_単語Deck3_難関大・東大向け_300,CJ-000707,707,単語Deck3_難関大・東大向け,語彙,重要動詞,すかす,すかす,なし,動詞,品詞=動詞,CJ-000707-C02,meaning,重要語義2,すかす,だます,だます｜欺く,言葉巧みに相手を誤らせる。,なし,なし,なし,なし,なし,なし,標準古語辞典・検定済み教科書（複数資料照合）,なし,なし
古文単語_単語Deck3_難関大・東大向け_300,CJ-000708,708,単語Deck3_難関大・東大向け,語彙,重要動詞,そしる,そしる,謗る,動詞,品詞=動詞,CJ-000708-C01,meaning,重要語義1,そしる,非難する,非難する｜悪く言う｜批判する,人や物事の欠点を取り上げて責める。,なし,なし,なし,なし,なし,なし,標準古語辞典・検定済み教科書（複数資料照合）,なし,非難=ひなん
古文単語_単語Deck3_難関大・東大向け_300,CJ-000709,709,単語Deck3_難関大・東大向け,語彙,重要動詞,たゆ,たゆ,絶ゆ,動詞,品詞=動詞,CJ-000709-C01,meaning,重要語義1,たゆ,途切れる,途切れる｜絶える｜終わる,続いていたものが切れてなくなる。,なし,なし,なし,なし,なし,なし,標準古語辞典・検定済み教科書（複数資料照合）,なし,なし
古文単語_単語Deck3_難関大・東大向け_300,CJ-000709,709,単語Deck3_難関大・東大向け,語彙,重要動詞,たゆ,たゆ,絶ゆ,動詞,品詞=動詞,CJ-000709-C02,meaning,重要語義2,たゆ,疲れ果てる,疲れ果てる｜力が抜ける,力や気力が尽きる。,なし,なし,なし,なし,なし,なし,標準古語辞典・検定済み教科書（複数資料照合）,なし,なし
古文単語_単語Deck3_難関大・東大向け_300,CJ-000710,710,単語Deck3_難関大・東大向け,語彙,重要動詞,なまめく,なまめく,なし,動詞,品詞=動詞,CJ-000710-C01,meaning,重要語義1,なまめく,優美に見える,優美に見える｜上品に振る舞う,若々しく、しっとりと美しい様子を見せる。,なし,なし,なし,なし,なし,なし,標準古語辞典・検定済み教科書（複数資料照合）,なし,なし
古文単語_単語Deck3_難関大・東大向け_300,CJ-000710,710,単語Deck3_難関大・東大向け,語彙,重要動詞,なまめく,なまめく,なし,動詞,品詞=動詞,CJ-000710-C02,meaning,重要語義2,なまめく,若々しく見える,若々しく見える｜みずみずしく見える,生気があり、新鮮な印象になる。,なし,なし,なし,なし,なし,なし,標準古語辞典・検定済み教科書（複数資料照合）,なし,なし
古文単語_単語Deck3_難関大・東大向け_300,CJ-000711,711,単語Deck3_難関大・東大向け,語彙,重要動詞,ねぶ,ねぶ,年ぶ,動詞,品詞=動詞,CJ-000711-C01,meaning,重要語義1,ねぶ,年を取る,年を取る｜年長になる,年齢を重ねる。,なし,なし,なし,なし,なし,なし,標準古語辞典・検定済み教科書（複数資料照合）,なし,なし
古文単語_単語Deck3_難関大・東大向け_300,CJ-000711,711,単語Deck3_難関大・東大向け,語彙,重要動詞,ねぶ,ねぶ,年ぶ,動詞,品詞=動詞,CJ-000711-C02,meaning,重要語義2,ねぶ,大人びる,大人びる｜成長する｜成熟する,年齢や能力が発達し、落ち着いた様子になる。,なし,なし,なし,なし,なし,なし,標準古語辞典・検定済み教科書（複数資料照合）,なし,なし
古文単語_単語Deck3_難関大・東大向け_300,CJ-000712,712,単語Deck3_難関大・東大向け,語彙,重要動詞,ひつ,ひつ,漬つ｜沾つ,動詞,品詞=動詞,CJ-000712-C01,meaning,重要語義1,ひつ,水に浸る,水に浸る｜濡れる｜びっしょりになる,水や涙などに漬かり、濡れる。,なし,なし,なし,なし,なし,なし,標準古語辞典・検定済み教科書（複数資料照合）,なし,なし
古文単語_単語Deck3_難関大・東大向け_300,CJ-000713,713,単語Deck3_難関大・東大向け,語彙,重要動詞,まめだつ,まめだつ,なし,動詞,品詞=動詞,CJ-000713-C01,meaning,重要語義1,まめだつ,まじめになる,まじめになる｜本気になる,浮ついた態度をやめ、真剣な様子になる。,なし,なし,なし,なし,なし,なし,標準古語辞典・検定済み教科書（複数資料照合）,なし,なし
古文単語_単語Deck3_難関大・東大向け_300,CJ-000713,713,単語Deck3_難関大・東大向け,語彙,重要動詞,まめだつ,まめだつ,なし,動詞,品詞=動詞,CJ-000713-C02,meaning,重要語義2,まめだつ,実用本位になる,実用本位になる｜実務的になる,風流よりも現実的な事柄を重んじる。,なし,なし,なし,なし,なし,なし,標準古語辞典・検定済み教科書（複数資料照合）,なし,なし
古文単語_単語Deck3_難関大・東大向け_300,CJ-000714,714,単語Deck3_難関大・東大向け,語彙,重要動詞,むねつぶる,むねつぶる,胸潰る,動詞,品詞=動詞,CJ-000714-C01,meaning,重要語義1,むねつぶる,どきっとする,どきっとする｜驚く｜心配する,驚きや不安で胸が締め付けられる。,なし,なし,なし,なし,なし,なし,標準古語辞典・検定済み教科書（複数資料照合）,なし,なし
古文単語_単語Deck3_難関大・東大向け_300,CJ-000715,715,単語Deck3_難関大・東大向け,語彙,重要動詞,もよほす,もよおす,もよおす｜催す,動詞,品詞=動詞,CJ-000715-C01,meaning,重要語義1,もよほす,引き起こす,引き起こす｜誘発する｜促す,ある感情・行動・現象を生じさせる。,なし,なし,なし,なし,なし,なし,標準古語辞典・検定済み教科書（複数資料照合）,なし,なし
古文単語_単語Deck3_難関大・東大向け_300,CJ-000715,715,単語Deck3_難関大・東大向け,語彙,重要動詞,もよほす,もよおす,もよおす｜催す,動詞,品詞=動詞,CJ-000715-C02,meaning,重要語義2,もよほす,催す,催す｜準備して行う,行事や集まりを計画して実施する。,なし,なし,なし,なし,なし,なし,標準古語辞典・検定済み教科書（複数資料照合）,なし,なし
古文単語_単語Deck3_難関大・東大向け_300,CJ-000716,716,単語Deck3_難関大・東大向け,語彙,重要動詞,たぐふ,たぐう,たぐう｜類ふ,動詞,品詞=動詞,CJ-000716-C01,meaning,重要語義1,たぐふ,並ぶ,並ぶ｜匹敵する｜比べられる,同じ程度のものとして並ぶ。,なし,なし,なし,なし,なし,なし,標準古語辞典・検定済み教科書（複数資料照合）,なし,なし
古文単語_単語Deck3_難関大・東大向け_300,CJ-000716,716,単語Deck3_難関大・東大向け,語彙,重要動詞,たぐふ,たぐう,たぐう｜類ふ,動詞,品詞=動詞,CJ-000716-C02,meaning,重要語義2,たぐふ,一緒に行く,一緒に行く｜連れ添う｜伴う,他のものと行動を共にする。,なし,なし,なし,なし,なし,なし,標準古語辞典・検定済み教科書（複数資料照合）,なし,なし
古文単語_単語Deck3_難関大・東大向け_300,CJ-000717,717,単語Deck3_難関大・東大向け,語彙,重要名詞,あからめ,あからめ,なし,名詞,品詞=名詞,CJ-000717-C01,meaning,重要語義1,あからめ,わき見,わき見｜よそ見,本来見るべきものから目をそらし、別の方を見ること。,なし,なし,なし,なし,なし,なし,標準古語辞典・検定済み教科書（複数資料照合）,なし,なし
古文単語_単語Deck3_難関大・東大向け_300,CJ-000717,717,単語Deck3_難関大・東大向け,語彙,重要名詞,あからめ,あからめ,なし,名詞,品詞=名詞,CJ-000717-C02,meaning,重要語義2,あからめ,他のものへの心移り,他のものへの心移り｜浮気心,関心を本来の相手以外へ向けること。,なし,なし,なし,なし,なし,なし,標準古語辞典・検定済み教科書（複数資料照合）,なし,なし
古文単語_単語Deck3_難関大・東大向け_300,CJ-000718,718,単語Deck3_難関大・東大向け,語彙,重要名詞,あだびと,あだびと,徒人,名詞,品詞=名詞,CJ-000718-C01,meaning,重要語義1,あだびと,浮気な人,浮気な人｜心変わりしやすい恋人,恋愛で誠実さを欠き、移り気な人を指す。,なし,なし,なし,なし,なし,なし,標準古語辞典・検定済み教科書（複数資料照合）,なし,なし
古文単語_単語Deck3_難関大・東大向け_300,CJ-000719,719,単語Deck3_難関大・東大向け,語彙,重要名詞,あづま,あずま,あずま｜東,名詞,品詞=名詞,CJ-000719-C01,meaning,重要語義1,あづま,東国,東国｜東の地方｜関東地方,都から見た東方の諸国を指す。,なし,なし,なし,なし,なし,なし,標準古語辞典・検定済み教科書（複数資料照合）,なし,なし
古文単語_単語Deck3_難関大・東大向け_300,CJ-000720,720,単語Deck3_難関大・東大向け,語彙,重要名詞,あない,あない,案内,名詞,品詞=名詞,CJ-000720-C01,meaning,重要語義1,あない,事情をよく知っていること,事情をよく知っていること｜内情への通暁,場所や人の内部事情に詳しいことを表す。,なし,なし,なし,なし,なし,なし,標準古語辞典・検定済み教科書（複数資料照合）,なし,通暁=つうぎょう
古文単語_単語Deck3_難関大・東大向け_300,CJ-000720,720,単語Deck3_難関大・東大向け,語彙,重要名詞,あない,あない,案内,名詞,品詞=名詞,CJ-000720-C02,meaning,重要語義2,あない,案内,案内｜取り次ぎ｜知らせ,訪問者を導いたり、来訪を知らせたりすること。,なし,なし,なし,なし,なし,なし,標準古語辞典・検定済み教科書（複数資料照合）,なし,なし
古文単語_単語Deck3_難関大・東大向け_300,CJ-000721,721,単語Deck3_難関大・東大向け,語彙,重要名詞,あま,あま,海人｜尼,名詞,品詞=名詞,CJ-000721-C01,meaning,重要語義1,あま,漁をする人,漁をする人｜海人,海で魚介や海藻を取る人を指す。,なし,なし,なし,なし,なし,なし,標準古語辞典・検定済み教科書（複数資料照合）,なし,なし
古文単語_単語Deck3_難関大・東大向け_300,CJ-000721,721,単語Deck3_難関大・東大向け,語彙,重要名詞,あま,あま,海人｜尼,名詞,品詞=名詞,CJ-000721-C02,meaning,重要語義2,あま,尼,尼｜出家した女性,仏門に入った女性を指す。,なし,なし,なし,なし,なし,なし,標準古語辞典・検定済み教科書（複数資料照合）,なし,なし
古文単語_単語Deck3_難関大・東大向け_300,CJ-000722,722,単語Deck3_難関大・東大向け,語彙,重要名詞,あるじ,あるじ,主,名詞,品詞=名詞,CJ-000722-C01,meaning,重要語義1,あるじ,主人,主人｜家の主,家や場所を支配し、客を迎える人を指す。,なし,なし,なし,なし,なし,なし,標準古語辞典・検定済み教科書（複数資料照合）,なし,なし
古文単語_単語Deck3_難関大・東大向け_300,CJ-000722,722,単語Deck3_難関大・東大向け,語彙,重要名詞,あるじ,あるじ,主,名詞,品詞=名詞,CJ-000722-C02,meaning,重要語義2,あるじ,もてなし役,もてなし役｜接待する人,客を迎えて世話する人を指す。,なし,なし,なし,なし,なし,なし,標準古語辞典・検定済み教科書（複数資料照合）,なし,なし
古文単語_単語Deck3_難関大・東大向け_300,CJ-000723,723,単語Deck3_難関大・東大向け,語彙,重要名詞,あるじまうけ,あるじもうけ,あるじもうけ｜饗設け,名詞,品詞=名詞,CJ-000723-C01,meaning,重要語義1,あるじまうけ,客をもてなす準備,客をもてなす準備｜ごちそう｜宴会,客を迎えるために用意する食事や接待を指す。,なし,なし,なし,なし,なし,なし,標準古語辞典・検定済み教科書（複数資料照合）,なし,なし
古文単語_単語Deck3_難関大・東大向け_300,CJ-000724,724,単語Deck3_難関大・東大向け,語彙,重要名詞,いそぎ,いそぎ,なし,名詞,品詞=名詞,CJ-000724-C01,meaning,重要語義1,いそぎ,準備,準備｜用意,行事や出発などに必要なものを整えること。,なし,なし,なし,なし,なし,なし,標準古語辞典・検定済み教科書（複数資料照合）,なし,なし
古文単語_単語Deck3_難関大・東大向け_300,CJ-000724,724,単語Deck3_難関大・東大向け,語彙,重要名詞,いそぎ,いそぎ,なし,名詞,品詞=名詞,CJ-000724-C02,meaning,重要語義2,いそぎ,急ぎの用事,急ぎの用事｜差し迫った仕事,早く処理する必要がある用事を指す。,なし,なし,なし,なし,なし,なし,標準古語辞典・検定済み教科書（複数資料照合）,なし,なし
古文単語_単語Deck3_難関大・東大向け_300,CJ-000725,725,単語Deck3_難関大・東大向け,語彙,重要名詞,いちご,いちご,一期,名詞,品詞=名詞,CJ-000725-C01,meaning,重要語義1,いちご,一生,一生｜生涯,人が生まれてから死ぬまでの全期間を指す。,なし,なし,なし,なし,なし,なし,標準古語辞典・検定済み教科書（複数資料照合）,なし,なし
古文単語_単語Deck3_難関大・東大向け_300,CJ-000726,726,単語Deck3_難関大・東大向け,語彙,重要名詞,いも,いも,妹,名詞,品詞=名詞,CJ-000726-C01,meaning,重要語義1,いも,妻,妻｜恋人｜親しい女性,男性から見た妻・恋人・愛する女性を指す。,なし,なし,なし,なし,なし,なし,標準古語辞典・検定済み教科書（複数資料照合）,なし,なし
古文単語_単語Deck3_難関大・東大向け_300,CJ-000726,726,単語Deck3_難関大・東大向け,語彙,重要名詞,いも,いも,妹,名詞,品詞=名詞,CJ-000726-C02,meaning,重要語義2,いも,姉妹,姉妹｜女性のきょうだい,男性から見た姉や妹を指す。,なし,なし,なし,なし,なし,なし,標準古語辞典・検定済み教科書（複数資料照合）,なし,なし
古文単語_単語Deck3_難関大・東大向け_300,CJ-000727,727,単語Deck3_難関大・東大向け,語彙,重要名詞,いもせ,いもせ,妹背,名詞,品詞=名詞,CJ-000727-C01,meaning,重要語義1,いもせ,夫婦,夫婦｜男女の仲｜夫と妻,「いも」と「せ」を合わせ、男女・夫婦を指す。,なし,なし,なし,なし,なし,なし,標準古語辞典・検定済み教科書（複数資料照合）,なし,なし
古文単語_単語Deck3_難関大・東大向け_300,CJ-000728,728,単語Deck3_難関大・東大向け,語彙,重要名詞,おとうと,おとうと,なし,名詞,品詞=名詞,CJ-000728-C01,meaning,重要語義1,おとうと,年下のきょうだい,年下のきょうだい｜弟や妹,自分より年下の兄弟姉妹を指す。,なし,なし,なし,なし,なし,なし,標準古語辞典・検定済み教科書（複数資料照合）,なし,なし
古文単語_単語Deck3_難関大・東大向け_300,CJ-000729,729,単語Deck3_難関大・東大向け,語彙,重要名詞,おもておこし,おもておこし,面起こし,名詞,品詞=名詞,CJ-000729-C01,meaning,重要語義1,おもておこし,名誉を回復すること,名誉を回復すること｜面目を立てること,失った体面を取り戻し、評判を高めること。,なし,なし,なし,なし,なし,なし,標準古語辞典・検定済み教科書（複数資料照合）,なし,なし
古文単語_単語Deck3_難関大・東大向け_300,CJ-000730,730,単語Deck3_難関大・東大向け,語彙,重要名詞,おもてぶせ,おもてぶせ,面伏せ,名詞,品詞=名詞,CJ-000730-C01,meaning,重要語義1,おもてぶせ,不名誉,不名誉｜面目を失うこと｜恥,人前に顔を出せないほど名誉を傷つけること。,なし,なし,なし,なし,なし,なし,標準古語辞典・検定済み教科書（複数資料照合）,なし,なし
古文単語_単語Deck3_難関大・東大向け_300,CJ-000731,731,単語Deck3_難関大・東大向け,語彙,重要名詞,くさまくら,くさまくら,草枕,名詞,品詞=名詞,CJ-000731-C01,meaning,重要語義1,くさまくら,旅,旅｜旅寝,草を枕にして寝ることから、旅や旅先での宿泊を表す。,なし,なし,なし,なし,なし,なし,標準古語辞典・検定済み教科書（複数資料照合）,なし,なし
古文単語_単語Deck3_難関大・東大向け_300,CJ-000732,732,単語Deck3_難関大・東大向け,語彙,重要名詞,くま,くま,隈,名詞,品詞=名詞,CJ-000732-C01,meaning,重要語義1,くま,暗い隅,暗い隅｜物陰｜曲がり角,光が届かず、隠れた場所を指す。,なし,なし,なし,なし,なし,なし,標準古語辞典・検定済み教科書（複数資料照合）,なし,なし
古文単語_単語Deck3_難関大・東大向け_300,CJ-000732,732,単語Deck3_難関大・東大向け,語彙,重要名詞,くま,くま,隈,名詞,品詞=名詞,CJ-000732-C02,meaning,重要語義2,くま,隠された部分,隠された部分｜秘密,表から見えない部分を指す。,なし,なし,なし,なし,なし,なし,標準古語辞典・検定済み教科書（複数資料照合）,なし,なし
古文単語_単語Deck3_難関大・東大向け_300,CJ-000733,733,単語Deck3_難関大・東大向け,語彙,重要名詞,け,け,気,名詞,品詞=名詞,CJ-000733-C01,meaning,重要語義1,け,気配,気配｜様子｜兆候,ある物事が起こりそうな印や感じを指す。,なし,なし,なし,なし,なし,なし,標準古語辞典・検定済み教科書（複数資料照合）,なし,なし
古文単語_単語Deck3_難関大・東大向け_300,CJ-000734,734,単語Deck3_難関大・東大向け,語彙,重要名詞,こけのころも,こけのころも,苔の衣,名詞,品詞=名詞,CJ-000734-C01,meaning,重要語義1,こけのころも,僧の衣,僧の衣｜僧衣,苔の色にたとえた、僧侶の地味な衣服を指す。,なし,なし,なし,なし,なし,なし,標準古語辞典・検定済み教科書（複数資料照合）,なし,僧衣=そうい
古文単語_単語Deck3_難関大・東大向け_300,CJ-000735,735,単語Deck3_難関大・東大向け,語彙,重要名詞,ここのへ,ここのえ,ここのえ｜九重,名詞,品詞=名詞,CJ-000735-C01,meaning,重要語義1,ここのへ,宮中,宮中｜皇居,門や垣を幾重にも巡らした天皇の住まいを指す。,なし,なし,なし,なし,なし,なし,標準古語辞典・検定済み教科書（複数資料照合）,なし,なし
古文単語_単語Deck3_難関大・東大向け_300,CJ-000735,735,単語Deck3_難関大・東大向け,語彙,重要名詞,ここのへ,ここのえ,ここのえ｜九重,名詞,品詞=名詞,CJ-000735-C02,meaning,重要語義2,ここのへ,九重,九重｜幾重にも重なったもの,九つ、または多数の層が重なること。,なし,なし,なし,なし,なし,なし,標準古語辞典・検定済み教科書（複数資料照合）,なし,なし
古文単語_単語Deck3_難関大・東大向け_300,CJ-000736,736,単語Deck3_難関大・東大向け,語彙,重要名詞,こころおきて,こころおきて,心掟,名詞,品詞=名詞,CJ-000736-C01,meaning,重要語義1,こころおきて,心構え,心構え｜考え方｜性質,物事に対する心の持ち方や人柄を指す。,なし,なし,なし,なし,なし,なし,標準古語辞典・検定済み教科書（複数資料照合）,なし,なし
古文単語_単語Deck3_難関大・東大向け_300,CJ-000736,736,単語Deck3_難関大・東大向け,語彙,重要名詞,こころおきて,こころおきて,心掟,名詞,品詞=名詞,CJ-000736-C02,meaning,重要語義2,こころおきて,計画,計画｜取り計らい,心の中で定めた方針を指す。,なし,なし,なし,なし,なし,なし,標準古語辞典・検定済み教科書（複数資料照合）,なし,なし
古文単語_単語Deck3_難関大・東大向け_300,CJ-000737,737,単語Deck3_難関大・東大向け,語彙,重要名詞,こころおごり,こころおごり,心驕り,名詞,品詞=名詞,CJ-000737-C01,meaning,重要語義1,こころおごり,思い上がり,思い上がり｜得意になること｜慢心,成功や寵愛などを頼りに、自分を高く見る気持ち。,なし,なし,なし,なし,なし,なし,標準古語辞典・検定済み教科書（複数資料照合）,なし,慢心=まんしん｜寵愛=ちょうあい
古文単語_単語Deck3_難関大・東大向け_300,CJ-000738,738,単語Deck3_難関大・東大向け,語彙,重要名詞,こしをれ,こしおれ,こしおれ｜腰折れ,名詞,品詞=名詞,CJ-000738-C01,meaning,重要語義1,こしをれ,下手な歌,下手な歌｜つたない和歌,調子や表現が整っていない和歌を指す。,なし,なし,なし,なし,なし,なし,標準古語辞典・検定済み教科書（複数資料照合）,なし,なし
古文単語_単語Deck3_難関大・東大向け_300,CJ-000739,739,単語Deck3_難関大・東大向け,語彙,重要名詞,ことごと,ことごと,悉,名詞,品詞=名詞,CJ-000739-C01,meaning,重要語義1,ことごと,すべて,すべて｜全部｜一つ残らず,ある範囲のもの全部を指す。,なし,なし,なし,なし,なし,なし,標準古語辞典・検定済み教科書（複数資料照合）,なし,なし
古文単語_単語Deck3_難関大・東大向け_300,CJ-000740,740,単語Deck3_難関大・東大向け,語彙,重要名詞,ことひと,ことひと,異人,名詞,品詞=名詞,CJ-000740-C01,meaning,重要語義1,ことひと,別の人,別の人｜他人,話題の人物とは異なる人を指す。,なし,なし,なし,なし,なし,なし,標準古語辞典・検定済み教科書（複数資料照合）,なし,なし
古文単語_単語Deck3_難関大・東大向け_300,CJ-000741,741,単語Deck3_難関大・東大向け,語彙,重要名詞,さくもん,さくもん,作文,名詞,品詞=名詞,CJ-000741-C01,meaning,重要語義1,さくもん,漢詩を作ること,漢詩を作ること｜漢詩文の制作,漢文による詩や文章を作ることを指す。,なし,なし,なし,なし,なし,なし,標準古語辞典・検定済み教科書（複数資料照合）,なし,なし
古文単語_単語Deck3_難関大・東大向け_300,CJ-000742,742,単語Deck3_難関大・東大向け,語彙,重要名詞,さはり,さわり,さわり｜障り,名詞,品詞=名詞,CJ-000742-C01,meaning,重要語義1,さはり,障害,障害｜妨げ｜差し支え,物事の進行を邪魔するものを指す。,なし,なし,なし,なし,なし,なし,標準古語辞典・検定済み教科書（複数資料照合）,なし,なし
古文単語_単語Deck3_難関大・東大向け_300,CJ-000743,743,単語Deck3_難関大・東大向け,語彙,重要名詞,しのびね,しのびね,忍び音,名詞,品詞=名詞,CJ-000743-C01,meaning,重要語義1,しのびね,声を抑えた泣き声,声を抑えた泣き声｜忍び泣き,人に聞かれないよう、声をひそめて泣くこと。,なし,なし,なし,なし,なし,なし,標準古語辞典・検定済み教科書（複数資料照合）,なし,なし
古文単語_単語Deck3_難関大・東大向け_300,CJ-000744,744,単語Deck3_難関大・東大向け,語彙,重要名詞,しれもの,しれもの,痴れ者,名詞,品詞=名詞,CJ-000744-C01,meaning,重要語義1,しれもの,愚か者,愚か者｜常識外れの人,道理をわきまえない人を指す。,なし,なし,なし,なし,なし,なし,標準古語辞典・検定済み教科書（複数資料照合）,なし,なし
古文単語_単語Deck3_難関大・東大向け_300,CJ-000745,745,単語Deck3_難関大・東大向け,語彙,重要名詞,すき,すき,数寄｜好き,名詞,品詞=名詞,CJ-000745-C01,meaning,重要語義1,すき,風流を好むこと,風流を好むこと｜趣味のよさ,和歌・音楽などの情趣を愛好すること。,なし,なし,なし,なし,なし,なし,標準古語辞典・検定済み教科書（複数資料照合）,なし,なし
古文単語_単語Deck3_難関大・東大向け_300,CJ-000745,745,単語Deck3_難関大・東大向け,語彙,重要名詞,すき,すき,数寄｜好き,名詞,品詞=名詞,CJ-000745-C02,meaning,重要語義2,すき,好色,好色｜恋愛を好むこと,男女の恋愛に強い関心を持つこと。,なし,なし,なし,なし,なし,なし,標準古語辞典・検定済み教科書（複数資料照合）,なし,なし
古文単語_単語Deck3_難関大・東大向け_300,CJ-000746,746,単語Deck3_難関大・東大向け,語彙,重要名詞,すみぞめ,すみぞめ,墨染め,名詞,品詞=名詞,CJ-000746-C01,meaning,重要語義1,すみぞめ,僧の黒い衣,僧の黒い衣｜僧衣,墨色に染めた僧侶の衣服を指す。,なし,なし,なし,なし,なし,なし,標準古語辞典・検定済み教科書（複数資料照合）,なし,なし
古文単語_単語Deck3_難関大・東大向け_300,CJ-000746,746,単語Deck3_難関大・東大向け,語彙,重要名詞,すみぞめ,すみぞめ,墨染め,名詞,品詞=名詞,CJ-000746-C02,meaning,重要語義2,すみぞめ,喪服,喪服｜黒い衣,死者を悼む際の黒い衣服を指す。,なし,なし,なし,なし,なし,なし,標準古語辞典・検定済み教科書（複数資料照合）,なし,なし
古文単語_単語Deck3_難関大・東大向け_300,CJ-000747,747,単語Deck3_難関大・東大向け,語彙,重要名詞,せ,せ,背,名詞,品詞=名詞,CJ-000747-C01,meaning,重要語義1,せ,夫,夫｜恋人｜男性,女性から見た夫・恋人・親しい男性を指す。,なし,なし,なし,なし,なし,なし,標準古語辞典・検定済み教科書（複数資料照合）,なし,なし
古文単語_単語Deck3_難関大・東大向け_300,CJ-000748,748,単語Deck3_難関大・東大向け,語彙,重要名詞,そのかみ,そのかみ,其の上,名詞,品詞=名詞,CJ-000748-C01,meaning,重要語義1,そのかみ,その昔,その昔｜以前｜当時,過去のある時点を指す。,なし,なし,なし,なし,なし,なし,標準古語辞典・検定済み教科書（複数資料照合）,なし,なし
古文単語_単語Deck3_難関大・東大向け_300,CJ-000749,749,単語Deck3_難関大・東大向け,語彙,重要名詞,つきごろ,つきごろ,月頃,名詞,品詞=名詞,CJ-000749-C01,meaning,重要語義1,つきごろ,ここ数か月,ここ数か月｜何か月もの間,最近の数か月、または長く続く月日を指す。,なし,なし,なし,なし,なし,なし,標準古語辞典・検定済み教科書（複数資料照合）,なし,なし
古文単語_単語Deck3_難関大・東大向け_300,CJ-000750,750,単語Deck3_難関大・東大向け,語彙,重要名詞,ひがおぼえ,ひがおぼえ,僻覚え,名詞,品詞=名詞,CJ-000750-C01,meaning,重要語義1,ひがおぼえ,思い違い,思い違い｜記憶違い｜誤った理解,記憶や認識を誤ること。,なし,なし,なし,なし,なし,なし,標準古語辞典・検定済み教科書（複数資料照合）,なし,なし
古文単語_単語Deck3_難関大・東大向け_300,CJ-000751,751,単語Deck3_難関大・東大向け,語彙,重要名詞,ひが聞き,ひがぎき,ひがぎき｜ひがみみ｜僻聞き,名詞,品詞=名詞,CJ-000751-C01,meaning,重要語義1,ひが聞き,聞き違い,聞き違い｜誤解,人の言葉を誤って聞いたり理解したりすること。,なし,なし,なし,なし,なし,なし,標準古語辞典・検定済み教科書（複数資料照合）,なし,なし
古文単語_単語Deck3_難関大・東大向け_300,CJ-000752,752,単語Deck3_難関大・東大向け,語彙,重要名詞,ひぐらし,ひぐらし,日暮らし｜蜩,名詞,品詞=名詞,CJ-000752-C01,meaning,重要語義1,ひぐらし,一日中,一日中｜朝から晩まで,一日を暮らし通す間を指す。,なし,なし,なし,なし,なし,なし,標準古語辞典・検定済み教科書（複数資料照合）,なし,なし
古文単語_単語Deck3_難関大・東大向け_300,CJ-000752,752,単語Deck3_難関大・東大向け,語彙,重要名詞,ひぐらし,ひぐらし,日暮らし｜蜩,名詞,品詞=名詞,CJ-000752-C02,meaning,重要語義2,ひぐらし,セミの一種,セミの一種｜蜩,夕方などに鳴くヒグラシを指す。,なし,なし,なし,なし,なし,なし,標準古語辞典・検定済み教科書（複数資料照合）,なし,蜩=ひぐらし
古文単語_単語Deck3_難関大・東大向け_300,CJ-000753,753,単語Deck3_難関大・東大向け,語彙,重要名詞,ひとかず,ひとかず,人数,名詞,品詞=名詞,CJ-000753-C01,meaning,重要語義1,ひとかず,人並みの身分,人並みの身分｜一人前としての扱い,社会の中で人として数えられ、尊重される立場を指す。,なし,なし,なし,なし,なし,なし,標準古語辞典・検定済み教科書（複数資料照合）,なし,なし
古文単語_単語Deck3_難関大・東大向け_300,CJ-000754,754,単語Deck3_難関大・東大向け,語彙,重要名詞,ひとのくに,ひとのくに,人の国,名詞,品詞=名詞,CJ-000754-C01,meaning,重要語義1,ひとのくに,よその国,よその国｜他国｜他の地方,自分の国・土地とは異なる場所を指す。,なし,なし,なし,なし,なし,なし,標準古語辞典・検定済み教科書（複数資料照合）,なし,なし
古文単語_単語Deck3_難関大・東大向け_300,CJ-000755,755,単語Deck3_難関大・東大向け,語彙,重要名詞,まめごと,まめごと,実事,名詞,品詞=名詞,CJ-000755-C01,meaning,重要語義1,まめごと,まじめなこと,まじめなこと｜本気の話｜誠実な行為,冗談や恋の遊びではない、真剣な事柄を指す。,なし,なし,なし,なし,なし,なし,標準古語辞典・検定済み教科書（複数資料照合）,なし,なし
古文単語_単語Deck3_難関大・東大向け_300,CJ-000755,755,単語Deck3_難関大・東大向け,語彙,重要名詞,まめごと,まめごと,実事,名詞,品詞=名詞,CJ-000755-C02,meaning,重要語義2,まめごと,実用的なこと,実用的なこと｜日常の仕事,風流よりも生活に直接役立つ事柄を指す。,なし,なし,なし,なし,なし,なし,標準古語辞典・検定済み教科書（複数資料照合）,なし,なし
古文単語_単語Deck3_難関大・東大向け_300,CJ-000756,756,単語Deck3_難関大・東大向け,語彙,重要名詞,やまとだましひ,やまとだましい,やまとだましい｜大和魂,名詞,品詞=名詞,CJ-000756-C01,meaning,重要語義1,やまとだましひ,実生活上の判断力,実生活上の判断力｜日本的な実務能力,漢学的知識に対し、現実の場で適切に判断・行動する力を指す。,なし,なし,なし,なし,なし,なし,標準古語辞典・検定済み教科書（複数資料照合）,なし,なし
古文単語_単語Deck3_難関大・東大向け_300,CJ-000757,757,単語Deck3_難関大・東大向け,語彙,重要名詞,よしなしごと,よしなしごと,由無し事,名詞,品詞=名詞,CJ-000757-C01,meaning,重要語義1,よしなしごと,とりとめのないこと,とりとめのないこと｜つまらないこと｜雑事,特別な理由やまとまりのない事柄を指す。,なし,なし,なし,なし,なし,なし,標準古語辞典・検定済み教科書（複数資料照合）,なし,なし
古文単語_単語Deck3_難関大・東大向け_300,CJ-000758,758,単語Deck3_難関大・東大向け,語彙,重要名詞,をこ,おこ,おこ｜痴,名詞,品詞=名詞,CJ-000758-C01,meaning,重要語義1,をこ,愚かさ,愚かさ｜ばかげたこと,道理に外れた愚かな状態を指す。,なし,なし,なし,なし,なし,なし,標準古語辞典・検定済み教科書（複数資料照合）,なし,なし
古文単語_単語Deck3_難関大・東大向け_300,CJ-000758,758,単語Deck3_難関大・東大向け,語彙,重要名詞,をこ,おこ,おこ｜痴,名詞,品詞=名詞,CJ-000758-C02,meaning,重要語義2,をこ,愚か者,愚か者｜ばか,愚かな人を指す。,なし,なし,なし,なし,なし,なし,標準古語辞典・検定済み教科書（複数資料照合）,なし,なし
古文単語_単語Deck3_難関大・東大向け_300,CJ-000759,759,単語Deck3_難関大・東大向け,語彙,重要名詞,をとこ,おとこ,おとこ｜男,名詞,品詞=名詞,CJ-000759-C01,meaning,重要語義1,をとこ,男性,男性｜男,成人の男性を指す。,なし,なし,なし,なし,なし,なし,標準古語辞典・検定済み教科書（複数資料照合）,なし,なし
古文単語_単語Deck3_難関大・東大向け_300,CJ-000759,759,単語Deck3_難関大・東大向け,語彙,重要名詞,をとこ,おとこ,おとこ｜男,名詞,品詞=名詞,CJ-000759-C02,meaning,重要語義2,をとこ,夫・恋人,夫・恋人｜通って来る男性,女性から見た配偶者や恋人を指す。,なし,なし,なし,なし,なし,なし,標準古語辞典・検定済み教科書（複数資料照合）,なし,なし
古文単語_単語Deck3_難関大・東大向け_300,CJ-000760,760,単語Deck3_難関大・東大向け,語彙,重要名詞,をのこ,おのこ,おのこ｜男子,名詞,品詞=名詞,CJ-000760-C01,meaning,重要語義1,をのこ,男性,男性｜男,男性一般を指す。,なし,なし,なし,なし,なし,なし,標準古語辞典・検定済み教科書（複数資料照合）,なし,なし
古文単語_単語Deck3_難関大・東大向け_300,CJ-000760,760,単語Deck3_難関大・東大向け,語彙,重要名詞,をのこ,おのこ,おのこ｜男子,名詞,品詞=名詞,CJ-000760-C02,meaning,重要語義2,をのこ,男子,男子｜男の子,男性の子どもを指す。,なし,なし,なし,なし,なし,なし,標準古語辞典・検定済み教科書（複数資料照合）,なし,なし
古文単語_単語Deck3_難関大・東大向け_300,CJ-000761,761,単語Deck3_難関大・東大向け,語彙,重要感動詞,あはれ,あわれ,あわれ,感動詞,品詞=感動詞,CJ-000761-C01,meaning,重要語義1,あはれ,ああ,ああ｜まあ,感動・詠嘆を表す語。文脈によって、しみじみとした感動や同情を伴う。,なし,なし,なし,なし,なし,なし,標準古語辞典・検定済み教科書（複数資料照合）,なし,なし
古文単語_単語Deck3_難関大・東大向け_300,CJ-000762,762,単語Deck3_難関大・東大向け,語彙,重要感動詞,あな,あな,なし,感動詞,品詞=感動詞,CJ-000762-C01,meaning,重要語義1,あな,ああ,ああ｜まあ,驚き・感動・悲しみなどを表す感動詞。,なし,なし,なし,なし,なし,なし,標準古語辞典・検定済み教科書（複数資料照合）,なし,なし
古文単語_単語Deck3_難関大・東大向け_300,CJ-000763,763,単語Deck3_難関大・東大向け,語彙,重要連語,ありし,ありし,なし,連語,品詞=連語,CJ-000763-C01,meaning,重要語義1,ありし,以前の,以前の｜昔の｜生前の,過去に存在した人や物事を指して「以前の」「生前の」と表す。,なし,なし,なし,なし,なし,なし,標準古語辞典・検定済み教科書（複数資料照合）,なし,なし
古文単語_単語Deck3_難関大・東大向け_300,CJ-000764,764,単語Deck3_難関大・東大向け,語彙,重要連語,ありつる,ありつる,なし,連語,品詞=連語,CJ-000764-C01,meaning,重要語義1,ありつる,さきほどの,さきほどの｜先ほどあった,少し前にあった人・物事を指す。,なし,なし,なし,なし,なし,なし,標準古語辞典・検定済み教科書（複数資料照合）,なし,なし
古文単語_単語Deck3_難関大・東大向け_300,CJ-000765,765,単語Deck3_難関大・東大向け,語彙,重要副詞,そこら,そこら,なし,副詞,品詞=副詞,CJ-000765-C01,meaning,重要語義1,そこら,たくさん,たくさん｜非常に多く,数量・程度が非常に多いことを表す。,なし,なし,なし,なし,なし,なし,標準古語辞典・検定済み教科書（複数資料照合）,なし,なし
古文単語_単語Deck3_難関大・東大向け_300,CJ-000766,766,単語Deck3_難関大・東大向け,語彙,重要感動詞,な（感動詞）,な,な,感動詞,品詞=感動詞,CJ-000766-C01,meaning,重要語義1,な（感動詞）,なあ,なあ｜ねえ,相手への呼びかけや念押しに用いる。,なし,なし,なし,なし,なし,なし,標準古語辞典・検定済み教科書（複数資料照合）,なし,なし
古文単語_単語Deck3_難関大・東大向け_300,CJ-000767,767,単語Deck3_難関大・東大向け,語彙,重要副詞,はやう,はよう,はよう｜はやく,副詞,品詞=副詞,CJ-000767-C01,meaning,重要語義1,はやう,早く,早く｜すみやかに,時刻・時期が早いこと、動作を急ぐことを表す。,なし,なし,なし,なし,なし,なし,標準古語辞典・検定済み教科書（複数資料照合）,なし,なし
古文単語_単語Deck3_難関大・東大向け_300,CJ-000768,768,単語Deck3_難関大・東大向け,語彙,重要副詞,まだき,まだき,なし,副詞,品詞=副詞,CJ-000768-C01,meaning,重要語義1,まだき,まだその時でないのに,まだその時でないのに｜早くも,本来の時期より早いことを表す。,なし,なし,なし,なし,なし,なし,標準古語辞典・検定済み教科書（複数資料照合）,なし,なし
古文単語_単語Deck3_難関大・東大向け_300,CJ-000769,769,単語Deck3_難関大・東大向け,語彙,重要連語,あかず,あかず,なし,連語,品詞=連語,CJ-000769-C01,meaning,重要語義1,あかず,満足しない,満足しない｜物足りない,「飽く」の未然形に打消の「ず」が付き、十分だと思わないことを表す。,なし,なし,なし,なし,なし,なし,標準古語辞典・検定済み教科書（複数資料照合）,なし,なし
古文単語_単語Deck3_難関大・東大向け_300,CJ-000769,769,単語Deck3_難関大・東大向け,語彙,重要連語,あかず,あかず,なし,連語,品詞=連語,CJ-000769-C02,meaning,重要語義2,あかず,飽きない,飽きない｜いつまでも見ていたい,対象に心を引かれ、見聞きしても飽きないことを表す。,なし,なし,なし,なし,なし,なし,標準古語辞典・検定済み教科書（複数資料照合）,なし,なし
古文単語_単語Deck3_難関大・東大向け_300,CJ-000770,770,単語Deck3_難関大・東大向け,語彙,重要感動詞,あなかま,あなかま,なし,感動詞,品詞=感動詞,CJ-000770-C01,meaning,重要語義1,あなかま,しっ、静かに,しっ、静かに｜うるさい,人を制止し、静かにさせるときに用いる。,なし,なし,なし,なし,なし,なし,標準古語辞典・検定済み教科書（複数資料照合）,なし,なし
古文単語_単語Deck3_難関大・東大向け_300,CJ-000771,771,単語Deck3_難関大・東大向け,語彙,重要連語,いかがはすべき,いかがはすべき,いかがはせむ,連語,品詞=連語,CJ-000771-C01,meaning,重要語義1,いかがはすべき,どうしたらよいだろう,どうしたらよいだろう｜どうしようか,対処の方法が分からない気持ちを表す。,なし,なし,なし,なし,なし,なし,標準古語辞典・検定済み教科書（複数資料照合）,なし,なし
古文単語_単語Deck3_難関大・東大向け_300,CJ-000772,772,単語Deck3_難関大・東大向け,語彙,重要連語,いたづらになる,いたずらになる,いたずらになる,連語,品詞=連語,CJ-000772-C01,meaning,重要語義1,いたづらになる,死ぬ,死ぬ｜むなしくなる,人の命がむなしく終わることを婉曲に表す。,なし,なし,なし,なし,なし,なし,標準古語辞典・検定済み教科書（複数資料照合）,なし,なし
古文単語_単語Deck3_難関大・東大向け_300,CJ-000772,772,単語Deck3_難関大・東大向け,語彙,重要連語,いたづらになる,いたずらになる,いたずらになる,連語,品詞=連語,CJ-000772-C02,meaning,重要語義2,いたづらになる,無駄になる,無駄になる｜役に立たなくなる,物事が成果を生まずに終わることを表す。,なし,なし,なし,なし,なし,なし,標準古語辞典・検定済み教科書（複数資料照合）,なし,なし
古文単語_単語Deck3_難関大・東大向け_300,CJ-000773,773,単語Deck3_難関大・東大向け,語彙,重要形容詞,いふかたなし,いうかたなし,いうかたなし｜言ふ方なし,形容詞,品詞=形容詞,CJ-000773-C01,meaning,重要語義1,いふかたなし,言いようがない,言いようがない｜言葉では表せない,程度が甚だしく、言葉で表現できないことを表す。,なし,なし,なし,なし,なし,なし,標準古語辞典・検定済み教科書（複数資料照合）,なし,なし
古文単語_単語Deck3_難関大・東大向け_300,CJ-000773,773,単語Deck3_難関大・東大向け,語彙,重要形容詞,いふかたなし,いうかたなし,いうかたなし｜言ふ方なし,形容詞,品詞=形容詞,CJ-000773-C02,meaning,重要語義2,いふかたなし,どうしようもない,どうしようもない｜仕方がない,手段がなく、対処できないことを表す。,なし,なし,なし,なし,なし,なし,標準古語辞典・検定済み教科書（複数資料照合）,なし,なし
古文単語_単語Deck3_難関大・東大向け_300,CJ-000774,774,単語Deck3_難関大・東大向け,語彙,重要連語,いふもさらなり,いうもさらなり,いうもさらなり｜いへばさらなり｜いえばさらなり,連語,品詞=連語,CJ-000774-C01,meaning,重要語義1,いふもさらなり,言うまでもない,言うまでもない｜もちろんだ,改めて言う必要もないほど当然であることを表す。,なし,なし,なし,なし,なし,なし,標準古語辞典・検定済み教科書（複数資料照合）,なし,なし
古文単語_単語Deck3_難関大・東大向け_300,CJ-000775,775,単語Deck3_難関大・東大向け,語彙,重要連語,かたちかふ,かたちかう,かたちかう｜形変ふ｜かしらおろす｜頭下ろす,連語,品詞=連語,CJ-000775-C01,meaning,重要語義1,かたちかふ,出家する,出家する｜髪を切って僧・尼になる,髪形を変えることから、出家することを表す。,なし,なし,なし,なし,なし,なし,標準古語辞典・検定済み教科書（複数資料照合）,なし,なし
古文単語_単語Deck3_難関大・東大向け_300,CJ-000776,776,単語Deck3_難関大・東大向け,語彙,重要連語,よをそむく,よをそむく,世を背く｜よをすつ｜世を捨つ,連語,品詞=連語,CJ-000776-C01,meaning,重要語義1,よをそむく,出家する,出家する｜俗世を捨てる,世俗の生活に背を向けて仏道に入ることを表す。,なし,なし,なし,なし,なし,なし,標準古語辞典・検定済み教科書（複数資料照合）,なし,なし
古文単語_単語Deck3_難関大・東大向け_300,CJ-000777,777,単語Deck3_難関大・東大向け,語彙,重要連語,けしうはあらず,けしゅうはあらず,けしゅうはあらず,連語,品詞=連語,CJ-000777-C01,meaning,重要語義1,けしうはあらず,悪くはない,悪くはない｜まあよい,「けし」の連用形に打消が付き、まずまずよいことを表す。,なし,なし,なし,なし,なし,なし,標準古語辞典・検定済み教科書（複数資料照合）,なし,なし
古文単語_単語Deck3_難関大・東大向け_300,CJ-000778,778,単語Deck3_難関大・東大向け,語彙,重要連語,けしからず,けしからず,なし,連語,品詞=連語,CJ-000778-C01,meaning,重要語義1,けしからず,異常だ,異常だ｜普通でない,通常の状態から大きく外れていることを表す。,なし,なし,なし,なし,なし,なし,標準古語辞典・検定済み教科書（複数資料照合）,なし,なし
古文単語_単語Deck3_難関大・東大向け_300,CJ-000778,778,単語Deck3_難関大・東大向け,語彙,重要連語,けしからず,けしからず,なし,連語,品詞=連語,CJ-000778-C02,meaning,重要語義2,けしからず,とんでもない,とんでもない｜好ましくない,道理や礼儀に反していて非難すべきことを表す。,なし,なし,なし,なし,なし,なし,標準古語辞典・検定済み教科書（複数資料照合）,なし,なし
古文単語_単語Deck3_難関大・東大向け_300,CJ-000779,779,単語Deck3_難関大・東大向け,語彙,重要連語,さてあるべきならず,さてあるべきならず,なし,連語,品詞=連語,CJ-000779-C01,meaning,重要語義1,さてあるべきならず,そのままでよいはずがない,そのままでよいはずがない｜放置できない,現状のままにしておけないことを表す。,なし,なし,なし,なし,なし,なし,標準古語辞典・検定済み教科書（複数資料照合）,なし,なし
古文単語_単語Deck3_難関大・東大向け_300,CJ-000780,780,単語Deck3_難関大・東大向け,語彙,重要連語,さらず,さらず,なし,連語,品詞=連語,CJ-000780-C01,meaning,重要語義1,さらず,そうでなければ,そうでなければ｜さもなければ,前に述べたことと異なる場合を仮定する。,なし,なし,なし,なし,なし,なし,標準古語辞典・検定済み教科書（複数資料照合）,なし,なし
古文単語_単語Deck3_難関大・東大向け_300,CJ-000781,781,単語Deck3_難関大・東大向け,語彙,重要連語,さらぬわかれ,さらぬわかれ,さらぬ別れ,連語,品詞=連語,CJ-000781-C01,meaning,重要語義1,さらぬわかれ,死別,死別｜避けられない別れ,避けることのできない別れ、特に死による別れを指す。,なし,なし,なし,なし,なし,なし,標準古語辞典・検定済み教科書（複数資料照合）,なし,なし
古文単語_単語Deck3_難関大・東大向け_300,CJ-000782,782,単語Deck3_難関大・東大向け,語彙,重要連語,さるべき,さるべき,なし,連語,品詞=連語,CJ-000782-C01,meaning,重要語義1,さるべき,そうなるはずの,そうなるはずの｜しかるべき,運命・道理として当然そうなることを表す。,なし,なし,なし,なし,なし,なし,標準古語辞典・検定済み教科書（複数資料照合）,なし,なし
古文単語_単語Deck3_難関大・東大向け_300,CJ-000782,782,単語Deck3_難関大・東大向け,語彙,重要連語,さるべき,さるべき,なし,連語,品詞=連語,CJ-000782-C02,meaning,重要語義2,さるべき,ふさわしい,ふさわしい｜相当な,人・場面に適していることを表す。,なし,なし,なし,なし,なし,なし,標準古語辞典・検定済み教科書（複数資料照合）,なし,なし
古文単語_単語Deck3_難関大・東大向け_300,CJ-000783,783,単語Deck3_難関大・東大向け,語彙,重要連語,ただならず,ただならず,なし,連語,品詞=連語,CJ-000783-C01,meaning,重要語義1,ただならず,普通ではない,普通ではない｜尋常でない,通常とは異なる重大な状態を表す。,なし,なし,なし,なし,なし,なし,標準古語辞典・検定済み教科書（複数資料照合）,なし,なし
古文単語_単語Deck3_難関大・東大向け_300,CJ-000783,783,単語Deck3_難関大・東大向け,語彙,重要連語,ただならず,ただならず,なし,連語,品詞=連語,CJ-000783-C02,meaning,重要語義2,ただならず,妊娠している,妊娠している｜身ごもっている,女性が通常の身体状態ではないことを婉曲に表す。,なし,なし,なし,なし,なし,なし,標準古語辞典・検定済み教科書（複数資料照合）,なし,なし
古文単語_単語Deck3_難関大・東大向け_300,CJ-000784,784,単語Deck3_難関大・東大向け,語彙,重要連語,れいならず,れいならず,例ならず,連語,品詞=連語,CJ-000784-C01,meaning,重要語義1,れいならず,いつもと違う,いつもと違う｜普段どおりでない,平常の状態ではないことを表す。,なし,なし,なし,なし,なし,なし,標準古語辞典・検定済み教科書（複数資料照合）,なし,なし
古文単語_単語Deck3_難関大・東大向け_300,CJ-000784,784,単語Deck3_難関大・東大向け,語彙,重要連語,れいならず,れいならず,例ならず,連語,品詞=連語,CJ-000784-C02,meaning,重要語義2,れいならず,病気だ,病気だ｜具合が悪い,普段と違って体調が悪いことを婉曲に表す。,なし,なし,なし,なし,なし,なし,標準古語辞典・検定済み教科書（複数資料照合）,なし,なし
古文単語_単語Deck3_難関大・東大向け_300,CJ-000785,785,単語Deck3_難関大・東大向け,語彙,重要連語,なのめならず,なのめならず,なべてならず,連語,品詞=連語,CJ-000785-C01,meaning,重要語義1,なのめならず,並一通りでない,並一通りでない｜格別だ｜非常だ,程度が普通ではなく、たいへんであることを表す。,なし,なし,なし,なし,なし,なし,標準古語辞典・検定済み教科書（複数資料照合）,なし,なし
古文単語_単語Deck3_難関大・東大向け_300,CJ-000786,786,単語Deck3_難関大・東大向け,語彙,重要連語,はかなくなる,はかなくなる,むなしくなる,連語,品詞=連語,CJ-000786-C01,meaning,重要語義1,はかなくなる,死ぬ,死ぬ｜亡くなる,命がはかなく消えることを婉曲に表す。,なし,なし,なし,なし,なし,なし,標準古語辞典・検定済み教科書（複数資料照合）,なし,なし
古文単語_単語Deck3_難関大・東大向け_300,CJ-000787,787,単語Deck3_難関大・東大向け,語彙,重要名詞,あさぼらけ,あさぼらけ,なし,名詞,品詞=名詞,CJ-000787-C01,meaning,重要語義1,あさぼらけ,夜が明けてほのかに明るくなったころ,夜が明けてほのかに明るくなったころ｜明け方,夜明けの空がぼんやり明るくなる時間帯を指す。,なし,なし,なし,なし,なし,なし,標準古語辞典・検定済み教科書（複数資料照合）,なし,なし
古文単語_単語Deck3_難関大・東大向け_300,CJ-000788,788,単語Deck3_難関大・東大向け,語彙,重要名詞,あはひ,あわい,あわい｜間,名詞,品詞=名詞,CJ-000788-C01,meaning,重要語義1,あはひ,間,間｜すき間｜中間,二つの物・時点の間を指す。,なし,なし,なし,なし,なし,なし,標準古語辞典・検定済み教科書（複数資料照合）,なし,なし
古文単語_単語Deck3_難関大・東大向け_300,CJ-000788,788,単語Deck3_難関大・東大向け,語彙,重要名詞,あはひ,あわい,あわい｜間,名詞,品詞=名詞,CJ-000788-C02,meaning,重要語義2,あはひ,関係,関係｜間柄,人と人との関係を指す。,なし,なし,なし,なし,なし,なし,標準古語辞典・検定済み教科書（複数資料照合）,なし,なし
古文単語_単語Deck3_難関大・東大向け_300,CJ-000789,789,単語Deck3_難関大・東大向け,語彙,重要名詞,あだしごころ,あだしごころ,他し心,名詞,品詞=名詞,CJ-000789-C01,meaning,重要語義1,あだしごころ,浮気心,浮気心｜移り気,一人の相手に定まらず、別の相手へ移る心を指す。,なし,なし,なし,なし,なし,なし,標準古語辞典・検定済み教科書（複数資料照合）,なし,なし
古文単語_単語Deck3_難関大・東大向け_300,CJ-000790,790,単語Deck3_難関大・東大向け,語彙,重要名詞,あだしよ,あだしよ,他し世,名詞,品詞=名詞,CJ-000790-C01,meaning,重要語義1,あだしよ,はかない世,はかない世｜無常な世｜仮の世,変化しやすく、永続しないこの世を指す。,なし,なし,なし,なし,なし,なし,標準古語辞典・検定済み教科書（複数資料照合）,なし,なし
古文単語_単語Deck3_難関大・東大向け_300,CJ-000791,791,単語Deck3_難関大・東大向け,語彙,重要名詞,あめのした,あめのした,天の下,名詞,品詞=名詞,CJ-000791-C01,meaning,重要語義1,あめのした,天下,天下｜世の中｜国中,空の下にある世界・国全体を指す。,なし,なし,なし,なし,なし,なし,標準古語辞典・検定済み教科書（複数資料照合）,なし,なし
古文単語_単語Deck3_難関大・東大向け_300,CJ-000792,792,単語Deck3_難関大・東大向け,語彙,重要名詞,いろごのみ,いろごのみ,色好み,名詞,品詞=名詞,CJ-000792-C01,meaning,重要語義1,いろごのみ,恋愛を好むこと,恋愛を好むこと｜好色,男女の恋に積極的であることを指す。,なし,なし,なし,なし,なし,なし,標準古語辞典・検定済み教科書（複数資料照合）,なし,なし
古文単語_単語Deck3_難関大・東大向け_300,CJ-000792,792,単語Deck3_難関大・東大向け,語彙,重要名詞,いろごのみ,いろごのみ,色好み,名詞,品詞=名詞,CJ-000792-C02,meaning,重要語義2,いろごのみ,風流を好むこと,風流を好むこと｜情趣を解すること,恋愛だけでなく、和歌・音楽などの雅な情趣を愛することも表す。,なし,なし,なし,なし,なし,なし,標準古語辞典・検定済み教科書（複数資料照合）,なし,なし
古文単語_単語Deck3_難関大・東大向け_300,CJ-000793,793,単語Deck3_難関大・東大向け,語彙,重要名詞,うきね,うきね,浮き寝｜憂き寝,名詞,品詞=名詞,CJ-000793-C01,meaning,重要語義1,うきね,水に浮かんで寝ること,水に浮かんで寝ること｜水鳥の寝方,水鳥などが水面に浮かんで眠ることを指す。,なし,なし,なし,なし,なし,なし,標準古語辞典・検定済み教科書（複数資料照合）,なし,なし
古文単語_単語Deck3_難関大・東大向け_300,CJ-000793,793,単語Deck3_難関大・東大向け,語彙,重要名詞,うきね,うきね,浮き寝｜憂き寝,名詞,品詞=名詞,CJ-000793-C02,meaning,重要語義2,うきね,つらい思いで寝ること,つらい思いで寝ること｜悲しい旅寝,「憂き寝」と掛け、悲しみの中で寝ることを表す。,なし,なし,なし,なし,なし,なし,標準古語辞典・検定済み教科書（複数資料照合）,なし,なし
古文単語_単語Deck3_難関大・東大向け_300,CJ-000794,794,単語Deck3_難関大・東大向け,語彙,重要名詞,おいさき,おいさき,生ひ先｜生い先,名詞,品詞=名詞,CJ-000794-C01,meaning,重要語義1,おいさき,将来,将来｜行く末｜将来性,これから成長していく先や将来の見込みを指す。,なし,なし,なし,なし,なし,なし,標準古語辞典・検定済み教科書（複数資料照合）,なし,なし
古文単語_単語Deck3_難関大・東大向け_300,CJ-000795,795,単語Deck3_難関大・東大向け,語彙,重要名詞,かざし,かざし,挿頭,名詞,品詞=名詞,CJ-000795-C01,meaning,重要語義1,かざし,髪や冠に挿す飾り,髪や冠に挿す飾り｜挿頭,花や枝などを髪・冠に挿した装飾を指す。,なし,なし,なし,なし,なし,なし,標準古語辞典・検定済み教科書（複数資料照合）,なし,挿頭=かざし
古文単語_単語Deck3_難関大・東大向け_300,CJ-000796,796,単語Deck3_難関大・東大向け,語彙,重要名詞,かたしろ,かたしろ,形代,名詞,品詞=名詞,CJ-000796-C01,meaning,重要語義1,かたしろ,身代わりの人形,身代わりの人形｜人の代わりとなるもの,災い・けがれを移すため、人の代わりに用いる人形などを指す。,なし,なし,なし,なし,なし,なし,標準古語辞典・検定済み教科書（複数資料照合）,なし,なし
古文単語_単語Deck3_難関大・東大向け_300,CJ-000797,797,単語Deck3_難関大・東大向け,語彙,重要名詞,かづら,かずら,かずら｜鬘｜蔓,名詞,品詞=名詞,CJ-000797-C01,meaning,重要語義1,かづら,髪飾り,髪飾り｜かつら,植物などを輪にして頭に着ける飾りを指す。,なし,なし,なし,なし,なし,なし,標準古語辞典・検定済み教科書（複数資料照合）,なし,なし
古文単語_単語Deck3_難関大・東大向け_300,CJ-000797,797,単語Deck3_難関大・東大向け,語彙,重要名詞,かづら,かずら,かずら｜鬘｜蔓,名詞,品詞=名詞,CJ-000797-C02,meaning,重要語義2,かづら,つる草,つる草｜蔓性植物,他の物に絡みついて伸びる植物を指す。,なし,なし,なし,なし,なし,なし,標準古語辞典・検定済み教科書（複数資料照合）,なし,なし
古文単語_単語Deck3_難関大・東大向け_300,CJ-000798,798,単語Deck3_難関大・東大向け,語彙,重要名詞,かへりごと,かえりごと,かえりごと｜返り事,名詞,品詞=名詞,CJ-000798-C01,meaning,重要語義1,かへりごと,返事,返事｜返答,手紙・問いかけなどへの答えを指す。,なし,なし,なし,なし,なし,なし,標準古語辞典・検定済み教科書（複数資料照合）,なし,なし
古文単語_単語Deck3_難関大・東大向け_300,CJ-000798,798,単語Deck3_難関大・東大向け,語彙,重要名詞,かへりごと,かえりごと,かえりごと｜返り事,名詞,品詞=名詞,CJ-000798-C02,meaning,重要語義2,かへりごと,返歌,返歌｜歌への返事,贈られた和歌に対して返す歌を指す。,なし,なし,なし,なし,なし,なし,標準古語辞典・検定済み教科書（複数資料照合）,なし,なし
古文単語_単語Deck3_難関大・東大向け_300,CJ-000799,799,単語Deck3_難関大・東大向け,語彙,重要名詞,ことづて,ことずて,ことずて｜言伝て,名詞,品詞=名詞,CJ-000799-C01,meaning,重要語義1,ことづて,伝言,伝言｜人づての知らせ,人を介して言葉や消息を伝えることを指す。,なし,なし,なし,なし,なし,なし,標準古語辞典・検定済み教科書（複数資料照合）,なし,なし
古文単語_単語Deck3_難関大・東大向け_300,CJ-000800,800,単語Deck3_難関大・東大向け,語彙,重要名詞,おもかげ,おもかげ,面影,名詞,品詞=名詞,CJ-000800-C01,meaning,重要語義1,おもかげ,面影,面影｜目に浮かぶ姿｜昔の姿,記憶に残り、目の前に浮かぶように感じられる姿を指す。,なし,なし,なし,なし,なし,なし,標準古語辞典・検定済み教科書（複数資料照合）,なし,なし
古文単語_単語Deck3_難関大・東大向け_300,CJ-000801,801,単語Deck3_難関大・東大向け,語彙,重要名詞,さぶらひ,さぶらい,さぶらい｜侍,名詞,品詞=名詞,CJ-000801-C01,meaning,重要語義1,さぶらひ,貴人に仕える人,貴人に仕える人｜従者｜侍,身分の高い人のそばに仕える者を指す。,なし,なし,なし,なし,なし,なし,標準古語辞典・検定済み教科書（複数資料照合）,なし,なし
古文単語_単語Deck3_難関大・東大向け_300,CJ-000802,802,単語Deck3_難関大・東大向け,語彙,重要名詞,しほじ,しおじ,しおじ｜潮路,名詞,品詞=名詞,CJ-000802-C01,meaning,重要語義1,しほじ,海路,海路｜潮の道,船で海を行く道筋を指す。,なし,なし,なし,なし,なし,なし,標準古語辞典・検定済み教科書（複数資料照合）,なし,なし
古文単語_単語Deck3_難関大・東大向け_300,CJ-000803,803,単語Deck3_難関大・東大向け,語彙,重要名詞,たまのを,たまのお,玉の緒,名詞,品詞=名詞,CJ-000803-C01,meaning,重要語義1,たまのを,命,命｜生命,魂を身体につなぐ緒にたとえ、命を表す。,なし,なし,なし,なし,なし,なし,標準古語辞典・検定済み教科書（複数資料照合）,なし,なし
古文単語_単語Deck3_難関大・東大向け_300,CJ-000804,804,単語Deck3_難関大・東大向け,語彙,重要名詞,つまどひ,つまどい,つまどい｜妻問い,名詞,品詞=名詞,CJ-000804-C01,meaning,重要語義1,つまどひ,求婚,求婚｜異性のもとへ通うこと,男性が結婚・恋愛を求めて女性のもとへ通うことを指す。,なし,なし,なし,なし,なし,なし,標準古語辞典・検定済み教科書（複数資料照合）,なし,なし
古文単語_単語Deck3_難関大・東大向け_300,CJ-000805,805,単語Deck3_難関大・東大向け,語彙,重要名詞,てならひ,てならい,てならい｜手習ひ,名詞,品詞=名詞,CJ-000805-C01,meaning,重要語義1,てならひ,習字,習字｜文字を書く練習,文字・書道を習うことを指す。,なし,なし,なし,なし,なし,なし,標準古語辞典・検定済み教科書（複数資料照合）,なし,なし
古文単語_単語Deck3_難関大・東大向け_300,CJ-000806,806,単語Deck3_難関大・東大向け,語彙,重要名詞,としなみ,としなみ,年波,名詞,品詞=名詞,CJ-000806-C01,meaning,重要語義1,としなみ,年齢,年齢｜年を重ねること,積み重なった年月や年齢を指す。,なし,なし,なし,なし,なし,なし,標準古語辞典・検定済み教科書（複数資料照合）,なし,なし
古文単語_単語Deck3_難関大・東大向け_300,CJ-000807,807,単語Deck3_難関大・東大向け,語彙,重要代名詞,なにがし,なにがし,某｜何某,代名詞,品詞=代名詞,CJ-000807-C01,meaning,重要語義1,なにがし,ある人,ある人｜某｜何某,名を明示しない人を指す。自称として「私」の意になることもある。,なし,なし,なし,なし,なし,なし,標準古語辞典・検定済み教科書（複数資料照合）,なし,なし
古文単語_単語Deck3_難関大・東大向け_300,CJ-000808,808,単語Deck3_難関大・東大向け,語彙,重要名詞,はらへ,はらえ,はらえ｜祓へ,名詞,品詞=名詞,CJ-000808-C01,meaning,重要語義1,はらへ,罪やけがれを清める儀式,罪やけがれを清める儀式｜お祓い,神に祈り、罪・穢れを取り除く儀式を指す。,なし,なし,なし,なし,なし,なし,標準古語辞典・検定済み教科書（複数資料照合）,なし,穢れ=けがれ
古文単語_単語Deck3_難関大・東大向け_300,CJ-000809,809,単語Deck3_難関大・東大向け,語彙,重要名詞,ひな,ひな,鄙,名詞,品詞=名詞,CJ-000809-C01,meaning,重要語義1,ひな,田舎,田舎｜都から離れた地方,都から遠い地方を指す。,なし,なし,なし,なし,なし,なし,標準古語辞典・検定済み教科書（複数資料照合）,なし,なし
古文単語_単語Deck3_難関大・東大向け_300,CJ-000810,810,単語Deck3_難関大・東大向け,語彙,重要名詞,ふたごころ,ふたごころ,二心,名詞,品詞=名詞,CJ-000810-C01,meaning,重要語義1,ふたごころ,浮気心,浮気心｜裏切る心｜二心,一人に心を定めず、別の相手・目的へ向かう心を指す。,なし,なし,なし,なし,なし,なし,標準古語辞典・検定済み教科書（複数資料照合）,なし,なし
古文単語_単語Deck3_難関大・東大向け_300,CJ-000811,811,単語Deck3_難関大・東大向け,語彙,重要名詞,みそかごと,みそかごと,密か事,名詞,品詞=名詞,CJ-000811-C01,meaning,重要語義1,みそかごと,秘密のこと,秘密のこと｜内緒話,人に知られないようにする事柄を指す。,なし,なし,なし,なし,なし,なし,標準古語辞典・検定済み教科書（複数資料照合）,なし,なし
古文単語_単語Deck3_難関大・東大向け_300,CJ-000811,811,単語Deck3_難関大・東大向け,語彙,重要名詞,みそかごと,みそかごと,密か事,名詞,品詞=名詞,CJ-000811-C02,meaning,重要語義2,みそかごと,ひそかな恋,ひそかな恋｜密通,人目を忍ぶ男女関係を指す。,なし,なし,なし,なし,なし,なし,標準古語辞典・検定済み教科書（複数資料照合）,なし,なし
古文単語_単語Deck3_難関大・東大向け_300,CJ-000812,812,単語Deck3_難関大・東大向け,語彙,重要名詞,ものまうで,ものもうで,ものもうで｜物詣で,名詞,品詞=名詞,CJ-000812-C01,meaning,重要語義1,ものまうで,寺社参詣,寺社参詣｜寺社へお参りすること,寺や神社へ参詣することを指す。,なし,なし,なし,なし,なし,なし,標準古語辞典・検定済み教科書（複数資料照合）,なし,なし
古文単語_単語Deck3_難関大・東大向け_300,CJ-000813,813,単語Deck3_難関大・東大向け,語彙,重要名詞,むつごと,むつごと,睦言,名詞,品詞=名詞,CJ-000813-C01,meaning,重要語義1,むつごと,親しい語らい,親しい語らい｜恋人同士の語らい｜睦言,親しい者、特に男女が交わす愛情深い言葉を指す。,なし,なし,なし,なし,なし,なし,標準古語辞典・検定済み教科書（複数資料照合）,なし,なし
古文単語_単語Deck3_難関大・東大向け_300,CJ-000814,814,単語Deck3_難関大・東大向け,語彙,重要名詞,わらはべ,わらわべ,わらわべ｜童部,名詞,品詞=名詞,CJ-000814-C01,meaning,重要語義1,わらはべ,子どもたち,子どもたち｜童子たち,複数の子どもを指す。,なし,なし,なし,なし,なし,なし,標準古語辞典・検定済み教科書（複数資料照合）,なし,なし
古文単語_単語Deck3_難関大・東大向け_300,CJ-000815,815,単語Deck3_難関大・東大向け,語彙,重要名詞,をば,おば,おば,名詞,品詞=名詞,CJ-000815-C01,meaning,重要語義1,をば,伯母・叔母,伯母・叔母｜おば,父母の姉妹など、親族の年長・年少の女性を指す。,なし,なし,なし,なし,なし,なし,標準古語辞典・検定済み教科書（複数資料照合）,なし,なし
古文単語_単語Deck3_難関大・東大向け_300,CJ-000816,816,単語Deck3_難関大・東大向け,語彙,重要名詞,をぢ,おじ,おじ,名詞,品詞=名詞,CJ-000816-C01,meaning,重要語義1,をぢ,伯父・叔父,伯父・叔父｜おじ,父母の兄弟など、親族の年長・年少の男性を指す。,なし,なし,なし,なし,なし,なし,標準古語辞典・検定済み教科書（複数資料照合）,なし,なし
古文単語_単語Deck3_難関大・東大向け_300,CJ-000817,817,単語Deck3_難関大・東大向け,語彙,重要名詞,あさぢ,あさじ,あさじ｜浅茅,名詞,品詞=名詞,CJ-000817-C01,meaning,重要語義1,あさぢ,まばらに生えたチガヤ,まばらに生えたチガヤ｜浅茅,丈の低いチガヤを指す。,なし,なし,なし,なし,なし,なし,標準古語辞典・検定済み教科書（複数資料照合）,なし,なし
古文単語_単語Deck3_難関大・東大向け_300,CJ-000817,817,単語Deck3_難関大・東大向け,語彙,重要名詞,あさぢ,あさじ,あさじ｜浅茅,名詞,品詞=名詞,CJ-000817-C02,meaning,重要語義2,あさぢ,荒れた野や庭,荒れた野や庭｜荒れた住まい,浅茅が生えた寂しい場所を象徴的に表す。,なし,なし,なし,なし,なし,なし,標準古語辞典・検定済み教科書（複数資料照合）,なし,なし
古文単語_単語Deck3_難関大・東大向け_300,CJ-000818,818,単語Deck3_難関大・東大向け,語彙,重要名詞,あまのはら,あまのはら,天の原,名詞,品詞=名詞,CJ-000818-C01,meaning,重要語義1,あまのはら,大空,大空｜天空,広々とした空を指す和歌的な語。,なし,なし,なし,なし,なし,なし,標準古語辞典・検定済み教科書（複数資料照合）,なし,なし
古文単語_単語Deck3_難関大・東大向け_300,CJ-000819,819,単語Deck3_難関大・東大向け,語彙,重要名詞,うたかた,うたかた,泡沫,名詞,品詞=名詞,CJ-000819-C01,meaning,重要語義1,うたかた,水の泡,水の泡｜泡沫,水面に浮かんではすぐ消える泡を指す。,なし,なし,なし,なし,なし,なし,標準古語辞典・検定済み教科書（複数資料照合）,なし,泡沫=ほうまつ
古文単語_単語Deck3_難関大・東大向け_300,CJ-000819,819,単語Deck3_難関大・東大向け,語彙,重要名詞,うたかた,うたかた,泡沫,名詞,品詞=名詞,CJ-000819-C02,meaning,重要語義2,うたかた,はかないもの,はかないもの｜すぐ消えるもの,水の泡にたとえ、長続きしないものを表す。,なし,なし,なし,なし,なし,なし,標準古語辞典・検定済み教科書（複数資料照合）,なし,なし
古文単語_単語Deck3_難関大・東大向け_300,CJ-000820,820,単語Deck3_難関大・東大向け,語彙,重要名詞,かぎろひ,かぎろい,かぎろい｜陽炎,名詞,品詞=名詞,CJ-000820-C01,meaning,重要語義1,かぎろひ,明け方の東空に差す赤い光,明け方の東空に差す赤い光｜曙光,日の出前後に東の空へ現れる明るい光を指す。,なし,なし,なし,なし,なし,なし,標準古語辞典・検定済み教科書（複数資料照合）,なし,曙光=しょこう
古文単語_単語Deck3_難関大・東大向け_300,CJ-000821,821,単語Deck3_難関大・東大向け,語彙,重要名詞,しののめ,しののめ,東雲,名詞,品詞=名詞,CJ-000821-C01,meaning,重要語義1,しののめ,夜明け,夜明け｜明け方,東の空が白み始めるころを指す。,なし,なし,なし,なし,なし,なし,標準古語辞典・検定済み教科書（複数資料照合）,なし,なし
古文単語_単語Deck3_難関大・東大向け_300,CJ-000822,822,単語Deck3_難関大・東大向け,語彙,重要名詞,みぎは,みぎわ,みぎわ｜汀,名詞,品詞=名詞,CJ-000822-C01,meaning,重要語義1,みぎは,水際,水際｜岸辺,海・川・池などの水と陸が接する所を指す。,なし,なし,なし,なし,なし,なし,標準古語辞典・検定済み教科書（複数資料照合）,なし,なし
古文単語_単語Deck3_難関大・東大向け_300,CJ-000823,823,単語Deck3_難関大・東大向け,語彙,重要動詞,あたらふ,あたらう,あたらう｜当たらふ,動詞,品詞=動詞,CJ-000823-C01,meaning,重要語義1,あたらふ,対抗する,対抗する｜張り合う,相手と力・程度を競い合う。,なし,なし,なし,なし,なし,なし,標準古語辞典・検定済み教科書（複数資料照合）,なし,なし
古文単語_単語Deck3_難関大・東大向け_300,CJ-000823,823,単語Deck3_難関大・東大向け,語彙,重要動詞,あたらふ,あたらう,あたらう｜当たらふ,動詞,品詞=動詞,CJ-000823-C02,meaning,重要語義2,あたらふ,相当する,相当する｜匹敵する,あるものと同じ程度である。,なし,なし,なし,なし,なし,なし,標準古語辞典・検定済み教科書（複数資料照合）,なし,なし
古文単語_単語Deck3_難関大・東大向け_300,CJ-000824,824,単語Deck3_難関大・東大向け,語彙,重要動詞,あまゆ,あまゆ,甘ゆ,動詞,品詞=動詞,CJ-000824-C01,meaning,重要語義1,あまゆ,甘える,甘える｜かわいがられてわがままに振る舞う,人の愛情を頼りに、遠慮なく振る舞う。,なし,なし,なし,なし,なし,なし,標準古語辞典・検定済み教科書（複数資料照合）,なし,なし
古文単語_単語Deck3_難関大・東大向け_300,CJ-000825,825,単語Deck3_難関大・東大向け,語彙,重要動詞,あらぶ,あらぶ,荒ぶ,動詞,品詞=動詞,CJ-000825-C01,meaning,重要語義1,あらぶ,荒々しく振る舞う,荒々しく振る舞う｜激しくなる,勢いが激しく、乱暴な状態になる。,なし,なし,なし,なし,なし,なし,標準古語辞典・検定済み教科書（複数資料照合）,なし,なし
古文単語_単語Deck3_難関大・東大向け_300,CJ-000826,826,単語Deck3_難関大・東大向け,語彙,重要動詞,いきどほる,いきどおる,いきどおる｜憤る,動詞,品詞=動詞,CJ-000826-C01,meaning,重要語義1,いきどほる,怒る,怒る｜憤る,不当なことなどに強い怒りを感じる。,なし,なし,なし,なし,なし,なし,標準古語辞典・検定済み教科書（複数資料照合）,なし,なし
古文単語_単語Deck3_難関大・東大向け_300,CJ-000827,827,単語Deck3_難関大・東大向け,語彙,重要動詞,いさむ（諫む）,いさむ,諫む,動詞,品詞=動詞,CJ-000827-C01,meaning,重要語義1,いさむ（諫む）,忠告する,忠告する｜いさめる｜制止する,目上の人の誤りを正すため、意見して止める。,なし,なし,なし,なし,なし,なし,標準古語辞典・検定済み教科書（複数資料照合）,なし,なし
古文単語_単語Deck3_難関大・東大向け_300,CJ-000828,828,単語Deck3_難関大・東大向け,語彙,重要動詞,いたづく,いたずく,いたずく｜労く,動詞,品詞=動詞,CJ-000828-C01,meaning,重要語義1,いたづく,苦労する,苦労する｜骨を折る,物事のために苦心する。,なし,なし,なし,なし,なし,なし,標準古語辞典・検定済み教科書（複数資料照合）,なし,なし
古文単語_単語Deck3_難関大・東大向け_300,CJ-000828,828,単語Deck3_難関大・東大向け,語彙,重要動詞,いたづく,いたずく,いたずく｜労く,動詞,品詞=動詞,CJ-000828-C02,meaning,重要語義2,いたづく,病気になる,病気になる｜患う,身体を病む。,なし,なし,なし,なし,なし,なし,標準古語辞典・検定済み教科書（複数資料照合）,なし,なし
古文単語_単語Deck3_難関大・東大向け_300,CJ-000828,828,単語Deck3_難関大・東大向け,語彙,重要動詞,いたづく,いたずく,いたずく｜労く,動詞,品詞=動詞,CJ-000828-C03,meaning,重要語義3,いたづく,世話をする,世話をする｜いたわる,人を大切に世話する。,なし,なし,なし,なし,なし,なし,標準古語辞典・検定済み教科書（複数資料照合）,なし,なし
古文単語_単語Deck3_難関大・東大向け_300,CJ-000829,829,単語Deck3_難関大・東大向け,語彙,重要動詞,いらたつ,いらたつ,苛立つ,動詞,品詞=動詞,CJ-000829-C01,meaning,重要語義1,いらたつ,いらだつ,いらだつ｜気がせく,思うようにならず、落ち着かない気持ちになる。,なし,なし,なし,なし,なし,なし,標準古語辞典・検定済み教科書（複数資料照合）,なし,なし
古文単語_単語Deck3_難関大・東大向け_300,CJ-000830,830,単語Deck3_難関大・東大向け,語彙,重要動詞,うづもる,うずもる,うずもる｜埋もる,動詞,品詞=動詞,CJ-000830-C01,meaning,重要語義1,うづもる,埋もれる,埋もれる｜覆い隠される,物の下に隠れて見えなくなる。,なし,なし,なし,なし,なし,なし,標準古語辞典・検定済み教科書（複数資料照合）,なし,なし
古文単語_単語Deck3_難関大・東大向け_300,CJ-000830,830,単語Deck3_難関大・東大向け,語彙,重要動詞,うづもる,うずもる,うずもる｜埋もる,動詞,品詞=動詞,CJ-000830-C02,meaning,重要語義2,うづもる,世に知られずにいる,世に知られずにいる｜不遇のままでいる,才能などが認められないままになる。,なし,なし,なし,なし,なし,なし,標準古語辞典・検定済み教科書（複数資料照合）,なし,なし
古文単語_単語Deck3_難関大・東大向け_300,CJ-000831,831,単語Deck3_難関大・東大向け,語彙,重要動詞,うらぶる,うらぶる,心ぶる,動詞,品詞=動詞,CJ-000831-C01,meaning,重要語義1,うらぶる,落ちぶれる,落ちぶれる｜みじめになる｜心細くなる,境遇が悪くなり、心も弱る。,なし,なし,なし,なし,なし,なし,標準古語辞典・検定済み教科書（複数資料照合）,なし,なし
古文単語_単語Deck3_難関大・東大向け_300,CJ-000832,832,単語Deck3_難関大・東大向け,語彙,重要動詞,おぼめく,おぼめく,なし,動詞,品詞=動詞,CJ-000832-C01,meaning,重要語義1,おぼめく,はっきり分からず怪しむ,はっきり分からず怪しむ｜疑う,事情が明らかでなく、不審に思う。,なし,なし,なし,なし,なし,なし,標準古語辞典・検定済み教科書（複数資料照合）,なし,なし
古文単語_単語Deck3_難関大・東大向け_300,CJ-000832,832,単語Deck3_難関大・東大向け,語彙,重要動詞,おぼめく,おぼめく,なし,動詞,品詞=動詞,CJ-000832-C02,meaning,重要語義2,おぼめく,ぼんやりする,ぼんやりする｜まごつく,理解できず、判断が定まらない。,なし,なし,なし,なし,なし,なし,標準古語辞典・検定済み教科書（複数資料照合）,なし,なし
古文単語_単語Deck3_難関大・東大向け_300,CJ-000833,833,単語Deck3_難関大・東大向け,語彙,重要動詞,おもひあく,おもいあく,おもいあく｜思ひ飽く,動詞,品詞=動詞,CJ-000833-C01,meaning,重要語義1,おもひあく,愛想を尽かす,愛想を尽かす｜思い切る｜関心を失う,長く思い続けた相手・物事への気持ちが尽きる。,なし,なし,なし,なし,なし,なし,標準古語辞典・検定済み教科書（複数資料照合）,なし,なし
古文単語_単語Deck3_難関大・東大向け_300,CJ-000834,834,単語Deck3_難関大・東大向け,語彙,重要動詞,おもひたつ,おもいたつ,おもいたつ｜思ひ立つ,動詞,品詞=動詞,CJ-000834-C01,meaning,重要語義1,おもひたつ,決心する,決心する｜思い立つ,あることをしようと心を決める。,なし,なし,なし,なし,なし,なし,標準古語辞典・検定済み教科書（複数資料照合）,なし,なし
古文単語_単語Deck3_難関大・東大向け_300,CJ-000835,835,単語Deck3_難関大・東大向け,語彙,重要動詞,かたぶく,かたぶく,傾く,動詞,品詞=動詞,CJ-000835-C01,meaning,重要語義1,かたぶく,傾く,傾く｜斜めになる,一方へ傾斜する。,なし,なし,なし,なし,なし,なし,標準古語辞典・検定済み教科書（複数資料照合）,なし,なし
古文単語_単語Deck3_難関大・東大向け_300,CJ-000835,835,単語Deck3_難関大・東大向け,語彙,重要動詞,かたぶく,かたぶく,傾く,動詞,品詞=動詞,CJ-000835-C02,meaning,重要語義2,かたぶく,日が沈む,日が沈む｜月が西へ傾く,太陽・月が空の低い位置へ移る。,なし,なし,なし,なし,なし,なし,標準古語辞典・検定済み教科書（複数資料照合）,なし,なし
古文単語_単語Deck3_難関大・東大向け_300,CJ-000835,835,単語Deck3_難関大・東大向け,語彙,重要動詞,かたぶく,かたぶく,傾く,動詞,品詞=動詞,CJ-000835-C03,meaning,重要語義3,かたぶく,衰える,衰える｜勢いが弱くなる,権勢・運勢などが下り坂になる。,なし,なし,なし,なし,なし,なし,標準古語辞典・検定済み教科書（複数資料照合）,なし,なし
古文単語_単語Deck3_難関大・東大向け_300,CJ-000836,836,単語Deck3_難関大・東大向け,語彙,重要動詞,かきくもる,かきくもる,掻き曇る,動詞,品詞=動詞,CJ-000836-C01,meaning,重要語義1,かきくもる,空が一面に曇る,空が一面に曇る｜急に曇る,空全体が雲に覆われる。,なし,なし,なし,なし,なし,なし,標準古語辞典・検定済み教科書（複数資料照合）,なし,なし
古文単語_単語Deck3_難関大・東大向け_300,CJ-000836,836,単語Deck3_難関大・東大向け,語彙,重要動詞,かきくもる,かきくもる,掻き曇る,動詞,品詞=動詞,CJ-000836-C02,meaning,重要語義2,かきくもる,涙で目が曇る,涙で目が曇る｜悲しみに沈む,涙のため見えにくくなることを表す。,なし,なし,なし,なし,なし,なし,標準古語辞典・検定済み教科書（複数資料照合）,なし,なし
古文単語_単語Deck3_難関大・東大向け_300,CJ-000837,837,単語Deck3_難関大・東大向け,語彙,重要動詞,かくまふ,かくまう,かくまう｜匿ふ,動詞,品詞=動詞,CJ-000837-C01,meaning,重要語義1,かくまふ,隠して守る,隠して守る｜かばう,人を人目から隠し、保護する。,なし,なし,なし,なし,なし,なし,標準古語辞典・検定済み教科書（複数資料照合）,なし,なし
古文単語_単語Deck3_難関大・東大向け_300,CJ-000838,838,単語Deck3_難関大・東大向け,語彙,重要動詞,くつろぐ,くつろぐ,寛ぐ,動詞,品詞=動詞,CJ-000838-C01,meaning,重要語義1,くつろぐ,ゆったりする,ゆったりする｜気を許す,緊張を解いて楽な状態になる。,なし,なし,なし,なし,なし,なし,標準古語辞典・検定済み教科書（複数資料照合）,なし,なし
古文単語_単語Deck3_難関大・東大向け_300,CJ-000838,838,単語Deck3_難関大・東大向け,語彙,重要動詞,くつろぐ,くつろぐ,寛ぐ,動詞,品詞=動詞,CJ-000838-C02,meaning,重要語義2,くつろぐ,衣服を緩める,衣服を緩める｜普段着になる,正装を解き、くつろいだ姿になる。,なし,なし,なし,なし,なし,なし,標準古語辞典・検定済み教科書（複数資料照合）,なし,なし
古文単語_単語Deck3_難関大・東大向け_300,CJ-000839,839,単語Deck3_難関大・東大向け,語彙,重要動詞,くゆる（煙る）,くゆる,燻る｜薫る,動詞,品詞=動詞,CJ-000839-C01,meaning,重要語義1,くゆる（煙る）,煙る,煙る｜くすぶる｜香りが立つ,煙・香が立ちのぼる。,なし,なし,なし,くゆ（後悔する）,この項目は煙・香が立つ意味。,なし,標準古語辞典・検定済み教科書（複数資料照合）,なし,なし
古文単語_単語Deck3_難関大・東大向け_300,CJ-000840,840,単語Deck3_難関大・東大向け,語彙,重要動詞,こしらふ,こしらう,こしらう｜拵ふ,動詞,品詞=動詞,CJ-000840-C01,meaning,重要語義1,こしらふ,なだめる,なだめる｜機嫌を取る｜説得する,相手の気持ちを和らげ、こちらに従わせる。,なし,なし,なし,なし,なし,なし,標準古語辞典・検定済み教科書（複数資料照合）,なし,なし
古文単語_単語Deck3_難関大・東大向け_300,CJ-000840,840,単語Deck3_難関大・東大向け,語彙,重要動詞,こしらふ,こしらう,こしらう｜拵ふ,動詞,品詞=動詞,CJ-000840-C02,meaning,重要語義2,こしらふ,準備する,準備する｜作り整える,必要な物を作り、用意する。,なし,なし,なし,なし,なし,なし,標準古語辞典・検定済み教科書（複数資料照合）,なし,なし
古文単語_単語Deck3_難関大・東大向け_300,CJ-000841,841,単語Deck3_難関大・東大向け,語彙,重要動詞,さしのぞく,さしのぞく,差し覗く,動詞,品詞=動詞,CJ-000841-C01,meaning,重要語義1,さしのぞく,のぞき込む,のぞき込む｜顔を出して見る,少し身を乗り出し、中をのぞく。,なし,なし,なし,なし,なし,なし,標準古語辞典・検定済み教科書（複数資料照合）,なし,なし
古文単語_単語Deck3_難関大・東大向け_300,CJ-000842,842,単語Deck3_難関大・東大向け,語彙,重要動詞,しのびなく,しのびなく,忍び泣く,動詞,品詞=動詞,CJ-000842-C01,meaning,重要語義1,しのびなく,声を抑えて泣く,声を抑えて泣く｜忍び泣く,人に気づかれないよう、声をひそめて泣く。,なし,なし,なし,なし,なし,なし,標準古語辞典・検定済み教科書（複数資料照合）,なし,なし
古文単語_単語Deck3_難関大・東大向け_300,CJ-000843,843,単語Deck3_難関大・東大向け,語彙,重要動詞,すみわたる,すみわたる,澄み渡る,動詞,品詞=動詞,CJ-000843-C01,meaning,重要語義1,すみわたる,一面に澄みきる,一面に澄みきる｜清らかに晴れる,空・月・水などが広く澄む。,なし,なし,なし,なし,なし,なし,標準古語辞典・検定済み教科書（複数資料照合）,なし,なし
古文単語_単語Deck3_難関大・東大向け_300,CJ-000843,843,単語Deck3_難関大・東大向け,語彙,重要動詞,すみわたる,すみわたる,澄み渡る,動詞,品詞=動詞,CJ-000843-C02,meaning,重要語義2,すみわたる,音が澄んで響き渡る,音が澄んで響き渡る｜冴えて聞こえる,声・楽器の音などが清らかに広がる。,なし,なし,なし,なし,なし,なし,標準古語辞典・検定済み教科書（複数資料照合）,なし,なし
古文単語_単語Deck3_難関大・東大向け_300,CJ-000844,844,単語Deck3_難関大・東大向け,語彙,重要動詞,たちそふ,たちそう,たちそう｜立ち添ふ,動詞,品詞=動詞,CJ-000844-C01,meaning,重要語義1,たちそふ,付き添う,付き添う｜一緒に行く,人のそばに付き従う。,なし,なし,なし,なし,なし,なし,標準古語辞典・検定済み教科書（複数資料照合）,なし,なし
古文単語_単語Deck3_難関大・東大向け_300,CJ-000844,844,単語Deck3_難関大・東大向け,語彙,重要動詞,たちそふ,たちそう,たちそう｜立ち添ふ,動詞,品詞=動詞,CJ-000844-C02,meaning,重要語義2,たちそふ,加わる,加わる｜いっそう増す,ある状態に別のものが付け加わる。,なし,なし,なし,なし,なし,なし,標準古語辞典・検定済み教科書（複数資料照合）,なし,なし
古文単語_単語Deck3_難関大・東大向け_300,CJ-000845,845,単語Deck3_難関大・東大向け,語彙,重要動詞,ついゐる,ついいる,ついいる｜突い居る,動詞,品詞=動詞,CJ-000845-C01,meaning,重要語義1,ついゐる,その場に座る,その場に座る｜ひざまずく,急に、またはかしこまって座る。,なし,なし,なし,なし,なし,なし,標準古語辞典・検定済み教科書（複数資料照合）,なし,なし
古文単語_単語Deck3_難関大・東大向け_300,CJ-000846,846,単語Deck3_難関大・東大向け,語彙,重要動詞,つつまる,つつまる,慎まる,動詞,品詞=動詞,CJ-000846-C01,meaning,重要語義1,つつまる,遠慮される,遠慮される｜気が引ける｜人目が気になる,周囲を意識し、自由に振る舞えない気持ちになる。,なし,なし,なし,なし,なし,なし,標準古語辞典・検定済み教科書（複数資料照合）,なし,なし
古文単語_単語Deck3_難関大・東大向け_300,CJ-000847,847,単語Deck3_難関大・東大向け,語彙,重要動詞,とりいづ,とりいず,とりいず｜取り出づ,動詞,品詞=動詞,CJ-000847-C01,meaning,重要語義1,とりいづ,取り出す,取り出す｜選び出す,多くの中から取り出す。,なし,なし,なし,なし,なし,なし,標準古語辞典・検定済み教科書（複数資料照合）,なし,なし
古文単語_単語Deck3_難関大・東大向け_300,CJ-000847,847,単語Deck3_難関大・東大向け,語彙,重要動詞,とりいづ,とりいず,とりいず｜取り出づ,動詞,品詞=動詞,CJ-000847-C02,meaning,重要語義2,とりいづ,話題にする,話題にする｜口に出す,特に取り上げて言う。,なし,なし,なし,なし,なし,なし,標準古語辞典・検定済み教科書（複数資料照合）,なし,なし
古文単語_単語Deck3_難関大・東大向け_300,CJ-000848,848,単語Deck3_難関大・東大向け,語彙,重要動詞,とりしたたむ,とりしたたむ,取り認む,動詞,品詞=動詞,CJ-000848-C01,meaning,重要語義1,とりしたたむ,きちんと準備する,きちんと準備する｜取りまとめる｜整える,物事を整理し、必要な用意を整える。,なし,なし,なし,なし,なし,なし,標準古語辞典・検定済み教科書（複数資料照合）,なし,なし
古文単語_単語Deck3_難関大・東大向け_300,CJ-000849,849,単語Deck3_難関大・東大向け,語彙,重要動詞,なぐさぶ,なぐさぶ,慰ぶ,動詞,品詞=動詞,CJ-000849-C01,meaning,重要語義1,なぐさぶ,心が慰む,心が慰む｜気が晴れる,悲しみ・退屈などが和らぐ。,なし,なし,なし,なし,なし,なし,標準古語辞典・検定済み教科書（複数資料照合）,なし,なし
古文単語_単語Deck3_難関大・東大向け_300,CJ-000849,849,単語Deck3_難関大・東大向け,語彙,重要動詞,なぐさぶ,なぐさぶ,慰ぶ,動詞,品詞=動詞,CJ-000849-C02,meaning,重要語義2,なぐさぶ,慰める,慰める｜気を紛らす,人の心を和らげる。,なし,なし,なし,なし,なし,なし,標準古語辞典・検定済み教科書（複数資料照合）,なし,なし
古文単語_単語Deck3_難関大・東大向け_300,CJ-000850,850,単語Deck3_難関大・東大向け,語彙,重要動詞,はばかる,はばかる,憚る,動詞,品詞=動詞,CJ-000850-C01,meaning,重要語義1,はばかる,遠慮する,遠慮する｜気兼ねする,人目・立場を気にして控える。,なし,なし,なし,なし,なし,なし,標準古語辞典・検定済み教科書（複数資料照合）,なし,なし
古文単語_単語Deck3_難関大・東大向け_300,CJ-000850,850,単語Deck3_難関大・東大向け,語彙,重要動詞,はばかる,はばかる,憚る,動詞,品詞=動詞,CJ-000850-C02,meaning,重要語義2,はばかる,恐れ慎む,恐れ慎む｜差し障りを気にする,相手や障害を恐れて避ける。,なし,なし,なし,なし,なし,なし,標準古語辞典・検定済み教科書（複数資料照合）,なし,なし
古文単語_単語Deck3_難関大・東大向け_300,CJ-000851,851,単語Deck3_難関大・東大向け,語彙,重要動詞,ひきしのぶ,ひきしのぶ,引き忍ぶ,動詞,品詞=動詞,CJ-000851-C01,meaning,重要語義1,ひきしのぶ,人目を避ける,人目を避ける｜身を隠す,目立たないように行動する。,なし,なし,なし,なし,なし,なし,標準古語辞典・検定済み教科書（複数資料照合）,なし,なし
古文単語_単語Deck3_難関大・東大向け_300,CJ-000851,851,単語Deck3_難関大・東大向け,語彙,重要動詞,ひきしのぶ,ひきしのぶ,引き忍ぶ,動詞,品詞=動詞,CJ-000851-C02,meaning,重要語義2,ひきしのぶ,耐え忍ぶ,耐え忍ぶ｜我慢する,感情・苦しみを表に出さず堪える。,なし,なし,なし,なし,なし,なし,標準古語辞典・検定済み教科書（複数資料照合）,なし,なし
古文単語_単語Deck3_難関大・東大向け_300,CJ-000852,852,単語Deck3_難関大・東大向け,語彙,重要動詞,ひたす,ひたす,浸す,動詞,品詞=動詞,CJ-000852-C01,meaning,重要語義1,ひたす,水につける,水につける｜水に浸す,物を液体の中に入れる。,なし,なし,なし,なし,なし,なし,標準古語辞典・検定済み教科書（複数資料照合）,なし,なし
古文単語_単語Deck3_難関大・東大向け_300,CJ-000853,853,単語Deck3_難関大・東大向け,語彙,重要動詞,ほのきく,ほのきく,ほの聞く,動詞,品詞=動詞,CJ-000853-C01,meaning,重要語義1,ほのきく,ちらっと聞く,ちらっと聞く｜うわさに聞く｜かすかに聞く,直接詳しくではなく、わずかに聞く。,なし,なし,なし,なし,なし,なし,標準古語辞典・検定済み教科書（複数資料照合）,なし,なし
古文単語_単語Deck3_難関大・東大向け_300,CJ-000854,854,単語Deck3_難関大・東大向け,語彙,重要動詞,ほのみる,ほのみる,ほの見る,動詞,品詞=動詞,CJ-000854-C01,meaning,重要語義1,ほのみる,かすかに見る,かすかに見る｜ちらっと見る,はっきりではなく、わずかに見る。,なし,なし,なし,なし,なし,なし,標準古語辞典・検定済み教科書（複数資料照合）,なし,なし
古文単語_単語Deck3_難関大・東大向け_300,CJ-000855,855,単語Deck3_難関大・東大向け,語彙,重要動詞,むつぶ,むつぶ,睦ぶ,動詞,品詞=動詞,CJ-000855-C01,meaning,重要語義1,むつぶ,親しくする,親しくする｜仲むつまじくなる,人と打ち解け、親密になる。,なし,なし,なし,なし,なし,なし,標準古語辞典・検定済み教科書（複数資料照合）,なし,なし
古文単語_単語Deck3_難関大・東大向け_300,CJ-000856,856,単語Deck3_難関大・東大向け,語彙,重要動詞,もてかしづく,もてかしずく,もてかしずく｜もて傅く,動詞,品詞=動詞,CJ-000856-C01,meaning,重要語義1,もてかしづく,大切に世話する,大切に世話する｜かしずく,非常に大事な人として丁重に世話する。,なし,なし,なし,なし,なし,なし,標準古語辞典・検定済み教科書（複数資料照合）,なし,なし
古文単語_単語Deck3_難関大・東大向け_300,CJ-000857,857,単語Deck3_難関大・東大向け,語彙,重要動詞,もてさわぐ,もてさわぐ,もて騒ぐ,動詞,品詞=動詞,CJ-000857-C01,meaning,重要語義1,もてさわぐ,もてはやす,もてはやす｜大切に扱う,人・物をたいへん価値あるものとして扱う。,なし,なし,なし,なし,なし,なし,標準古語辞典・検定済み教科書（複数資料照合）,なし,なし
古文単語_単語Deck3_難関大・東大向け_300,CJ-000857,857,単語Deck3_難関大・東大向け,語彙,重要動詞,もてさわぐ,もてさわぐ,もて騒ぐ,動詞,品詞=動詞,CJ-000857-C02,meaning,重要語義2,もてさわぐ,大騒ぎする,大騒ぎする｜あれこれ世話を焼く,大勢で騒ぎ立て、忙しく取り扱う。,なし,なし,なし,なし,なし,なし,標準古語辞典・検定済み教科書（複数資料照合）,なし,なし
古文単語_単語Deck3_難関大・東大向け_300,CJ-000858,858,単語Deck3_難関大・東大向け,語彙,重要形容詞,いかがはし,いかがわし,いかがわし,形容詞,品詞=形容詞,CJ-000858-C01,meaning,重要語義1,いかがはし,疑わしい,疑わしい｜怪しい,本当かどうか確かでなく、不審である。,なし,なし,なし,なし,なし,なし,標準古語辞典・検定済み教科書（複数資料照合）,なし,なし
古文単語_単語Deck3_難関大・東大向け_300,CJ-000858,858,単語Deck3_難関大・東大向け,語彙,重要形容詞,いかがはし,いかがわし,いかがわし,形容詞,品詞=形容詞,CJ-000858-C02,meaning,重要語義2,いかがはし,好ましくない,好ましくない｜いかがなものか,道理・品位の点で適切でない。,なし,なし,なし,なし,なし,なし,標準古語辞典・検定済み教科書（複数資料照合）,なし,なし
古文単語_単語Deck3_難関大・東大向け_300,CJ-000859,859,単語Deck3_難関大・東大向け,語彙,重要形容詞,いまいまし,いまいまし,忌ま忌まし,形容詞,品詞=形容詞,CJ-000859-C01,meaning,重要語義1,いまいまし,忌まわしい,忌まわしい｜縁起が悪い｜不吉だ,避けたいほど不吉・不快である。,なし,なし,なし,なし,なし,なし,標準古語辞典・検定済み教科書（複数資料照合）,なし,なし
古文単語_単語Deck3_難関大・東大向け_300,CJ-000860,860,単語Deck3_難関大・東大向け,語彙,重要形容詞,うらなし,うらなし,なし,形容詞,品詞=形容詞,CJ-000860-C01,meaning,重要語義1,うらなし,無邪気だ,無邪気だ｜素直だ,心に悪意や作為がない。,なし,なし,なし,なし,なし,なし,標準古語辞典・検定済み教科書（複数資料照合）,なし,なし
古文単語_単語Deck3_難関大・東大向け_300,CJ-000860,860,単語Deck3_難関大・東大向け,語彙,重要形容詞,うらなし,うらなし,なし,形容詞,品詞=形容詞,CJ-000860-C02,meaning,重要語義2,うらなし,隠し事がない,隠し事がない｜率直だ,心の内を包み隠さない。,なし,なし,なし,なし,なし,なし,標準古語辞典・検定済み教科書（複数資料照合）,なし,なし
古文単語_単語Deck3_難関大・東大向け_300,CJ-000861,861,単語Deck3_難関大・東大向け,語彙,重要形容動詞,おほなおほなり,おおなおおなり,おおなおおなり,形容動詞,品詞=形容動詞,CJ-000861-C01,meaning,重要語義1,おほなおほなり,おっとりしている,おっとりしている｜おおらかだ,細かなことにこだわらず、ゆったりしている。,なし,なし,なし,なし,なし,なし,標準古語辞典・検定済み教科書（複数資料照合）,なし,なし
古文単語_単語Deck3_難関大・東大向け_300,CJ-000861,861,単語Deck3_難関大・東大向け,語彙,重要形容動詞,おほなおほなり,おおなおおなり,おおなおおなり,形容動詞,品詞=形容動詞,CJ-000861-C02,meaning,重要語義2,おほなおほなり,ぼんやりしている,ぼんやりしている｜間が抜けている,注意・理解が行き届かない。,なし,なし,なし,なし,なし,なし,標準古語辞典・検定済み教科書（複数資料照合）,なし,なし
古文単語_単語Deck3_難関大・東大向け_300,CJ-000862,862,単語Deck3_難関大・東大向け,語彙,重要形容詞,おぼめかし,おぼめかし,なし,形容詞,品詞=形容詞,CJ-000862-C01,meaning,重要語義1,おぼめかし,はっきりしない,はっきりしない｜おぼろげだ,様子・意味などが明確でない。,なし,なし,なし,なし,なし,なし,標準古語辞典・検定済み教科書（複数資料照合）,なし,なし
古文単語_単語Deck3_難関大・東大向け_300,CJ-000862,862,単語Deck3_難関大・東大向け,語彙,重要形容詞,おぼめかし,おぼめかし,なし,形容詞,品詞=形容詞,CJ-000862-C02,meaning,重要語義2,おぼめかし,疑わしい,疑わしい｜不審だ,確かでなく、怪しく思われる。,なし,なし,なし,なし,なし,なし,標準古語辞典・検定済み教科書（複数資料照合）,なし,なし
古文単語_単語Deck3_難関大・東大向け_300,CJ-000863,863,単語Deck3_難関大・東大向け,語彙,重要形容動詞,けざやかなり,けざやかなり,なし,形容動詞,品詞=形容動詞,CJ-000863-C01,meaning,重要語義1,けざやかなり,はっきりしている,はっきりしている｜際立っている｜鮮やかだ,他との区別が明瞭で、目立っている。,なし,なし,なし,なし,なし,なし,標準古語辞典・検定済み教科書（複数資料照合）,なし,なし
古文単語_単語Deck3_難関大・東大向け_300,CJ-000864,864,単語Deck3_難関大・東大向け,語彙,重要形容詞,そこはかとなし,そこはかとなし,なし,形容詞,品詞=形容詞,CJ-000864-C01,meaning,重要語義1,そこはかとなし,はっきりしない,はっきりしない｜どこと定まらない,場所・内容・理由などが明確でない。,なし,なし,なし,なし,なし,なし,標準古語辞典・検定済み教科書（複数資料照合）,なし,なし
古文単語_単語Deck3_難関大・東大向け_300,CJ-000864,864,単語Deck3_難関大・東大向け,語彙,重要形容詞,そこはかとなし,そこはかとなし,なし,形容詞,品詞=形容詞,CJ-000864-C02,meaning,重要語義2,そこはかとなし,とりとめがない,とりとめがない｜まとまりがない,話・考えなどに明確な筋がない。,なし,なし,なし,なし,なし,なし,標準古語辞典・検定済み教科書（複数資料照合）,なし,なし
古文単語_単語Deck3_難関大・東大向け_300,CJ-000865,865,単語Deck3_難関大・東大向け,語彙,重要形容詞,たどたどし,たどたどし,なし,形容詞,品詞=形容詞,CJ-000865-C01,meaning,重要語義1,たどたどし,不確かだ,不確かだ｜おぼつかない,知識・記憶・動作などが確実でない。,なし,なし,なし,なし,なし,なし,標準古語辞典・検定済み教科書（複数資料照合）,なし,なし
古文単語_単語Deck3_難関大・東大向け_300,CJ-000865,865,単語Deck3_難関大・東大向け,語彙,重要形容詞,たどたどし,たどたどし,なし,形容詞,品詞=形容詞,CJ-000865-C02,meaning,重要語義2,たどたどし,不慣れだ,不慣れだ｜ぎこちない,慣れておらず、円滑にできない。,なし,なし,なし,なし,なし,なし,標準古語辞典・検定済み教科書（複数資料照合）,なし,なし
古文単語_単語Deck3_難関大・東大向け_300,CJ-000866,866,単語Deck3_難関大・東大向け,語彙,重要形容詞,にげなし,にげなし,なし,形容詞,品詞=形容詞,CJ-000866-C01,meaning,重要語義1,にげなし,似つかわしくない,似つかわしくない｜ふさわしくない,人・身分・場面に調和しない。,なし,なし,なし,なし,なし,なし,標準古語辞典・検定済み教科書（複数資料照合）,なし,なし
古文単語_単語Deck3_難関大・東大向け_300,CJ-000867,867,単語Deck3_難関大・東大向け,語彙,重要形容動詞,はれやかなり,はれやかなり,なし,形容動詞,品詞=形容動詞,CJ-000867-C01,meaning,重要語義1,はれやかなり,晴れ晴れとしている,晴れ晴れとしている｜明るい,心・表情が明るく、わだかまりがない。,なし,なし,なし,なし,なし,なし,標準古語辞典・検定済み教科書（複数資料照合）,なし,なし
古文単語_単語Deck3_難関大・東大向け_300,CJ-000867,867,単語Deck3_難関大・東大向け,語彙,重要形容動詞,はれやかなり,はれやかなり,なし,形容動詞,品詞=形容動詞,CJ-000867-C02,meaning,重要語義2,はれやかなり,華やかだ,華やかだ｜人目を引く,場面・姿が明るく立派である。,なし,なし,なし,なし,なし,なし,標準古語辞典・検定済み教科書（複数資料照合）,なし,なし
古文単語_単語Deck3_難関大・東大向け_300,CJ-000868,868,単語Deck3_難関大・東大向け,語彙,重要形容動詞,ふびんなり,ふびんなり,不便なり｜不憫なり,形容動詞,品詞=形容動詞,CJ-000868-C01,meaning,重要語義1,ふびんなり,気の毒だ,気の毒だ｜かわいそうだ｜不憫だ,相手の境遇をかわいそうに思う。,なし,なし,なし,なし,なし,なし,標準古語辞典・検定済み教科書（複数資料照合）,なし,なし
古文単語_単語Deck3_難関大・東大向け_300,CJ-000869,869,単語Deck3_難関大・東大向け,語彙,重要形容動詞,ふつつかなり,ふつつかなり,不束なり,形容動詞,品詞=形容動詞,CJ-000869-C01,meaning,重要語義1,ふつつかなり,不調法だ,不調法だ｜行き届かない,礼儀・技能などが十分でない。,なし,なし,なし,なし,なし,なし,標準古語辞典・検定済み教科書（複数資料照合）,なし,なし
古文単語_単語Deck3_難関大・東大向け_300,CJ-000869,869,単語Deck3_難関大・東大向け,語彙,重要形容動詞,ふつつかなり,ふつつかなり,不束なり,形容動詞,品詞=形容動詞,CJ-000869-C02,meaning,重要語義2,ふつつかなり,未熟だ,未熟だ｜洗練されていない,能力・教養などがまだ足りない。,なし,なし,なし,なし,なし,なし,標準古語辞典・検定済み教科書（複数資料照合）,なし,なし
古文単語_単語Deck3_難関大・東大向け_300,CJ-000870,870,単語Deck3_難関大・東大向け,語彙,重要形容動詞,なよびかなり,なよびかなり,なし,形容動詞,品詞=形容動詞,CJ-000870-C01,meaning,重要語義1,なよびかなり,なよなよとしている,なよなよとしている｜優美だ｜柔らかだ,姿・動作がしなやかで、上品である。,なし,なし,なし,なし,なし,なし,標準古語辞典・検定済み教科書（複数資料照合）,なし,なし
古文単語_単語Deck3_難関大・東大向け_300,CJ-000871,871,単語Deck3_難関大・東大向け,語彙,重要形容動詞,なよよかなり,なよよかなり,なし,形容動詞,品詞=形容動詞,CJ-000871-C01,meaning,重要語義1,なよよかなり,柔らかくしなやかだ,柔らかくしなやかだ｜なよなよしている,姿・衣などが柔らかで優美である。,なし,なし,なし,なし,なし,なし,標準古語辞典・検定済み教科書（複数資料照合）,なし,なし
古文単語_単語Deck3_難関大・東大向け_300,CJ-000872,872,単語Deck3_難関大・東大向け,語彙,重要形容詞,せばし,せばし,なし,形容詞,品詞=形容詞,CJ-000872-C01,meaning,重要語義1,せばし,狭い,狭い｜幅が小さい,場所・範囲が広くない。,なし,なし,なし,なし,なし,なし,標準古語辞典・検定済み教科書（複数資料照合）,なし,なし
古文単語_単語Deck3_難関大・東大向け_300,CJ-000872,872,単語Deck3_難関大・東大向け,語彙,重要形容詞,せばし,せばし,なし,形容詞,品詞=形容詞,CJ-000872-C02,meaning,重要語義2,せばし,窮屈だ,窮屈だ｜ゆとりがない,空間・気持ちに余裕がない。,なし,なし,なし,なし,なし,なし,標準古語辞典・検定済み教科書（複数資料照合）,なし,なし
古文単語_単語Deck3_難関大・東大向け_300,CJ-000873,873,単語Deck3_難関大・東大向け,語彙,重要形容詞,ものはかなし,ものはかなし,なし,形容詞,品詞=形容詞,CJ-000873-C01,meaning,重要語義1,ものはかなし,なんとなくはかない,なんとなくはかない｜頼りない｜心細い,理由を明確に言えないまま、はかなく心細く感じる。,なし,なし,なし,なし,なし,なし,標準古語辞典・検定済み教科書（複数資料照合）,なし,なし
古文単語_単語Deck3_難関大・東大向け_300,CJ-000874,874,単語Deck3_難関大・東大向け,語彙,重要接続詞,さて,さて,なし,接続詞,品詞=接続詞・副詞,CJ-000874-C01,meaning,重要語義1,さて,そうして,そうして｜そのようにして,前の内容を受けて、そのように事態が進むことを表す。,なし,なし,なし,なし,なし,なし,標準古語辞典・検定済み教科書（複数資料照合）,なし,なし
古文単語_単語Deck3_難関大・東大向け_300,CJ-000874,874,単語Deck3_難関大・東大向け,語彙,重要接続詞,さて,さて,なし,接続詞,品詞=接続詞・副詞,CJ-000874-C02,meaning,重要語義2,さて,ところで,ところで｜さて,話題を転じるときに用いる。,なし,なし,なし,なし,なし,なし,標準古語辞典・検定済み教科書（複数資料照合）,なし,なし
古文単語_単語Deck3_難関大・東大向け_300,CJ-000874,874,単語Deck3_難関大・東大向け,語彙,重要接続詞,さて,さて,なし,接続詞,品詞=接続詞・副詞,CJ-000874-C03,meaning,重要語義3,さて,そのままで,そのままで｜その状態で,状態を変えずに置くことを表す。,なし,なし,なし,なし,なし,なし,標準古語辞典・検定済み教科書（複数資料照合）,なし,なし
古文単語_単語Deck3_難関大・東大向け_300,CJ-000875,875,単語Deck3_難関大・東大向け,語彙,重要感動詞,あなう,あなう,なし,感動詞,品詞=感動詞,CJ-000875-C01,meaning,重要語義1,あなう,ああ、つらい,ああ、つらい｜ああ、いやだ,苦痛・嫌悪を表す感動表現。,なし,なし,なし,なし,なし,なし,標準古語辞典・検定済み教科書（複数資料照合）,なし,なし
古文単語_単語Deck3_難関大・東大向け_300,CJ-000876,876,単語Deck3_難関大・東大向け,語彙,重要感動詞,あなうたて,あなうたて,なし,感動詞,品詞=感動詞,CJ-000876-C01,meaning,重要語義1,あなうたて,ああ、いやだ,ああ、いやだ｜ああ、情けない,強い不快・嘆きを表す感動表現。,なし,なし,なし,なし,なし,なし,標準古語辞典・検定済み教科書（複数資料照合）,なし,なし
古文単語_単語Deck3_難関大・東大向け_300,CJ-000877,877,単語Deck3_難関大・東大向け,語彙,重要感動詞,いでや,いでや,なし,感動詞,品詞=感動詞,CJ-000877-C01,meaning,重要語義1,いでや,いやはや,いやはや｜さあ｜さて,感動・反発・呼びかけなどを表し、話を切り出す。,なし,なし,なし,なし,なし,なし,標準古語辞典・検定済み教科書（複数資料照合）,なし,なし
古文単語_単語Deck3_難関大・東大向け_300,CJ-000878,878,単語Deck3_難関大・東大向け,語彙,重要副詞,いささか,いささか,聊か,副詞,品詞=副詞,CJ-000878-C01,meaning,重要語義1,いささか,少し,少し｜わずか,数量・程度がわずかであることを表す。,なし,なし,なし,なし,なし,なし,標準古語辞典・検定済み教科書（複数資料照合）,なし,なし
古文単語_単語Deck3_難関大・東大向け_300,CJ-000879,879,単語Deck3_難関大・東大向け,語彙,重要副詞,えさらず,えさらず,なし,副詞,品詞=副詞,CJ-000879-C01,meaning,重要語義1,えさらず,避けられず,避けられず｜やむを得ず,逃れることができず、仕方なくそうなることを表す。,なし,なし,なし,なし,なし,なし,標準古語辞典・検定済み教科書（複数資料照合）,なし,なし
古文単語_単語Deck3_難関大・東大向け_300,CJ-000880,880,単語Deck3_難関大・東大向け,語彙,重要副詞,かけても,かけても,なし,副詞,品詞=副詞,CJ-000880-C01,meaning,重要語義1,かけても,少しも,少しも｜決して,打消表現を伴い、全くそうでないことを強調する。,なし,なし,なし,なし,なし,なし,標準古語辞典・検定済み教科書（複数資料照合）,なし,なし
古文単語_単語Deck3_難関大・東大向け_300,CJ-000881,881,単語Deck3_難関大・東大向け,語彙,重要接続詞,さるにても,さるにても,なし,接続詞,品詞=接続詞,CJ-000881-C01,meaning,重要語義1,さるにても,それにしても,それにしても｜そうではあるが,前の内容を認めつつ、別の判断・疑問を続ける。,なし,なし,なし,なし,なし,なし,標準古語辞典・検定済み教科書（複数資料照合）,なし,なし
古文単語_単語Deck3_難関大・東大向け_300,CJ-000882,882,単語Deck3_難関大・東大向け,語彙,重要副詞,そこはかとなく,そこはかとなく,なし,副詞,品詞=副詞,CJ-000882-C01,meaning,重要語義1,そこはかとなく,これといった理由もなく,これといった理由もなく｜とりとめなく,対象・理由がはっきりしないままの状態を表す。,なし,なし,なし,なし,なし,なし,標準古語辞典・検定済み教科書（複数資料照合）,なし,なし
古文単語_単語Deck3_難関大・東大向け_300,CJ-000883,883,単語Deck3_難関大・東大向け,語彙,重要副詞,せちに,せちに,なし,副詞,品詞=副詞,CJ-000883-C01,meaning,重要語義1,せちに,切実に,切実に｜ひたすら｜強く,願い・思いの程度が非常に強いことを表す。,なし,なし,なし,なし,なし,なし,標準古語辞典・検定済み教科書（複数資料照合）,なし,なし
古文単語_単語Deck3_難関大・東大向け_300,CJ-000884,884,単語Deck3_難関大・東大向け,語彙,重要感動詞,まことや,まことや,なし,感動詞,品詞=感動詞,CJ-000884-C01,meaning,重要語義1,まことや,そういえば,そういえば｜本当にまあ,思い出したことを述べたり、感動を込めて話を切り出したりする。,なし,なし,なし,なし,なし,なし,標準古語辞典・検定済み教科書（複数資料照合）,なし,なし
古文単語_単語Deck3_難関大・東大向け_300,CJ-000885,885,単語Deck3_難関大・東大向け,語彙,重要副詞,もはら,もはら,専ら,副詞,品詞=副詞,CJ-000885-C01,meaning,重要語義1,もはら,ひたすら,ひたすら｜専ら｜主として,一つのことに集中することを表す。,なし,なし,なし,なし,なし,なし,標準古語辞典・検定済み教科書（複数資料照合）,なし,なし
古文単語_単語Deck3_難関大・東大向け_300,CJ-000885,885,単語Deck3_難関大・東大向け,語彙,重要副詞,もはら,もはら,専ら,副詞,品詞=副詞,CJ-000885-C02,meaning,重要語義2,もはら,全く,全く｜少しも,打消表現を伴い、完全な否定を表す。,なし,なし,なし,なし,なし,なし,標準古語辞典・検定済み教科書（複数資料照合）,なし,なし
古文単語_単語Deck3_難関大・東大向け_300,CJ-000886,886,単語Deck3_難関大・東大向け,語彙,重要副詞,をりから,おりから,おりから｜折から,副詞,品詞=副詞,CJ-000886-C01,meaning,重要語義1,をりから,ちょうどその時,ちょうどその時｜折しも,ある出来事にふさわしい時・まさにその時を表す。,なし,なし,なし,なし,なし,なし,標準古語辞典・検定済み教科書（複数資料照合）,なし,なし
古文単語_単語Deck3_難関大・東大向け_300,CJ-000887,887,単語Deck3_難関大・東大向け,語彙,重要副詞,ありあり,ありあり,なし,副詞,品詞=副詞,CJ-000887-C01,meaning,重要語義1,ありあり,はっきりと,はっきりと｜目の前にあるように,姿・記憶などが明瞭に感じられる様子を表す。,なし,なし,なし,なし,なし,なし,標準古語辞典・検定済み教科書（複数資料照合）,なし,なし
古文単語_単語Deck3_難関大・東大向け_300,CJ-000888,888,単語Deck3_難関大・東大向け,語彙,重要副詞,かたがた,かたがた,なし,副詞,品詞=副詞,CJ-000888-C01,meaning,重要語義1,かたがた,あれこれを兼ねて,あれこれを兼ねて｜ついでに,複数の目的を同時に果たすことを表す。,なし,なし,なし,なし,なし,なし,標準古語辞典・検定済み教科書（複数資料照合）,なし,なし
古文単語_単語Deck3_難関大・東大向け_300,CJ-000888,888,単語Deck3_難関大・東大向け,語彙,重要副詞,かたがた,かたがた,なし,副詞,品詞=副詞,CJ-000888-C02,meaning,重要語義2,かたがた,一方では,一方では｜それぞれ,複数の側面・人について述べ分ける。,なし,なし,なし,なし,なし,なし,標準古語辞典・検定済み教科書（複数資料照合）,なし,なし
古文単語_単語Deck3_難関大・東大向け_300,CJ-000889,889,単語Deck3_難関大・東大向け,語彙,重要副詞,よそながら,よそながら,なし,副詞,品詞=副詞,CJ-000889-C01,meaning,重要語義1,よそながら,遠く離れたまま,遠く離れたまま｜間接的に｜人づてに,直接関わらず、離れた所から見聞きすることを表す。,なし,なし,なし,なし,なし,なし,標準古語辞典・検定済み教科書（複数資料照合）,なし,なし
古文単語_単語Deck3_難関大・東大向け_300,CJ-000890,890,単語Deck3_難関大・東大向け,語彙,重要副詞,しばし,しばし,なし,副詞,品詞=副詞,CJ-000890-C01,meaning,重要語義1,しばし,しばらく,しばらく｜少しの間,短い時間を表す。,なし,なし,なし,なし,なし,なし,標準古語辞典・検定済み教科書（複数資料照合）,なし,なし
古文単語_単語Deck3_難関大・東大向け_300,CJ-000891,891,単語Deck3_難関大・東大向け,語彙,重要副詞,たまさかに,たまさかに,偶さかに,副詞,品詞=副詞,CJ-000891-C01,meaning,重要語義1,たまさかに,まれに,まれに｜たまたま,頻度が低いことを表す。,なし,なし,なし,なし,なし,なし,標準古語辞典・検定済み教科書（複数資料照合）,なし,なし
古文単語_単語Deck3_難関大・東大向け_300,CJ-000891,891,単語Deck3_難関大・東大向け,語彙,重要副詞,たまさかに,たまさかに,偶さかに,副詞,品詞=副詞,CJ-000891-C02,meaning,重要語義2,たまさかに,偶然に,偶然に｜思いがけず,意図せず機会が生じることを表す。,なし,なし,なし,なし,なし,なし,標準古語辞典・検定済み教科書（複数資料照合）,なし,なし
古文単語_単語Deck3_難関大・東大向け_300,CJ-000892,892,単語Deck3_難関大・東大向け,語彙,重要副詞,ひたすら,ひたすら,只管,副詞,品詞=副詞,CJ-000892-C01,meaning,重要語義1,ひたすら,一途に,一途に｜ただそれだけに｜もっぱら,他へ心を向けず、一つのことに集中する様子を表す。,なし,なし,なし,なし,なし,なし,標準古語辞典・検定済み教科書（複数資料照合）,なし,なし
古文単語_単語Deck3_難関大・東大向け_300,CJ-000893,893,単語Deck3_難関大・東大向け,語彙,重要副詞,ふりはへ,ふりはえ,ふりはえ,副詞,品詞=副詞,CJ-000893-C01,meaning,重要語義1,ふりはへ,わざわざ,わざわざ｜ことさらに,特別に意図して行うことを表す。,なし,なし,なし,なし,なし,なし,標準古語辞典・検定済み教科書（複数資料照合）,なし,なし
古文単語_単語Deck3_難関大・東大向け_300,CJ-000894,894,単語Deck3_難関大・東大向け,語彙,重要感動詞,よしさらば,よしさらば,なし,感動詞,品詞=感動詞,CJ-000894-C01,meaning,重要語義1,よしさらば,それならば,それならば｜よし、それでは,相手の言葉・状況を受け入れ、次の行動を決める表現。,なし,なし,なし,なし,なし,なし,標準古語辞典・検定済み教科書（複数資料照合）,なし,なし
古文単語_単語Deck3_難関大・東大向け_300,CJ-000895,895,単語Deck3_難関大・東大向け,語彙,重要動詞,うちわびる,うちわびる,なし,動詞,品詞=動詞,CJ-000895-C01,meaning,重要語義1,うちわびる,ひどく思い嘆く,ひどく思い嘆く｜つらく思う,「うち」が意味を強め、深く嘆き悲しむことを表す。,なし,なし,なし,なし,なし,なし,標準古語辞典・検定済み教科書（複数資料照合）,なし,なし
古文単語_単語Deck3_難関大・東大向け_300,CJ-000896,896,単語Deck3_難関大・東大向け,語彙,重要動詞,おもひわたる,おもいわたる,おもいわたる｜思ひ渡る,動詞,品詞=動詞,CJ-000896-C01,meaning,重要語義1,おもひわたる,長い間思い続ける,長い間思い続ける｜恋い慕い続ける,ある人・物事を時間をかけて思い続ける。,なし,なし,なし,なし,なし,なし,標準古語辞典・検定済み教科書（複数資料照合）,なし,なし
古文単語_単語Deck3_難関大・東大向け_300,CJ-000897,897,単語Deck3_難関大・東大向け,語彙,重要動詞,ながめくらす,ながめくらす,眺め暮らす,動詞,品詞=動詞,CJ-000897-C01,meaning,重要語義1,ながめくらす,物思いをしながら一日を過ごす,物思いをしながら一日を過ごす｜ぼんやり一日を暮らす,外を眺めつつ、思い悩んで日を送る。,なし,なし,なし,なし,なし,なし,標準古語辞典・検定済み教科書（複数資料照合）,なし,なし
古文単語_単語Deck3_難関大・東大向け_300,CJ-000898,898,単語Deck3_難関大・東大向け,語彙,重要動詞,なきあかす,なきあかす,泣き明かす,動詞,品詞=動詞,CJ-000898-C01,meaning,重要語義1,なきあかす,泣きながら夜を明かす,泣きながら夜を明かす｜一晩中泣く,夜通し泣き続ける。,なし,なし,なし,なし,なし,なし,標準古語辞典・検定済み教科書（複数資料照合）,なし,なし
古文単語_単語Deck3_難関大・東大向け_300,CJ-000899,899,単語Deck3_難関大・東大向け,語彙,重要連語,せきあへず,せきあえず,せきあえず｜堰き敢へず,連語,品詞=連語,CJ-000899-C01,meaning,重要語義1,せきあへず,こらえきれず,こらえきれず｜抑えきれず,涙・感情などをせき止めることができない様子を表す。,なし,なし,なし,なし,なし,なし,標準古語辞典・検定済み教科書（複数資料照合）,なし,なし
古文単語_単語Deck3_難関大・東大向け_300,CJ-000900,900,単語Deck3_難関大・東大向け,語彙,重要動詞,くれまどふ,くれまどう,くれまどう｜暮れ惑ふ,動詞,品詞=動詞,CJ-000900-C01,meaning,重要語義1,くれまどふ,暗さで道に迷う,暗さで道に迷う｜行く先が分からなくなる,日が暮れて方向を見失う。,なし,なし,なし,なし,なし,なし,標準古語辞典・検定済み教科書（複数資料照合）,なし,なし
古文単語_単語Deck3_難関大・東大向け_300,CJ-000900,900,単語Deck3_難関大・東大向け,語彙,重要動詞,くれまどふ,くれまどう,くれまどう｜暮れ惑ふ,動詞,品詞=動詞,CJ-000900-C02,meaning,重要語義2,くれまどふ,悲しみで途方に暮れる,悲しみで途方に暮れる｜どうしてよいか分からなくなる,強い感情のため判断できなくなる。,なし,なし,なし,なし,なし,なし,標準古語辞典・検定済み教科書（複数資料照合）,なし,なし
