dataset_label,term_id,importance_rank,difficulty_label,category,term,reading,aliases,era,macro_region,region_detail,display_period,sort_year,question_id,stage,focus,question_type,question,answer,keywords,accepted_answers,answer_note,source_name,source_url
大学受験世界史・通史骨格55用語（全300問）,WH-000001,18,大学受験標準,時代・歴史区分,新石器革命,しんせっきかくめい,農業革命,先史時代,世界,西アジアをはじめ世界各地,前1万年頃以降,-10000,WH-000001-B01,beginner,用語の特定,identify,狩猟・採集中心の生活から農耕・牧畜による食料生産へ移った大変化を何という？,新石器革命,新石器革命,農業革命,,世界史の窓：新石器革命／農業革命,https://www.y-history.net/appendix/wh0100-38_1.html
大学受験世界史・通史骨格55用語（全300問）,WH-000001,18,大学受験標準,時代・歴史区分,新石器革命,しんせっきかくめい,農業革命,先史時代,世界,西アジアをはじめ世界各地,前1万年頃以降,-10000,WH-000001-B02,beginner,時期,time,西アジアで農耕・牧畜が始まり、新石器革命が進み始めたのはいつ頃？,前1万年頃,前1万年頃,紀元前1万年頃,,世界史の窓：新石器革命／農業革命,https://www.y-history.net/appendix/wh0100-38_1.html
大学受験世界史・通史骨格55用語（全300問）,WH-000001,18,大学受験標準,時代・歴史区分,新石器革命,しんせっきかくめい,農業革命,先史時代,世界,西アジアをはじめ世界各地,前1万年頃以降,-10000,WH-000001-B03,beginner,結果,result,新石器革命による定住化で形成された基本的な居住共同体は？,村落,村落,定住村落,,世界史の窓：新石器革命／農業革命,https://www.y-history.net/appendix/wh0100-38_1.html
大学受験世界史・通史骨格55用語（全300問）,WH-000001,18,大学受験標準,時代・歴史区分,新石器革命,しんせっきかくめい,農業革命,先史時代,世界,西アジアをはじめ世界各地,前1万年頃以降,-10000,WH-000001-R01,reverse,内容,reverse,何が起きた？,**前1万年頃以降**、人々が**狩猟・採集**中心の生活から、**農耕・牧畜**による食料生産へ移り、**磨製石器**や**土器**を用いて定住生活を始めた。,狩猟・採集|農耕・牧畜|磨製石器|土器|定住生活,,,世界史の窓：新石器革命／農業革命,https://www.y-history.net/appendix/wh0100-38_1.html
大学受験世界史・通史骨格55用語（全300問）,WH-000001,18,大学受験標準,時代・歴史区分,新石器革命,しんせっきかくめい,農業革命,先史時代,世界,西アジアをはじめ世界各地,前1万年頃以降,-10000,WH-000001-R02,reverse,結果,reverse,社会はどのように変化した？,食料の安定と余剰によって人口が増え、**村落**が発達した。やがて分業や階層化が進み、**都市・国家**の成立につながった。,村落|分業|階層化|都市・国家,,,世界史の窓：新石器革命／農業革命,https://www.y-history.net/appendix/wh0100-38_1.html
大学受験世界史・通史骨格55用語（全300問）,WH-000001,18,大学受験標準,時代・歴史区分,新石器革命,しんせっきかくめい,農業革命,先史時代,世界,西アジアをはじめ世界各地,前1万年頃以降,-10000,WH-000001-I01,integrated,統合説明,integrated,「新石器革命」について説明せよ。,前1万年頃以降、人々が**狩猟・採集**から**農耕・牧畜**へ移り、**磨製石器**や**土器**を用いて定住するようになった変化。人口増加と余剰生産によって**村落**・分業・階層化が進み、のちの**都市・国家**形成につながった。,狩猟・採集|農耕・牧畜|磨製石器|土器|村落|都市・国家,,,世界史の窓：新石器革命／農業革命,https://www.y-history.net/appendix/wh0100-38_1.html
大学受験世界史・通史骨格55用語（全300問）,WH-000002,25,大学受験標準,文化・技術・学問,メソポタミア文明,めそぽたみあぶんめい,,古代,西アジア,ティグリス川・ユーフラテス川流域,前4千年紀〜前1千年紀,-3500,WH-000002-B01,beginner,用語の特定,identify,ティグリス川とユーフラテス川の流域に成立した古代文明は？,メソポタミア文明,メソポタミア文明,,,世界史の窓：メソポタミア文明,https://www.y-history.net/appendix/wh0101-004.html
大学受験世界史・通史骨格55用語（全300問）,WH-000002,25,大学受験標準,文化・技術・学問,メソポタミア文明,めそぽたみあぶんめい,,古代,西アジア,ティグリス川・ユーフラテス川流域,前4千年紀〜前1千年紀,-3500,WH-000002-B02,beginner,中心民族,actor,メソポタミア南部にウルやウルクなどの都市国家を築いた民族は？,シュメール人,シュメール人,シュメール,,世界史の窓：メソポタミア文明,https://www.y-history.net/appendix/wh0101-004.html
大学受験世界史・通史骨格55用語（全300問）,WH-000002,25,大学受験標準,文化・技術・学問,メソポタミア文明,めそぽたみあぶんめい,,古代,西アジア,ティグリス川・ユーフラテス川流域,前4千年紀〜前1千年紀,-3500,WH-000002-B03,beginner,文化,content,シュメール人が粘土板に刻んだ文字は？,楔形文字,楔形文字,くさび形文字,,世界史の窓：メソポタミア文明,https://www.y-history.net/appendix/wh0101-004.html
大学受験世界史・通史骨格55用語（全300問）,WH-000002,25,大学受験標準,文化・技術・学問,メソポタミア文明,めそぽたみあぶんめい,,古代,西アジア,ティグリス川・ユーフラテス川流域,前4千年紀〜前1千年紀,-3500,WH-000002-R01,reverse,複合説明,reverse,何が生まれ、どんな特徴をもった？,**前4千年紀以降**、**ティグリス川・ユーフラテス川**流域で灌漑農業が発達し、**シュメール人**が都市国家を築いた。**楔形文字**、神殿を中心とする社会、法典や暦などが発達し、後の西アジア文明の基礎になった。,ティグリス川・ユーフラテス川|灌漑農業|シュメール人|都市国家|楔形文字,,,世界史の窓：メソポタミア文明,https://www.y-history.net/appendix/wh0101-004.html
大学受験世界史・通史骨格55用語（全300問）,WH-000002,25,大学受験標準,文化・技術・学問,メソポタミア文明,めそぽたみあぶんめい,,古代,西アジア,ティグリス川・ユーフラテス川流域,前4千年紀〜前1千年紀,-3500,WH-000002-I01,integrated,統合説明,integrated,「メソポタミア文明」について説明せよ。,前4千年紀以降、**ティグリス川・ユーフラテス川**流域で灌漑農業を基盤に発達した文明。**シュメール人**が都市国家を築き、**楔形文字**・法典・暦などを発達させ、後の西アジア文明の基礎を作った。,ティグリス川・ユーフラテス川|灌漑農業|シュメール人|都市国家|楔形文字,,,世界史の窓：メソポタミア文明,https://www.y-history.net/appendix/wh0101-004.html
大学受験世界史・通史骨格55用語（全300問）,WH-000003,45,大学受験標準,文化・技術・学問,エジプト文明,えじぷとぶんめい,,古代,北アフリカ,ナイル川流域,前4千年紀末以降,-3100,WH-000003-B01,beginner,用語の特定,identify,ナイル川の定期的な増水を利用して発達した古代文明は？,エジプト文明,エジプト文明,,,世界史の窓：エジプト文明,https://www.y-history.net/appendix/wh0101-030_1.html
大学受験世界史・通史骨格55用語（全300問）,WH-000003,45,大学受験標準,文化・技術・学問,エジプト文明,えじぷとぶんめい,,古代,北アフリカ,ナイル川流域,前4千年紀末以降,-3100,WH-000003-B02,beginner,政治,person,古代エジプトで神の化身とされた王を何という？,ファラオ,ファラオ,,,世界史の窓：エジプト文明,https://www.y-history.net/appendix/wh0101-030_1.html
大学受験世界史・通史骨格55用語（全300問）,WH-000003,45,大学受験標準,文化・技術・学問,エジプト文明,えじぷとぶんめい,,古代,北アフリカ,ナイル川流域,前4千年紀末以降,-3100,WH-000003-B03,beginner,文化,content,古代エジプトで神殿や墓の碑文に用いられた文字は？,神聖文字,神聖文字,ヒエログリフ|象形文字,,世界史の窓：エジプト文明,https://www.y-history.net/appendix/wh0101-030_1.html
大学受験世界史・通史骨格55用語（全300問）,WH-000003,45,大学受験標準,文化・技術・学問,エジプト文明,えじぷとぶんめい,,古代,北アフリカ,ナイル川流域,前4千年紀末以降,-3100,WH-000003-R01,reverse,複合説明,reverse,何が発達した？,**前4千年紀末以降**、**ナイル川**の増水を利用する灌漑農業を基盤に統一国家が成立し、**ファラオ**が神権的に支配した。**ピラミッド**、**神聖文字**、太陽暦や測量術などが発達した。,ナイル川|灌漑農業|ファラオ|ピラミッド|神聖文字|太陽暦,,,世界史の窓：エジプト文明,https://www.y-history.net/appendix/wh0101-030_1.html
大学受験世界史・通史骨格55用語（全300問）,WH-000003,45,大学受験標準,文化・技術・学問,エジプト文明,えじぷとぶんめい,,古代,北アフリカ,ナイル川流域,前4千年紀末以降,-3100,WH-000003-I01,integrated,統合説明,integrated,「エジプト文明」について説明せよ。,前4千年紀末以降、**ナイル川**流域で灌漑農業を基盤に発達した文明。**ファラオ**の神権政治のもとで**ピラミッド**や**神聖文字**が生まれ、太陽暦・測量術なども発達した。,ナイル川|灌漑農業|ファラオ|ピラミッド|神聖文字|太陽暦,,,世界史の窓：エジプト文明,https://www.y-history.net/appendix/wh0101-030_1.html
大学受験世界史・通史骨格55用語（全300問）,WH-000004,46,大学受験標準,文化・技術・学問,インダス文明,いんだすぶんめい,,古代,南アジア,インダス川流域,前2600年頃〜前1800年頃,-2600,WH-000004-B01,beginner,用語の特定,identify,前3千年紀、インダス川流域に計画都市を築いた文明は？,インダス文明,インダス文明,,,世界史の窓：インダス文明,https://www.y-history.net/appendix/wh0201-001.html
大学受験世界史・通史骨格55用語（全300問）,WH-000004,46,大学受験標準,文化・技術・学問,インダス文明,いんだすぶんめい,,古代,南アジア,インダス川流域,前2600年頃〜前1800年頃,-2600,WH-000004-B02,beginner,都市,place,インダス文明を代表する二つの都市遺跡は？,ハラッパーとモヘンジョ＝ダーロ,ハラッパー|モヘンジョ＝ダーロ,モヘンジョ＝ダーロとハラッパー|ハラッパー・モヘンジョ＝ダーロ,,世界史の窓：インダス文明,https://www.y-history.net/appendix/wh0201-001.html
大学受験世界史・通史骨格55用語（全300問）,WH-000004,46,大学受験標準,文化・技術・学問,インダス文明,いんだすぶんめい,,古代,南アジア,インダス川流域,前2600年頃〜前1800年頃,-2600,WH-000004-B03,beginner,文化,content,印章などに残るが、現在も十分に解読されていない文字は？,インダス文字,インダス文字,,,世界史の窓：インダス文明,https://www.y-history.net/appendix/wh0201-001.html
大学受験世界史・通史骨格55用語（全300問）,WH-000004,46,大学受験標準,文化・技術・学問,インダス文明,いんだすぶんめい,,古代,南アジア,インダス川流域,前2600年頃〜前1800年頃,-2600,WH-000004-R01,reverse,複合説明,reverse,どのような文明だった？,**前2600年頃以降**、**インダス川**流域に成立し、**ハラッパー**や**モヘンジョ＝ダーロ**では街路・排水設備を備えた計画都市が築かれた。遠隔地交易も行われたが、**インダス文字**は未解読で、政治の実態には不明点が多い。,インダス川|ハラッパー|モヘンジョ＝ダーロ|計画都市|排水設備|インダス文字,,,世界史の窓：インダス文明,https://www.y-history.net/appendix/wh0201-001.html
大学受験世界史・通史骨格55用語（全300問）,WH-000004,46,大学受験標準,文化・技術・学問,インダス文明,いんだすぶんめい,,古代,南アジア,インダス川流域,前2600年頃〜前1800年頃,-2600,WH-000004-I01,integrated,統合説明,integrated,「インダス文明」について説明せよ。,前2600年頃から**インダス川**流域で栄えた文明。**ハラッパー**・**モヘンジョ＝ダーロ**に整然とした街路と排水設備を備えた計画都市が築かれ、遠隔地交易も行われたが、**インダス文字**は未解読である。,インダス川|ハラッパー|モヘンジョ＝ダーロ|計画都市|排水設備|インダス文字,,,世界史の窓：インダス文明,https://www.y-history.net/appendix/wh0201-001.html
大学受験世界史・通史骨格55用語（全300問）,WH-000005,54,大学受験標準,国家・王朝,殷,いん,商,古代,東アジア,黄河中下流域,前16世紀頃〜前11世紀頃,-1600,WH-000005-B01,beginner,用語の特定,identify,甲骨文字や青銅器を残し、考古学的に実在が確認される中国最古の王朝は？,殷,殷,商,,世界史の窓：殷,https://www.y-history.net/appendix/wh0203-015.html
大学受験世界史・通史骨格55用語（全300問）,WH-000005,54,大学受験標準,国家・王朝,殷,いん,商,古代,東アジア,黄河中下流域,前16世紀頃〜前11世紀頃,-1600,WH-000005-B02,beginner,文化,content,殷で占いの記録を亀甲や獣骨に刻んだ文字は？,甲骨文字,甲骨文字,,,世界史の窓：殷,https://www.y-history.net/appendix/wh0203-015.html
大学受験世界史・通史骨格55用語（全300問）,WH-000005,54,大学受験標準,国家・王朝,殷,いん,商,古代,東アジア,黄河中下流域,前16世紀頃〜前11世紀頃,-1600,WH-000005-B03,beginner,文化,content,殷の祭祀や権力を象徴する精巧な金属器は？,青銅器,青銅器,,,世界史の窓：殷,https://www.y-history.net/appendix/wh0203-015.html
大学受験世界史・通史骨格55用語（全300問）,WH-000005,54,大学受験標準,国家・王朝,殷,いん,商,古代,東アジア,黄河中下流域,前16世紀頃〜前11世紀頃,-1600,WH-000005-R01,reverse,複合説明,reverse,何をした？,前16世紀頃から黄河流域で栄え、王が祭祀と軍事を掌握した。**甲骨文字**による占いと記録、精巧な**青銅器**を特徴とし、都の遺跡として**殷墟**が知られる。,甲骨文字|青銅器|殷墟|黄河,,,世界史の窓：殷,https://www.y-history.net/appendix/wh0203-015.html
大学受験世界史・通史骨格55用語（全300問）,WH-000005,54,大学受験標準,国家・王朝,殷,いん,商,古代,東アジア,黄河中下流域,前16世紀頃〜前11世紀頃,-1600,WH-000005-I01,integrated,統合説明,integrated,「殷」について説明せよ。,前16世紀頃から黄河流域で栄えた、中国で実在が確認される最古の王朝。王が祭祀と軍事を掌握し、**甲骨文字**と精巧な**青銅器**を残し、都の跡として**殷墟**が知られる。,黄河|甲骨文字|青銅器|殷墟,,,世界史の窓：殷,https://www.y-history.net/appendix/wh0203-015.html
大学受験世界史・通史骨格55用語（全300問）,WH-000006,55,大学受験標準,国家・王朝,周,しゅう,,古代,東アジア,黄河流域を中心とする中国,前11世紀頃〜前256年,-1046,WH-000006-B01,beginner,用語の特定,identify,殷を倒し、諸侯を各地に配置して中国を支配した王朝は？,周,周,,,世界史の窓：周,https://www.y-history.net/appendix/wh0203-020.html
大学受験世界史・通史骨格55用語（全300問）,WH-000006,55,大学受験標準,国家・王朝,周,しゅう,,古代,東アジア,黄河流域を中心とする中国,前11世紀頃〜前256年,-1046,WH-000006-B02,beginner,制度,content,周が王族・功臣を諸侯として土地に封じた支配制度は？,封建制,封建制,,,世界史の窓：周,https://www.y-history.net/appendix/wh0203-020.html
大学受験世界史・通史骨格55用語（全300問）,WH-000006,55,大学受験標準,国家・王朝,周,しゅう,,古代,東アジア,黄河流域を中心とする中国,前11世紀頃〜前256年,-1046,WH-000006-B03,beginner,思想,content,徳を失った王朝は天に見放されるとして王朝交代を正当化した考えは？,天命思想,天命思想,天命,,世界史の窓：周,https://www.y-history.net/appendix/wh0203-020.html
大学受験世界史・通史骨格55用語（全300問）,WH-000006,55,大学受験標準,国家・王朝,周,しゅう,,古代,東アジア,黄河流域を中心とする中国,前11世紀頃〜前256年,-1046,WH-000006-R01,reverse,複合説明,reverse,何をした？,**前11世紀頃**に殷を倒し、王が親族や功臣を**諸侯**として各地に封じる**封建制**を築いた。王朝支配を**天命思想**で正当化したが、王権の弱体化後は春秋・戦国時代へ移った。,諸侯|封建制|天命思想|春秋・戦国時代,,,世界史の窓：周,https://www.y-history.net/appendix/wh0203-020.html
大学受験世界史・通史骨格55用語（全300問）,WH-000006,55,大学受験標準,国家・王朝,周,しゅう,,古代,東アジア,黄河流域を中心とする中国,前11世紀頃〜前256年,-1046,WH-000006-I01,integrated,統合説明,integrated,「周」について説明せよ。,前11世紀頃に殷を倒して成立し、親族・功臣を**諸侯**として各地に封じる**封建制**で支配した王朝。支配を**天命思想**で正当化したが、王権が弱まり春秋・戦国時代へ移行した。,諸侯|封建制|天命思想|春秋・戦国時代,,,世界史の窓：周,https://www.y-history.net/appendix/wh0203-020.html
大学受験世界史・通史骨格55用語（全300問）,WH-000007,47,大学受験標準,国家・王朝,ポリス,ぽりす,都市国家,古代,ヨーロッパ,古代ギリシア・エーゲ海世界,前8世紀頃〜前4世紀,-800,WH-000007-B01,beginner,用語の特定,identify,古代ギリシアで、市民が共同体を作って自治した都市国家を何という？,ポリス,ポリス,都市国家,,世界史の窓：ポリス,https://www.y-history.net/appendix/wh0102-021.html
大学受験世界史・通史骨格55用語（全300問）,WH-000007,47,大学受験標準,国家・王朝,ポリス,ぽりす,都市国家,古代,ヨーロッパ,古代ギリシア・エーゲ海世界,前8世紀頃〜前4世紀,-800,WH-000007-B02,beginner,都市構造,place,ポリスで神殿などが置かれた丘を何という？,アクロポリス,アクロポリス,,,世界史の窓：ポリス,https://www.y-history.net/appendix/wh0102-021.html
大学受験世界史・通史骨格55用語（全300問）,WH-000007,47,大学受験標準,国家・王朝,ポリス,ぽりす,都市国家,古代,ヨーロッパ,古代ギリシア・エーゲ海世界,前8世紀頃〜前4世紀,-800,WH-000007-B03,beginner,都市構造,place,ポリスの集会や市場の中心となった広場を何という？,アゴラ,アゴラ,,,世界史の窓：ポリス,https://www.y-history.net/appendix/wh0102-021.html
大学受験世界史・通史骨格55用語（全300問）,WH-000007,47,大学受験標準,国家・王朝,ポリス,ぽりす,都市国家,古代,ヨーロッパ,古代ギリシア・エーゲ海世界,前8世紀頃〜前4世紀,-800,WH-000007-R01,reverse,複合説明,reverse,どのような共同体だった？,**前8世紀頃以降**の古代ギリシアで成立した独立性の強い**都市国家**で、**市民**が軍事と政治に参加した。中心部には**アクロポリス**と**アゴラ**があったが、女性・奴隷・在留外人は市民権から除かれた。,都市国家|市民|アクロポリス|アゴラ|奴隷,,,世界史の窓：ポリス,https://www.y-history.net/appendix/wh0102-021.html
大学受験世界史・通史骨格55用語（全300問）,WH-000007,47,大学受験標準,国家・王朝,ポリス,ぽりす,都市国家,古代,ヨーロッパ,古代ギリシア・エーゲ海世界,前8世紀頃〜前4世紀,-800,WH-000007-I01,integrated,統合説明,integrated,「ポリス」について説明せよ。,前8世紀頃から古代ギリシア各地に成立した独立的な**都市国家**。**市民**が軍事・政治に参加し、都市の中心には**アクロポリス**と**アゴラ**があったが、女性・奴隷・在留外人には市民権がなかった。,都市国家|市民|アクロポリス|アゴラ|奴隷,,,世界史の窓：ポリス,https://www.y-history.net/appendix/wh0102-021.html
大学受験世界史・通史骨格55用語（全300問）,WH-000008,43,大学受験標準,国家・王朝,アケメネス朝ペルシア,あけめねすちょうぺるしあ,アケメネス朝,古代,西アジア,イラン高原を中心に西アジア・エジプト・中央アジア,前550年頃〜前330年,-550,WH-000008-B01,beginner,用語の特定,identify,キュロス2世が建国し、西アジアの広域を初めて統一したペルシアの王朝は？,アケメネス朝ペルシア,アケメネス朝ペルシア,アケメネス朝,,世界史の窓：アケメネス朝ペルシア,https://www.y-history.net/appendix/wh0101-103.html
大学受験世界史・通史骨格55用語（全300問）,WH-000008,43,大学受験標準,国家・王朝,アケメネス朝ペルシア,あけめねすちょうぺるしあ,アケメネス朝,古代,西アジア,イラン高原を中心に西アジア・エジプト・中央アジア,前550年頃〜前330年,-550,WH-000008-B02,beginner,中心人物,person,アケメネス朝ペルシアを建国した王は？,キュロス2世,キュロス2世,キュロス二世|キュロス大王,,世界史の窓：アケメネス朝ペルシア,https://www.y-history.net/appendix/wh0101-103.html
大学受験世界史・通史骨格55用語（全300問）,WH-000008,43,大学受験標準,国家・王朝,アケメネス朝ペルシア,あけめねすちょうぺるしあ,アケメネス朝,古代,西アジア,イラン高原を中心に西アジア・エジプト・中央アジア,前550年頃〜前330年,-550,WH-000008-B03,beginner,制度,content,ダレイオス1世が各州に置いた総督を何という？,サトラップ,サトラップ,州総督,,世界史の窓：アケメネス朝ペルシア,https://www.y-history.net/appendix/wh0101-103.html
大学受験世界史・通史骨格55用語（全300問）,WH-000008,43,大学受験標準,国家・王朝,アケメネス朝ペルシア,あけめねすちょうぺるしあ,アケメネス朝,古代,西アジア,イラン高原を中心に西アジア・エジプト・中央アジア,前550年頃〜前330年,-550,WH-000008-R01,reverse,複合説明,reverse,何をした？,**前6世紀**に**キュロス2世**が建国し、**ダレイオス1世**の時代に西アジアからエジプトまでを支配した。領土を州に分けて**サトラップ**を置き、**王の道**や駅伝制を整え、被征服民の宗教・慣習を比較的尊重した。,キュロス2世|ダレイオス1世|サトラップ|王の道|駅伝制,,,世界史の窓：アケメネス朝ペルシア,https://www.y-history.net/appendix/wh0101-103.html
大学受験世界史・通史骨格55用語（全300問）,WH-000008,43,大学受験標準,国家・王朝,アケメネス朝ペルシア,あけめねすちょうぺるしあ,アケメネス朝,古代,西アジア,イラン高原を中心に西アジア・エジプト・中央アジア,前550年頃〜前330年,-550,WH-000008-I01,integrated,統合説明,integrated,「アケメネス朝ペルシア」について説明せよ。,前6世紀、**キュロス2世**が建国し、**ダレイオス1世**の時代に西アジアからエジプトまで広がった大帝国。州に**サトラップ**を置き、**王の道**と駅伝制で統治し、被征服民の宗教・慣習を比較的尊重した。,キュロス2世|ダレイオス1世|サトラップ|王の道|駅伝制,,,世界史の窓：アケメネス朝ペルシア,https://www.y-history.net/appendix/wh0101-103.html
大学受験世界史・通史骨格55用語（全300問）,WH-000009,44,大学受験標準,宗教・宗派,仏教,ぶっきょう,,古代,南アジア,ガンジス川中流域からアジア各地,前5世紀頃以降,-500,WH-000009-B01,beginner,用語の特定,identify,欲望や執着を離れ、輪廻からの解脱を目指す教えを説いたインド起源の宗教は？,仏教,仏教,,,世界史の窓：仏教,https://www.y-history.net/appendix/wh0201-030.html
大学受験世界史・通史骨格55用語（全300問）,WH-000009,44,大学受験標準,宗教・宗派,仏教,ぶっきょう,,古代,南アジア,ガンジス川中流域からアジア各地,前5世紀頃以降,-500,WH-000009-B02,beginner,中心人物,person,仏教を開いた人物は？,ガウタマ＝シッダールタ,ガウタマ＝シッダールタ,ゴータマ＝シッダールタ|釈迦|ブッダ,,世界史の窓：仏教,https://www.y-history.net/appendix/wh0201-030.html
大学受験世界史・通史骨格55用語（全300問）,WH-000009,44,大学受験標準,宗教・宗派,仏教,ぶっきょう,,古代,南アジア,ガンジス川中流域からアジア各地,前5世紀頃以降,-500,WH-000009-B03,beginner,地域,place,仏教が成立したガンジス川中流域は、現在のどの地域にあたる？,北インド,北インド,インド北部,,世界史の窓：仏教,https://www.y-history.net/appendix/wh0201-030.html
大学受験世界史・通史骨格55用語（全300問）,WH-000009,44,大学受験標準,宗教・宗派,仏教,ぶっきょう,,古代,南アジア,ガンジス川中流域からアジア各地,前5世紀頃以降,-500,WH-000009-R01,reverse,複合説明,reverse,どんな宗教で、どのように広がった？,前5世紀頃の北インドで**ガウタマ＝シッダールタ**が開き、欲望と無知を克服して**輪廻**からの**解脱**を目指した。身分を超えて救いを説き、**アショーカ王**の保護や交易路を通じて中央・東・東南アジアへ広がった。,ガウタマ＝シッダールタ|輪廻|解脱|アショーカ王|交易路,,,世界史の窓：仏教,https://www.y-history.net/appendix/wh0201-030.html
大学受験世界史・通史骨格55用語（全300問）,WH-000009,44,大学受験標準,宗教・宗派,仏教,ぶっきょう,,古代,南アジア,ガンジス川中流域からアジア各地,前5世紀頃以降,-500,WH-000009-I01,integrated,統合説明,integrated,「仏教」について説明せよ。,前5世紀頃の北インドで**ガウタマ＝シッダールタ**が開いた宗教。欲望と無知を克服して**輪廻**からの**解脱**を目指し、**アショーカ王**の保護や交易路を通じてアジア各地へ広がった。,ガウタマ＝シッダールタ|輪廻|解脱|アショーカ王|交易路,,,世界史の窓：仏教,https://www.y-history.net/appendix/wh0201-030.html
大学受験世界史・通史骨格55用語（全300問）,WH-000010,14,大学受験標準,国家・王朝,秦,しん,,古代,東アジア,中国,前221年〜前206年,-221,WH-000010-B01,beginner,用語の特定,identify,前221年、戦国時代を終わらせて中国を初めて統一した王朝は？,秦,秦,,,世界史の窓：秦,https://www.y-history.net/appendix/wh0203-073.html
大学受験世界史・通史骨格55用語（全300問）,WH-000010,14,大学受験標準,国家・王朝,秦,しん,,古代,東アジア,中国,前221年〜前206年,-221,WH-000010-B02,beginner,中心人物,person,秦で中国を統一し、初めて皇帝を名乗った人物は？,始皇帝,始皇帝,,,世界史の窓：秦,https://www.y-history.net/appendix/wh0203-073.html
大学受験世界史・通史骨格55用語（全300問）,WH-000010,14,大学受験標準,国家・王朝,秦,しん,,古代,東アジア,中国,前221年〜前206年,-221,WH-000010-B03,beginner,制度,content,始皇帝が全国に広げ、中央から官吏を派遣した地方統治制度は？,郡県制,郡県制,,,世界史の窓：秦,https://www.y-history.net/appendix/wh0203-073.html
大学受験世界史・通史骨格55用語（全300問）,WH-000010,14,大学受験標準,国家・王朝,秦,しん,,古代,東アジア,中国,前221年〜前206年,-221,WH-000010-R01,reverse,複合説明,reverse,何をした？,前221年に**始皇帝**が中国を初めて統一し、**郡県制**による中央集権を進めた。文字・貨幣・度量衡・車軌を統一したが、重税や労役、厳しい法治に反発が高まり、短期間で滅んだ。,始皇帝|郡県制|中央集権|文字・貨幣・度量衡の統一,,,世界史の窓：秦,https://www.y-history.net/appendix/wh0203-073.html
大学受験世界史・通史骨格55用語（全300問）,WH-000010,14,大学受験標準,国家・王朝,秦,しん,,古代,東アジア,中国,前221年〜前206年,-221,WH-000010-I01,integrated,統合説明,integrated,「秦」について説明せよ。,前221年に**始皇帝**が中国を初めて統一した王朝。**郡県制**で中央集権化し、文字・貨幣・度量衡などを統一したが、重税・労役と厳しい法治への反発から短命に終わった。,始皇帝|郡県制|中央集権|文字・貨幣・度量衡の統一,,,世界史の窓：秦,https://www.y-history.net/appendix/wh0203-073.html
大学受験世界史・通史骨格55用語（全300問）,WH-000011,15,大学受験標準,国家・王朝,漢,かん,前漢|後漢,古代,東アジア,中国を中心に東アジア・中央アジア,前202年〜220年,-202,WH-000011-B01,beginner,用語の特定,identify,秦の滅亡後、劉邦が建国し、前漢・後漢を通じて中国を長く支配した王朝は？,漢,漢,漢王朝,,世界史の窓：漢,https://www.y-history.net/appendix/wh0203-085.html
大学受験世界史・通史骨格55用語（全300問）,WH-000011,15,大学受験標準,国家・王朝,漢,かん,前漢|後漢,古代,東アジア,中国を中心に東アジア・中央アジア,前202年〜220年,-202,WH-000011-B02,beginner,中心人物,person,漢を建国し、高祖となった人物は？,劉邦,劉邦,高祖,,世界史の窓：漢,https://www.y-history.net/appendix/wh0203-085.html
大学受験世界史・通史骨格55用語（全300問）,WH-000011,15,大学受験標準,国家・王朝,漢,かん,前漢|後漢,古代,東アジア,中国を中心に東アジア・中央アジア,前202年〜220年,-202,WH-000011-B03,beginner,関連,person,武帝が大月氏との同盟を求めて西域へ派遣した人物は？,張騫,張騫,,,世界史の窓：漢,https://www.y-history.net/appendix/wh0203-085.html
大学受験世界史・通史骨格55用語（全300問）,WH-000011,15,大学受験標準,国家・王朝,漢,かん,前漢|後漢,古代,東アジア,中国を中心に東アジア・中央アジア,前202年〜220年,-202,WH-000011-R01,reverse,複合説明,reverse,何をした？,**前202年**に**劉邦**が秦の後に建国し、郡県制と封建制を組み合わせた**郡国制**から中央集権を強めた。**武帝**は儒学を重視して対外遠征を進め、**張騫**の派遣を通じてシルクロード交易が発達した。,劉邦|郡国制|武帝|儒学|張騫|シルクロード,,,世界史の窓：漢,https://www.y-history.net/appendix/wh0203-085.html
大学受験世界史・通史骨格55用語（全300問）,WH-000011,15,大学受験標準,国家・王朝,漢,かん,前漢|後漢,古代,東アジア,中国を中心に東アジア・中央アジア,前202年〜220年,-202,WH-000011-I01,integrated,統合説明,integrated,「漢」について説明せよ。,前202年に**劉邦**が建国し、前漢・後漢を通じて中国を支配した王朝。**郡国制**から中央集権を強め、**武帝**は儒学を重視して対外進出を進め、**張騫**派遣を契機にシルクロード交易が発達した。,劉邦|郡国制|武帝|儒学|張騫|シルクロード,,,世界史の窓：漢,https://www.y-history.net/appendix/wh0203-085.html
大学受験世界史・通史骨格55用語（全300問）,WH-000012,7,大学受験標準,国家・王朝,ローマ帝国,ろーまていこく,,古代,ヨーロッパ,地中海世界・西アジア・北アフリカ,前27年〜後5世紀,-27,WH-000012-B01,beginner,用語の特定,identify,前27年にアウグストゥスの元首政から始まり、地中海世界を支配した国家は？,ローマ帝国,ローマ帝国,,,世界史の窓：ローマ帝国,https://www.y-history.net/appendix/wh0103-069.html
大学受験世界史・通史骨格55用語（全300問）,WH-000012,7,大学受験標準,国家・王朝,ローマ帝国,ろーまていこく,,古代,ヨーロッパ,地中海世界・西アジア・北アフリカ,前27年〜後5世紀,-27,WH-000012-B02,beginner,中心人物,person,ローマ帝国の初代皇帝とされる人物は？,アウグストゥス,アウグストゥス,オクタウィアヌス,,世界史の窓：ローマ帝国,https://www.y-history.net/appendix/wh0103-069.html
大学受験世界史・通史骨格55用語（全300問）,WH-000012,7,大学受験標準,国家・王朝,ローマ帝国,ろーまていこく,,古代,ヨーロッパ,地中海世界・西アジア・北アフリカ,前27年〜後5世紀,-27,WH-000012-B03,beginner,時代,content,1〜2世紀を中心とするローマ帝国の平和と繁栄の時代を何という？,パクス＝ロマーナ,パクス＝ロマーナ,ローマの平和,,世界史の窓：ローマ帝国,https://www.y-history.net/appendix/wh0103-069.html
大学受験世界史・通史骨格55用語（全300問）,WH-000012,7,大学受験標準,国家・王朝,ローマ帝国,ろーまていこく,,古代,ヨーロッパ,地中海世界・西アジア・北アフリカ,前27年〜後5世紀,-27,WH-000012-R01,reverse,時期,reverse,成立し、繁栄・分裂したのはいつ頃？,前27年に**アウグストゥス**の元首政が始まり、1〜2世紀に**パクス＝ロマーナ**を迎えた。395年に東西分裂し、西ローマ帝国は476年に滅亡した。,アウグストゥス|パクス＝ロマーナ|395年|476年,,,世界史の窓：ローマ帝国,https://www.y-history.net/appendix/wh0103-069.html
大学受験世界史・通史骨格55用語（全300問）,WH-000012,7,大学受験標準,国家・王朝,ローマ帝国,ろーまていこく,,古代,ヨーロッパ,地中海世界・西アジア・北アフリカ,前27年〜後5世紀,-27,WH-000012-R02,reverse,内容,reverse,何をした？,地中海を囲む広域を支配し、道路・都市・軍制と**ローマ法**を整えた。属州民への市民権拡大と**キリスト教**の公認・国教化を通じ、後世のヨーロッパ世界に大きな遺産を残した。,地中海世界|ローマ法|市民権|キリスト教,,,世界史の窓：ローマ帝国,https://www.y-history.net/appendix/wh0103-069.html
大学受験世界史・通史骨格55用語（全300問）,WH-000012,7,大学受験標準,国家・王朝,ローマ帝国,ろーまていこく,,古代,ヨーロッパ,地中海世界・西アジア・北アフリカ,前27年〜後5世紀,-27,WH-000012-I01,integrated,統合説明,integrated,「ローマ帝国」について説明せよ。,前27年に**アウグストゥス**の元首政から始まり、1〜2世紀に**パクス＝ロマーナ**を迎えた地中海帝国。道路・都市・**ローマ法**を整え、市民権を拡大し、**キリスト教**を公認・国教化したが、395年に東西分裂し西ローマ帝国は476年に滅亡した。,アウグストゥス|パクス＝ロマーナ|ローマ法|市民権|キリスト教|395年|476年,,,世界史の窓：ローマ帝国,https://www.y-history.net/appendix/wh0103-069.html
大学受験世界史・通史骨格55用語（全300問）,WH-000013,13,大学受験標準,宗教・宗派,キリスト教,きりすときょう,,古代,西アジア・ヨーロッパ,パレスチナからローマ帝国全域,1世紀以降,30,WH-000013-B01,beginner,用語の特定,identify,イエスの教えを基礎とし、唯一神による救いを説く宗教は？,キリスト教,キリスト教,,,世界史の窓：キリスト教,https://www.y-history.net/appendix/wh0103-132.html
大学受験世界史・通史骨格55用語（全300問）,WH-000013,13,大学受験標準,宗教・宗派,キリスト教,きりすときょう,,古代,西アジア・ヨーロッパ,パレスチナからローマ帝国全域,1世紀以降,30,WH-000013-B02,beginner,中心人物,person,キリスト教の中心となる教えを説いた人物は？,イエス,イエス,イエス＝キリスト|イエス・キリスト,,世界史の窓：キリスト教,https://www.y-history.net/appendix/wh0103-132.html
大学受験世界史・通史骨格55用語（全300問）,WH-000013,13,大学受験標準,宗教・宗派,キリスト教,きりすときょう,,古代,西アジア・ヨーロッパ,パレスチナからローマ帝国全域,1世紀以降,30,WH-000013-B03,beginner,関連,person,313年のミラノ勅令でキリスト教を公認したローマ皇帝は？,コンスタンティヌス帝,コンスタンティヌス帝,コンスタンティヌス1世,,世界史の窓：キリスト教,https://www.y-history.net/appendix/wh0103-132.html
大学受験世界史・通史骨格55用語（全300問）,WH-000013,13,大学受験標準,宗教・宗派,キリスト教,きりすときょう,,古代,西アジア・ヨーロッパ,パレスチナからローマ帝国全域,1世紀以降,30,WH-000013-R01,reverse,時期,reverse,成立し、ローマ帝国で公認・国教化されたのはいつ頃？,1世紀の**パレスチナ**で成立し、313年に**コンスタンティヌス帝**が公認した。4世紀末にはローマ帝国の国教となった。,パレスチナ|コンスタンティヌス帝|313年|国教化,,,世界史の窓：キリスト教,https://www.y-history.net/appendix/wh0103-132.html
大学受験世界史・通史骨格55用語（全300問）,WH-000013,13,大学受験標準,宗教・宗派,キリスト教,きりすときょう,,古代,西アジア・ヨーロッパ,パレスチナからローマ帝国全域,1世紀以降,30,WH-000013-R02,reverse,内容,reverse,どんな教えで、どのように広がった？,**イエス**が唯一神への信仰、隣人愛、神の前での魂の救いを説いた。弟子や**パウロ**らが各地へ伝え、迫害を受けながらも都市民や弱者を含む広い層へ広がった。,イエス|唯一神|隣人愛|魂の救い|パウロ,,,世界史の窓：キリスト教,https://www.y-history.net/appendix/wh0103-132.html
大学受験世界史・通史骨格55用語（全300問）,WH-000013,13,大学受験標準,宗教・宗派,キリスト教,きりすときょう,,古代,西アジア・ヨーロッパ,パレスチナからローマ帝国全域,1世紀以降,30,WH-000013-I01,integrated,統合説明,integrated,「キリスト教」について説明せよ。,1世紀の**パレスチナ**で、**イエス**の唯一神への信仰・隣人愛・魂の救いの教えから成立した宗教。**パウロ**らによってローマ帝国へ広がり、313年に**コンスタンティヌス帝**が公認し、4世紀末に国教化された。,パレスチナ|イエス|唯一神|隣人愛|魂の救い|パウロ|コンスタンティヌス帝,,,世界史の窓：キリスト教,https://www.y-history.net/appendix/wh0103-132.html
大学受験世界史・通史骨格55用語（全300問）,WH-000014,49,大学受験標準,国家・王朝,グプタ朝,ぐぷたちょう,,古代,南アジア,北インド,320年頃〜550年頃,320,WH-000014-B01,beginner,用語の特定,identify,4〜6世紀の北インドを支配し、古典的インド文化が栄えた王朝は？,グプタ朝,グプタ朝,,,世界史の窓：グプタ朝,https://www.y-history.net/appendix/wh0201-066.html
大学受験世界史・通史骨格55用語（全300問）,WH-000014,49,大学受験標準,国家・王朝,グプタ朝,ぐぷたちょう,,古代,南アジア,北インド,320年頃〜550年頃,320,WH-000014-B02,beginner,宗教,content,グプタ朝の保護を受けて社会に定着した宗教は？,ヒンドゥー教,ヒンドゥー教,,,世界史の窓：グプタ朝,https://www.y-history.net/appendix/wh0201-066.html
大学受験世界史・通史骨格55用語（全300問）,WH-000014,49,大学受験標準,国家・王朝,グプタ朝,ぐぷたちょう,,古代,南アジア,北インド,320年頃〜550年頃,320,WH-000014-B03,beginner,文化,content,グプタ朝で文学・学問の共通語として重んじられた古典語は？,サンスクリット語,サンスクリット語,,,世界史の窓：グプタ朝,https://www.y-history.net/appendix/wh0201-066.html
大学受験世界史・通史骨格55用語（全300問）,WH-000014,49,大学受験標準,国家・王朝,グプタ朝,ぐぷたちょう,,古代,南アジア,北インド,320年頃〜550年頃,320,WH-000014-R01,reverse,複合説明,reverse,何をした？,4〜6世紀に北インドを統一し、**ヒンドゥー教**を保護した。**サンスクリット文学**、数学・天文学、仏教美術などが発達し、古典的インド文化の最盛期を作った。,ヒンドゥー教|サンスクリット文学|数学・天文学|仏教美術,,,世界史の窓：グプタ朝,https://www.y-history.net/appendix/wh0201-066.html
大学受験世界史・通史骨格55用語（全300問）,WH-000014,49,大学受験標準,国家・王朝,グプタ朝,ぐぷたちょう,,古代,南アジア,北インド,320年頃〜550年頃,320,WH-000014-I01,integrated,統合説明,integrated,「グプタ朝」について説明せよ。,4〜6世紀に北インドを支配した王朝。**ヒンドゥー教**を保護し、**サンスクリット文学**、数学・天文学、仏教美術などを発達させ、古典的インド文化の最盛期を作った。,ヒンドゥー教|サンスクリット文学|数学・天文学|仏教美術,,,世界史の窓：グプタ朝,https://www.y-history.net/appendix/wh0201-066.html
大学受験世界史・通史骨格55用語（全300問）,WH-000015,9,大学受験標準,宗教・宗派,イスラーム教の成立,いすらーむきょうのせいりつ,イスラム教の成立,中世,西アジア,アラビア半島のメッカ・メディナ,7世紀前半,610,WH-000015-B01,beginner,用語の特定,identify,7世紀のアラビア半島でムハンマドが唯一神アッラーへの服従を説いて成立した宗教は？,イスラーム教,イスラーム教,イスラム教,,世界史の窓：イスラーム教,https://www.y-history.net/appendix/wh0501-008.html
大学受験世界史・通史骨格55用語（全300問）,WH-000015,9,大学受験標準,宗教・宗派,イスラーム教の成立,いすらーむきょうのせいりつ,イスラム教の成立,中世,西アジア,アラビア半島のメッカ・メディナ,7世紀前半,610,WH-000015-B02,beginner,事件,content,622年、ムハンマドがメッカからメディナへ移住した出来事は？,ヒジュラ,ヒジュラ,聖遷,,世界史の窓：イスラーム教,https://www.y-history.net/appendix/wh0501-008.html
大学受験世界史・通史骨格55用語（全300問）,WH-000015,9,大学受験標準,宗教・宗派,イスラーム教の成立,いすらーむきょうのせいりつ,イスラム教の成立,中世,西アジア,アラビア半島のメッカ・メディナ,7世紀前半,610,WH-000015-B03,beginner,文書,content,ムハンマドが受けた啓示をまとめたイスラーム教の聖典は？,クルアーン,クルアーン,コーラン,,世界史の窓：イスラーム教,https://www.y-history.net/appendix/wh0501-008.html
大学受験世界史・通史骨格55用語（全300問）,WH-000015,9,大学受験標準,宗教・宗派,イスラーム教の成立,いすらーむきょうのせいりつ,イスラム教の成立,中世,西アジア,アラビア半島のメッカ・メディナ,7世紀前半,610,WH-000015-R01,reverse,時期・場所,reverse,成立したのはいつ頃・どこ？,7世紀前半、アラビア半島の**メッカ**で始まり、622年の**ヒジュラ**後は**メディナ**を拠点に共同体が形成された。,メッカ|ヒジュラ|メディナ|622年,,,世界史の窓：イスラーム教,https://www.y-history.net/appendix/wh0501-008.html
大学受験世界史・通史骨格55用語（全300問）,WH-000015,9,大学受験標準,宗教・宗派,イスラーム教の成立,いすらーむきょうのせいりつ,イスラム教の成立,中世,西アジア,アラビア半島のメッカ・メディナ,7世紀前半,610,WH-000015-R02,reverse,内容,reverse,何が起き、何につながった？,**ムハンマド**が唯一神**アッラー**への服従と信徒の平等を説き、**クルアーン**を基礎とする宗教共同体を作った。アラビア半島の統一後、後継者のカリフのもとでイスラーム世界が急速に拡大した。,ムハンマド|アッラー|クルアーン|宗教共同体|カリフ,,,世界史の窓：イスラーム教,https://www.y-history.net/appendix/wh0501-008.html
大学受験世界史・通史骨格55用語（全300問）,WH-000015,9,大学受験標準,宗教・宗派,イスラーム教の成立,いすらーむきょうのせいりつ,イスラム教の成立,中世,西アジア,アラビア半島のメッカ・メディナ,7世紀前半,610,WH-000015-I01,integrated,統合説明,integrated,「イスラーム教の成立」について説明せよ。,7世紀前半、**ムハンマド**がメッカで唯一神**アッラー**への服従を説いて始めた宗教。622年の**ヒジュラ**後にメディナで共同体を形成し、**クルアーン**を基礎にアラビア半島を統一し、カリフの時代に広域へ拡大した。,ムハンマド|メッカ|アッラー|ヒジュラ|メディナ|クルアーン|カリフ,,,世界史の窓：イスラーム教,https://www.y-history.net/appendix/wh0501-008.html
大学受験世界史・通史骨格55用語（全300問）,WH-000016,16,大学受験標準,国家・王朝,唐,とう,,中世,東アジア,中国を中心に東アジア・中央アジア,618年〜907年,618,WH-000016-B01,beginner,用語の特定,identify,618年に成立し、長安を都として東アジアに大きな影響を与えた中国王朝は？,唐,唐,,,世界史の窓：唐,https://www.y-history.net/appendix/wh0302-011.html
大学受験世界史・通史骨格55用語（全300問）,WH-000016,16,大学受験標準,国家・王朝,唐,とう,,中世,東アジア,中国を中心に東アジア・中央アジア,618年〜907年,618,WH-000016-B02,beginner,都市,place,唐の国際色豊かな都は？,長安,長安,,,世界史の窓：唐,https://www.y-history.net/appendix/wh0302-011.html
大学受験世界史・通史骨格55用語（全300問）,WH-000016,16,大学受験標準,国家・王朝,唐,とう,,中世,東アジア,中国を中心に東アジア・中央アジア,618年〜907年,618,WH-000016-B03,beginner,制度,content,唐が農民に土地を給付し、税役負担の基礎とした土地制度は？,均田制,均田制,,,世界史の窓：唐,https://www.y-history.net/appendix/wh0302-011.html
大学受験世界史・通史骨格55用語（全300問）,WH-000016,16,大学受験標準,国家・王朝,唐,とう,,中世,東アジア,中国を中心に東アジア・中央アジア,618年〜907年,618,WH-000016-R01,reverse,複合説明,reverse,何をした？,618年に成立し、**長安**を都に律令体制を整えた。**均田制・租庸調制・府兵制**を基礎に支配し、陸海の交易を通じて国際的な文化が栄えたが、**安史の乱**後に節度使が自立して衰えた。,長安|律令体制|均田制|租庸調制|府兵制|安史の乱|節度使,,,世界史の窓：唐,https://www.y-history.net/appendix/wh0302-011.html
大学受験世界史・通史骨格55用語（全300問）,WH-000016,16,大学受験標準,国家・王朝,唐,とう,,中世,東アジア,中国を中心に東アジア・中央アジア,618年〜907年,618,WH-000016-I01,integrated,統合説明,integrated,「唐」について説明せよ。,618年に成立し、**長安**を都に東アジアへ大きな影響を与えた中国王朝。**均田制・租庸調制・府兵制**を基礎に国際文化を栄えさせたが、**安史の乱**後に節度使が自立して衰退した。,長安|均田制|租庸調制|府兵制|安史の乱|節度使,,,世界史の窓：唐,https://www.y-history.net/appendix/wh0302-011.html
大学受験世界史・通史骨格55用語（全300問）,WH-000017,52,大学受験標準,国家・王朝,ウマイヤ朝,うまいやちょう,,中世,西アジア・地中海世界,ダマスクスを中心に西アジア・北アフリカ・イベリア半島,661年〜750年,661,WH-000017-B01,beginner,用語の特定,identify,ムアーウィヤが開き、イスラーム世界で最初の世襲王朝となった王朝は？,ウマイヤ朝,ウマイヤ朝,,,世界史の窓：ウマイヤ朝,https://www.y-history.net/appendix/wh0501-030.html
大学受験世界史・通史骨格55用語（全300問）,WH-000017,52,大学受験標準,国家・王朝,ウマイヤ朝,うまいやちょう,,中世,西アジア・地中海世界,ダマスクスを中心に西アジア・北アフリカ・イベリア半島,661年〜750年,661,WH-000017-B02,beginner,都市,place,ウマイヤ朝の都は？,ダマスクス,ダマスクス,,,世界史の窓：ウマイヤ朝,https://www.y-history.net/appendix/wh0501-030.html
大学受験世界史・通史骨格55用語（全300問）,WH-000017,52,大学受験標準,国家・王朝,ウマイヤ朝,うまいやちょう,,中世,西アジア・地中海世界,ダマスクスを中心に西アジア・北アフリカ・イベリア半島,661年〜750年,661,WH-000017-B03,beginner,社会,content,ウマイヤ朝の支配で優位に置かれた集団は？,アラブ人,アラブ人,アラブ人ムスリム,,世界史の窓：ウマイヤ朝,https://www.y-history.net/appendix/wh0501-030.html
大学受験世界史・通史骨格55用語（全300問）,WH-000017,52,大学受験標準,国家・王朝,ウマイヤ朝,うまいやちょう,,中世,西アジア・地中海世界,ダマスクスを中心に西アジア・北アフリカ・イベリア半島,661年〜750年,661,WH-000017-R01,reverse,複合説明,reverse,何をした？,**ムアーウィヤ**が661年に開き、**ダマスクス**を都にイベリア半島から中央アジアまで征服した。アラブ人ムスリムを優遇する**アラブ帝国**だったため、非アラブ人ムスリムの不満が高まり、アッバース革命で倒れた。,ムアーウィヤ|ダマスクス|アラブ帝国|非アラブ人ムスリム|アッバース革命,,,世界史の窓：ウマイヤ朝,https://www.y-history.net/appendix/wh0501-030.html
大学受験世界史・通史骨格55用語（全300問）,WH-000017,52,大学受験標準,国家・王朝,ウマイヤ朝,うまいやちょう,,中世,西アジア・地中海世界,ダマスクスを中心に西アジア・北アフリカ・イベリア半島,661年〜750年,661,WH-000017-I01,integrated,統合説明,integrated,「ウマイヤ朝」について説明せよ。,661年に**ムアーウィヤ**が開き、**ダマスクス**を都に広大な領域を支配した最初の世襲イスラーム王朝。アラブ人を優遇する**アラブ帝国**であったため非アラブ人ムスリムの不満を招き、750年にアッバース革命で滅んだ。,ムアーウィヤ|ダマスクス|アラブ帝国|非アラブ人ムスリム|アッバース革命,,,世界史の窓：ウマイヤ朝,https://www.y-history.net/appendix/wh0501-030.html
大学受験世界史・通史骨格55用語（全300問）,WH-000018,32,大学受験標準,国家・王朝,アッバース朝,あっばーすちょう,,中世,西アジア,バグダードを中心とするイスラーム世界,750年〜1258年,750,WH-000018-B01,beginner,用語の特定,identify,750年にウマイヤ朝を倒し、バグダードを都としたイスラーム王朝は？,アッバース朝,アッバース朝,,,世界史の窓：アッバース朝,https://www.y-history.net/appendix/wh0501-045.html
大学受験世界史・通史骨格55用語（全300問）,WH-000018,32,大学受験標準,国家・王朝,アッバース朝,あっばーすちょう,,中世,西アジア,バグダードを中心とするイスラーム世界,750年〜1258年,750,WH-000018-B02,beginner,都市,place,アッバース朝が建設し、政治・交易・学問の中心となった都は？,バグダード,バグダード,,,世界史の窓：アッバース朝,https://www.y-history.net/appendix/wh0501-045.html
大学受験世界史・通史骨格55用語（全300問）,WH-000018,32,大学受験標準,国家・王朝,アッバース朝,あっばーすちょう,,中世,西アジア,バグダードを中心とするイスラーム世界,750年〜1258年,750,WH-000018-B03,beginner,社会,content,アッバース朝がアラブ人優越に代えて進めた原則は？,ムスリムの平等,ムスリムの平等,イスラーム教徒の平等|信徒の平等,,世界史の窓：アッバース朝,https://www.y-history.net/appendix/wh0501-045.html
大学受験世界史・通史骨格55用語（全300問）,WH-000018,32,大学受験標準,国家・王朝,アッバース朝,あっばーすちょう,,中世,西アジア,バグダードを中心とするイスラーム世界,750年〜1258年,750,WH-000018-R01,reverse,複合説明,reverse,何をした？,750年にウマイヤ朝を倒し、**バグダード**を都とした。非アラブ人を含む**ムスリムの平等**を進め、ペルシア系官僚を登用し、広域交易と学問・文化が栄える**イスラーム帝国**を形成した。,バグダード|ムスリムの平等|ペルシア系官僚|広域交易|イスラーム帝国,,,世界史の窓：アッバース朝,https://www.y-history.net/appendix/wh0501-045.html
大学受験世界史・通史骨格55用語（全300問）,WH-000018,32,大学受験標準,国家・王朝,アッバース朝,あっばーすちょう,,中世,西アジア,バグダードを中心とするイスラーム世界,750年〜1258年,750,WH-000018-I01,integrated,統合説明,integrated,「アッバース朝」について説明せよ。,750年にウマイヤ朝を倒して成立し、**バグダード**を都とした王朝。非アラブ人を含む**ムスリムの平等**を進め、ペルシア系官僚を登用し、広域交易と学問・文化が栄える普遍的な**イスラーム帝国**を形成した。,バグダード|ムスリムの平等|ペルシア系官僚|広域交易|イスラーム帝国,,,世界史の窓：アッバース朝,https://www.y-history.net/appendix/wh0501-045.html
大学受験世界史・通史骨格55用語（全300問）,WH-000019,24,大学受験標準,時代・歴史区分,西ヨーロッパ封建社会,にしよーろっぱほうけんしゃかい,封建社会,中世,ヨーロッパ,西ヨーロッパ,9世紀頃〜13世紀頃,850,WH-000019-B01,beginner,用語の特定,identify,主従関係と荘園制を基礎に、中世西ヨーロッパで形成された社会を何という？,封建社会,封建社会,西ヨーロッパ封建社会,,世界史の窓：封建社会,https://www.y-history.net/appendix/wh0601-139.html
大学受験世界史・通史骨格55用語（全300問）,WH-000019,24,大学受験標準,時代・歴史区分,西ヨーロッパ封建社会,にしよーろっぱほうけんしゃかい,封建社会,中世,ヨーロッパ,西ヨーロッパ,9世紀頃〜13世紀頃,850,WH-000019-B02,beginner,制度,content,領主が土地を媒介に家臣と結んだ保護・奉仕の関係を何という？,封建的主従関係,封建的主従関係,主従関係,,世界史の窓：封建社会,https://www.y-history.net/appendix/wh0601-139.html
大学受験世界史・通史骨格55用語（全300問）,WH-000019,24,大学受験標準,時代・歴史区分,西ヨーロッパ封建社会,にしよーろっぱほうけんしゃかい,封建社会,中世,ヨーロッパ,西ヨーロッパ,9世紀頃〜13世紀頃,850,WH-000019-B03,beginner,身分,actor,荘園に束縛され、領主に地代や労働を負担した農民を何という？,農奴,農奴,,,世界史の窓：封建社会,https://www.y-history.net/appendix/wh0601-139.html
大学受験世界史・通史骨格55用語（全300問）,WH-000019,24,大学受験標準,時代・歴史区分,西ヨーロッパ封建社会,にしよーろっぱほうけんしゃかい,封建社会,中世,ヨーロッパ,西ヨーロッパ,9世紀頃〜13世紀頃,850,WH-000019-R01,reverse,時期,reverse,成立し展開したのはいつ頃？,おもに**9〜13世紀**の**西ヨーロッパ**で、カロリング帝国の分裂や外敵の侵入を背景に形成された。,9〜13世紀|西ヨーロッパ|カロリング帝国の分裂|外敵の侵入,,,世界史の窓：封建社会,https://www.y-history.net/appendix/wh0601-139.html
大学受験世界史・通史骨格55用語（全300問）,WH-000019,24,大学受験標準,時代・歴史区分,西ヨーロッパ封建社会,にしよーろっぱほうけんしゃかい,封建社会,中世,ヨーロッパ,西ヨーロッパ,9世紀頃〜13世紀頃,850,WH-000019-R02,reverse,内容,reverse,どのような仕組み？,土地を媒介とする**封建的主従関係**で諸侯・騎士が結ばれ、経済面では**荘園**を領主が支配し、**農奴**が地代や労働を負担した。権力が各地の領主に分散した社会だった。,封建的主従関係|荘園|農奴|領主,,,世界史の窓：封建社会,https://www.y-history.net/appendix/wh0601-139.html
大学受験世界史・通史骨格55用語（全300問）,WH-000019,24,大学受験標準,時代・歴史区分,西ヨーロッパ封建社会,にしよーろっぱほうけんしゃかい,封建社会,中世,ヨーロッパ,西ヨーロッパ,9世紀頃〜13世紀頃,850,WH-000019-I01,integrated,統合説明,integrated,「西ヨーロッパ封建社会」について説明せよ。,9〜13世紀頃の西ヨーロッパで、カロリング帝国の分裂や外敵侵入を背景に成立した社会。土地を媒介とする**封建的主従関係**と、領主が**農奴**を支配する**荘園**を基礎とし、政治権力は各地の領主に分散した。,封建的主従関係|荘園|農奴|領主|カロリング帝国の分裂,,,世界史の窓：封建社会,https://www.y-history.net/appendix/wh0601-139.html
大学受験世界史・通史骨格55用語（全300問）,WH-000020,51,大学受験標準,国家・王朝,宋,そう,北宋|南宋,中世,東アジア,中国,960年〜1279年,960,WH-000020-B01,beginner,用語の特定,identify,960年に趙匡胤が建国し、文治主義と商業の発達で知られる中国王朝は？,宋,宋,北宋|宋王朝,,世界史の窓：宋／北宋,https://www.y-history.net/appendix/wh0303-032.html
大学受験世界史・通史骨格55用語（全300問）,WH-000020,51,大学受験標準,国家・王朝,宋,そう,北宋|南宋,中世,東アジア,中国,960年〜1279年,960,WH-000020-B02,beginner,中心人物,person,宋を建国して太祖となった人物は？,趙匡胤,趙匡胤,宋の太祖,,世界史の窓：宋／北宋,https://www.y-history.net/appendix/wh0303-032.html
大学受験世界史・通史骨格55用語（全300問）,WH-000020,51,大学受験標準,国家・王朝,宋,そう,北宋|南宋,中世,東アジア,中国,960年〜1279年,960,WH-000020-B03,beginner,政策,content,宋が軍人を抑え、文官官僚を重用した政治方針は？,文治主義,文治主義,,,世界史の窓：宋／北宋,https://www.y-history.net/appendix/wh0303-032.html
大学受験世界史・通史骨格55用語（全300問）,WH-000020,51,大学受験標準,国家・王朝,宋,そう,北宋|南宋,中世,東アジア,中国,960年〜1279年,960,WH-000020-R01,reverse,複合説明,reverse,何をした？,**趙匡胤**が960年に建国し、軍人を抑えて科挙官僚を重用する**文治主義**を進めた。都市・商業・貨幣経済が発達し、印刷・火薬・羅針盤などの技術も広がったが、北方民族への軍事的劣勢が続いた。,趙匡胤|文治主義|科挙官僚|貨幣経済|印刷|火薬|羅針盤,,,世界史の窓：宋／北宋,https://www.y-history.net/appendix/wh0303-032.html
大学受験世界史・通史骨格55用語（全300問）,WH-000020,51,大学受験標準,国家・王朝,宋,そう,北宋|南宋,中世,東アジア,中国,960年〜1279年,960,WH-000020-I01,integrated,統合説明,integrated,「宋」について説明せよ。,960年に**趙匡胤**が建国した中国王朝。科挙官僚を重用する**文治主義**のもとで都市・商業・貨幣経済が発達し、印刷・火薬・羅針盤などの技術も広がったが、北方民族には軍事的に劣勢だった。,趙匡胤|文治主義|科挙官僚|貨幣経済|印刷|火薬|羅針盤,,,世界史の窓：宋／北宋,https://www.y-history.net/appendix/wh0303-032.html
大学受験世界史・通史骨格55用語（全300問）,WH-000021,33,大学受験標準,戦争,十字軍,じゅうじぐん,十字軍運動,中世,ヨーロッパ・西アジア,西ヨーロッパ・東地中海・パレスチナ,1096年〜13世紀,1096,WH-000021-B01,beginner,用語の特定,identify,11世紀末から、西ヨーロッパのキリスト教徒が聖地回復を掲げて行った遠征は？,十字軍,十字軍,十字軍運動,,世界史の窓：十字軍,https://www.y-history.net/appendix/wh0603_1-008.html
大学受験世界史・通史骨格55用語（全300問）,WH-000021,33,大学受験標準,戦争,十字軍,じゅうじぐん,十字軍運動,中世,ヨーロッパ・西アジア,西ヨーロッパ・東地中海・パレスチナ,1096年〜13世紀,1096,WH-000021-B02,beginner,中心人物,person,1095年のクレルモン宗教会議で十字軍を呼びかけた教皇は？,ウルバヌス2世,ウルバヌス2世,ウルバヌス二世,,世界史の窓：十字軍,https://www.y-history.net/appendix/wh0603_1-008.html
大学受験世界史・通史骨格55用語（全300問）,WH-000021,33,大学受験標準,戦争,十字軍,じゅうじぐん,十字軍運動,中世,ヨーロッパ・西アジア,西ヨーロッパ・東地中海・パレスチナ,1096年〜13世紀,1096,WH-000021-B03,beginner,目的地,place,十字軍がイスラーム勢力からの奪回を目指した聖地は？,イェルサレム,イェルサレム,エルサレム|エルサレム市,,世界史の窓：十字軍,https://www.y-history.net/appendix/wh0603_1-008.html
大学受験世界史・通史骨格55用語（全300問）,WH-000021,33,大学受験標準,戦争,十字軍,じゅうじぐん,十字軍運動,中世,ヨーロッパ・西アジア,西ヨーロッパ・東地中海・パレスチナ,1096年〜13世紀,1096,WH-000021-R01,reverse,時期,reverse,戦われたのはいつ？,1096年に第1回遠征が始まり、13世紀まで繰り返された。第1回十字軍は1099年に**イェルサレム**を占領した。,1096年|13世紀|イェルサレム|1099年,,,世界史の窓：十字軍,https://www.y-history.net/appendix/wh0603_1-008.html
大学受験世界史・通史骨格55用語（全300問）,WH-000021,33,大学受験標準,戦争,十字軍,じゅうじぐん,十字軍運動,中世,ヨーロッパ・西アジア,西ヨーロッパ・東地中海・パレスチナ,1096年〜13世紀,1096,WH-000021-R02,reverse,原因・結果,reverse,なぜ始まり、何が起きた？,セルジューク朝に圧迫された**ビザンツ帝国**の救援要請を受け、**ウルバヌス2世**が聖地回復を呼びかけた。遠征は最終的に失敗したが、地中海交易と都市を活発化させ、封建領主やビザンツ帝国を弱め、キリスト教・イスラーム間の対立を深めた。,ビザンツ帝国|ウルバヌス2世|聖地回復|地中海交易|封建領主,,,世界史の窓：十字軍,https://www.y-history.net/appendix/wh0603_1-008.html
大学受験世界史・通史骨格55用語（全300問）,WH-000021,33,大学受験標準,戦争,十字軍,じゅうじぐん,十字軍運動,中世,ヨーロッパ・西アジア,西ヨーロッパ・東地中海・パレスチナ,1096年〜13世紀,1096,WH-000021-I01,integrated,統合説明,integrated,「十字軍」について説明せよ。,1096年から13世紀にかけ、**ウルバヌス2世**の呼びかけで西ヨーロッパのキリスト教徒が**イェルサレム**回復を目指した遠征。最終的には失敗したが、地中海交易と都市を活発化させ、封建領主・ビザンツ帝国を弱め、宗教間の対立を深めた。,ウルバヌス2世|イェルサレム|聖地回復|地中海交易|封建領主|ビザンツ帝国,,,世界史の窓：十字軍,https://www.y-history.net/appendix/wh0603_1-008.html
大学受験世界史・通史骨格55用語（全300問）,WH-000022,10,大学受験標準,国家・王朝,モンゴル帝国,もんごるていこく,,中世,ユーラシア,モンゴル高原から東アジア・中央アジア・西アジア・東ヨーロッパ,1206年〜14世紀頃,1206,WH-000022-B01,beginner,用語の特定,identify,1206年にチンギス＝ハンが建国し、ユーラシアの広域を征服した帝国は？,モンゴル帝国,モンゴル帝国,,,世界史の窓：モンゴル帝国,https://www.y-history.net/appendix/wh0403-006.html
大学受験世界史・通史骨格55用語（全300問）,WH-000022,10,大学受験標準,国家・王朝,モンゴル帝国,もんごるていこく,,中世,ユーラシア,モンゴル高原から東アジア・中央アジア・西アジア・東ヨーロッパ,1206年〜14世紀頃,1206,WH-000022-B02,beginner,中心人物,person,モンゴル諸部族を統一してモンゴル帝国を建てた人物は？,チンギス＝ハン,チンギス＝ハン,チンギス・ハン|成吉思汗,,世界史の窓：モンゴル帝国,https://www.y-history.net/appendix/wh0403-006.html
大学受験世界史・通史骨格55用語（全300問）,WH-000022,10,大学受験標準,国家・王朝,モンゴル帝国,もんごるていこく,,中世,ユーラシア,モンゴル高原から東アジア・中央アジア・西アジア・東ヨーロッパ,1206年〜14世紀頃,1206,WH-000022-B03,beginner,制度,content,モンゴル帝国が駅と馬を配置して命令や使節の移動を支えた制度は？,駅伝制,駅伝制,ジャムチ|站赤,,世界史の窓：モンゴル帝国,https://www.y-history.net/appendix/wh0403-006.html
大学受験世界史・通史骨格55用語（全300問）,WH-000022,10,大学受験標準,国家・王朝,モンゴル帝国,もんごるていこく,,中世,ユーラシア,モンゴル高原から東アジア・中央アジア・西アジア・東ヨーロッパ,1206年〜14世紀頃,1206,WH-000022-R01,reverse,時期・地域,reverse,成立し拡大したのはいつ頃・どこ？,1206年に**チンギス＝ハン**がモンゴル高原を統一して成立し、13世紀に東アジアから東ヨーロッパ・西アジアまで広がった。,チンギス＝ハン|1206年|13世紀|ユーラシア,,,世界史の窓：モンゴル帝国,https://www.y-history.net/appendix/wh0403-006.html
大学受験世界史・通史骨格55用語（全300問）,WH-000022,10,大学受験標準,国家・王朝,モンゴル帝国,もんごるていこく,,中世,ユーラシア,モンゴル高原から東アジア・中央アジア・西アジア・東ヨーロッパ,1206年〜14世紀頃,1206,WH-000022-R02,reverse,内容,reverse,何をした？,機動力の高い騎馬軍で征服を進め、後に複数の**ハン国**へ分かれながらも、**駅伝制**と交易路の保護でユーラシア交流を活発化させた。一方、征服地では都市破壊や大きな犠牲も生じた。,騎馬軍|ハン国|駅伝制|交易路|ユーラシア交流,,,世界史の窓：モンゴル帝国,https://www.y-history.net/appendix/wh0403-006.html
大学受験世界史・通史骨格55用語（全300問）,WH-000022,10,大学受験標準,国家・王朝,モンゴル帝国,もんごるていこく,,中世,ユーラシア,モンゴル高原から東アジア・中央アジア・西アジア・東ヨーロッパ,1206年〜14世紀頃,1206,WH-000022-I01,integrated,統合説明,integrated,「モンゴル帝国」について説明せよ。,1206年に**チンギス＝ハン**が建国し、13世紀に東アジアから東ヨーロッパ・西アジアまで広がった帝国。騎馬軍で征服し、複数の**ハン国**に分かれた後も**駅伝制**と交易路保護によってユーラシア交流を活発化させた。,チンギス＝ハン|ハン国|駅伝制|交易路|ユーラシア交流,,,世界史の窓：モンゴル帝国,https://www.y-history.net/appendix/wh0403-006.html
大学受験世界史・通史骨格55用語（全300問）,WH-000023,20,大学受験標準,国家・王朝,オスマン帝国,おすまんていこく,オスマン朝|オスマン＝トルコ,中世〜近代,西アジア・ヨーロッパ・北アフリカ,アナトリア・バルカン半島・東地中海,13世紀末〜1922年,1299,WH-000023-B01,beginner,用語の特定,identify,アナトリアで成立し、ビザンツ帝国を滅ぼして東地中海を支配したイスラーム帝国は？,オスマン帝国,オスマン帝国,オスマン朝|オスマン＝トルコ,,世界史の窓：オスマン帝国,https://www.y-history.net/appendix/wh0803-009_1.html
大学受験世界史・通史骨格55用語（全300問）,WH-000023,20,大学受験標準,国家・王朝,オスマン帝国,おすまんていこく,オスマン朝|オスマン＝トルコ,中世〜近代,西アジア・ヨーロッパ・北アフリカ,アナトリア・バルカン半島・東地中海,13世紀末〜1922年,1299,WH-000023-B02,beginner,中心人物,person,13世紀末にオスマン帝国の基礎を築いた人物は？,オスマン1世,オスマン1世,オスマン一世,,世界史の窓：オスマン帝国,https://www.y-history.net/appendix/wh0803-009_1.html
大学受験世界史・通史骨格55用語（全300問）,WH-000023,20,大学受験標準,国家・王朝,オスマン帝国,おすまんていこく,オスマン朝|オスマン＝トルコ,中世〜近代,西アジア・ヨーロッパ・北アフリカ,アナトリア・バルカン半島・東地中海,13世紀末〜1922年,1299,WH-000023-B03,beginner,軍事,actor,デヴシルメで集めた少年を訓練して編成した常備歩兵軍は？,イェニチェリ,イェニチェリ,イェニチェリ軍団,,世界史の窓：オスマン帝国,https://www.y-history.net/appendix/wh0803-009_1.html
大学受験世界史・通史骨格55用語（全300問）,WH-000023,20,大学受験標準,国家・王朝,オスマン帝国,おすまんていこく,オスマン朝|オスマン＝トルコ,中世〜近代,西アジア・ヨーロッパ・北アフリカ,アナトリア・バルカン半島・東地中海,13世紀末〜1922年,1299,WH-000023-R01,reverse,時期・地域,reverse,存在したのはいつ・どこ？,13世紀末に**アナトリア**で成立し、バルカン半島・西アジア・北アフリカへ拡大して、1922年まで続いた。,アナトリア|バルカン半島|西アジア|北アフリカ|1922年,,,世界史の窓：オスマン帝国,https://www.y-history.net/appendix/wh0803-009_1.html
大学受験世界史・通史骨格55用語（全300問）,WH-000023,20,大学受験標準,国家・王朝,オスマン帝国,おすまんていこく,オスマン朝|オスマン＝トルコ,中世〜近代,西アジア・ヨーロッパ・北アフリカ,アナトリア・バルカン半島・東地中海,13世紀末〜1922年,1299,WH-000023-R02,reverse,内容,reverse,何をした？,**メフメト2世**が1453年にコンスタンティノープルを征服し、**スレイマン1世**の時代に最盛期を迎えた。**イェニチェリ**を用い、宗教共同体に自治を認める**ミッレト制**で多民族・多宗教を統治した。,メフメト2世|1453年|スレイマン1世|イェニチェリ|ミッレト制,,,世界史の窓：オスマン帝国,https://www.y-history.net/appendix/wh0803-009_1.html
大学受験世界史・通史骨格55用語（全300問）,WH-000023,20,大学受験標準,国家・王朝,オスマン帝国,おすまんていこく,オスマン朝|オスマン＝トルコ,中世〜近代,西アジア・ヨーロッパ・北アフリカ,アナトリア・バルカン半島・東地中海,13世紀末〜1922年,1299,WH-000023-I01,integrated,統合説明,integrated,「オスマン帝国」について説明せよ。,13世紀末に**アナトリア**で成立し、バルカン・西アジア・北アフリカを支配した帝国。**メフメト2世**が1453年にコンスタンティノープルを征服し、**スレイマン1世**期に最盛期を迎え、**イェニチェリ**と**ミッレト制**で多民族・多宗教を統治した。,アナトリア|メフメト2世|1453年|スレイマン1世|イェニチェリ|ミッレト制,,,世界史の窓：オスマン帝国,https://www.y-history.net/appendix/wh0803-009_1.html
大学受験世界史・通史骨格55用語（全300問）,WH-000024,35,大学受験標準,文化・技術・学問,ルネサンス,るねさんす,文芸復興,近世,ヨーロッパ,イタリアから西ヨーロッパ各地,14世紀〜16世紀,1350,WH-000024-B01,beginner,用語の特定,identify,古代ギリシア・ローマ文化を復興し、人間を重視した14〜16世紀の文化運動は？,ルネサンス,ルネサンス,文芸復興,,世界史の窓：ルネサンス,https://www.y-history.net/appendix/wh0902-001.html
大学受験世界史・通史骨格55用語（全300問）,WH-000024,35,大学受験標準,文化・技術・学問,ルネサンス,るねさんす,文芸復興,近世,ヨーロッパ,イタリアから西ヨーロッパ各地,14世紀〜16世紀,1350,WH-000024-B02,beginner,地域,place,ルネサンスが最初に栄えた地域は？,イタリア,イタリア,イタリア諸都市,,世界史の窓：ルネサンス,https://www.y-history.net/appendix/wh0902-001.html
大学受験世界史・通史骨格55用語（全300問）,WH-000024,35,大学受験標準,文化・技術・学問,ルネサンス,るねさんす,文芸復興,近世,ヨーロッパ,イタリアから西ヨーロッパ各地,14世紀〜16世紀,1350,WH-000024-B03,beginner,思想,content,ルネサンスで、人間の価値や現世の生活を重視した考えを何という？,人文主義,人文主義,ヒューマニズム,,世界史の窓：ルネサンス,https://www.y-history.net/appendix/wh0902-001.html
大学受験世界史・通史骨格55用語（全300問）,WH-000024,35,大学受験標準,文化・技術・学問,ルネサンス,るねさんす,文芸復興,近世,ヨーロッパ,イタリアから西ヨーロッパ各地,14世紀〜16世紀,1350,WH-000024-R01,reverse,複合説明,reverse,何が起きた？,14〜16世紀、都市と交易が栄えた**イタリア**で古代ギリシア・ローマ文化を再評価する運動が起こった。**人文主義**を基礎に文学・美術・学問が発展し、北ヨーロッパにも広がって近代的な人間観を育てた。,イタリア|古代ギリシア・ローマ文化|人文主義|文学・美術・学問,,,世界史の窓：ルネサンス,https://www.y-history.net/appendix/wh0902-001.html
大学受験世界史・通史骨格55用語（全300問）,WH-000024,35,大学受験標準,文化・技術・学問,ルネサンス,るねさんす,文芸復興,近世,ヨーロッパ,イタリアから西ヨーロッパ各地,14世紀〜16世紀,1350,WH-000024-I01,integrated,統合説明,integrated,「ルネサンス」について説明せよ。,14〜16世紀、都市と交易が栄えた**イタリア**で始まった古代ギリシア・ローマ文化の復興運動。**人文主義**を基礎に文学・美術・学問が発展し、北ヨーロッパへも広がって近代的な人間観を育てた。,イタリア|古代ギリシア・ローマ文化|人文主義|文学・美術・学問,,,世界史の窓：ルネサンス,https://www.y-history.net/appendix/wh0902-001.html
大学受験世界史・通史骨格55用語（全300問）,WH-000025,38,大学受験標準,国家・王朝,明,みん,,近世,東アジア,中国,1368年〜1644年,1368,WH-000025-B01,beginner,用語の特定,identify,1368年に朱元璋が元を北方へ追って建国した中国王朝は？,明,明,,,世界史の窓：明,https://www.y-history.net/appendix/wh0801-004.html
大学受験世界史・通史骨格55用語（全300問）,WH-000025,38,大学受験標準,国家・王朝,明,みん,,近世,東アジア,中国,1368年〜1644年,1368,WH-000025-B02,beginner,中心人物,person,明を建国して洪武帝となった人物は？,朱元璋,朱元璋,洪武帝,,世界史の窓：明,https://www.y-history.net/appendix/wh0801-004.html
大学受験世界史・通史骨格55用語（全300問）,WH-000025,38,大学受験標準,国家・王朝,明,みん,,近世,東アジア,中国,1368年〜1644年,1368,WH-000025-B03,beginner,対外関係,person,永楽帝の命令でインド洋方面へ大航海を行った人物は？,鄭和,鄭和,,,世界史の窓：明,https://www.y-history.net/appendix/wh0801-004.html
大学受験世界史・通史骨格55用語（全300問）,WH-000025,38,大学受験標準,国家・王朝,明,みん,,近世,東アジア,中国,1368年〜1644年,1368,WH-000025-R01,reverse,複合説明,reverse,何をした？,**朱元璋**が1368年に元を退けて建国し、皇帝独裁と里甲制などで統治を整えた。**永楽帝**は北京へ遷都し、**鄭和**を南海遠征に派遣した。銀を用いる税制と国際交易が発達したが、農民反乱と満洲勢力の進出で滅んだ。,朱元璋|皇帝独裁|里甲制|永楽帝|北京|鄭和|銀,,,世界史の窓：明,https://www.y-history.net/appendix/wh0801-004.html
大学受験世界史・通史骨格55用語（全300問）,WH-000025,38,大学受験標準,国家・王朝,明,みん,,近世,東アジア,中国,1368年〜1644年,1368,WH-000025-I01,integrated,統合説明,integrated,「明」について説明せよ。,1368年に**朱元璋**が元を退けて建国した中国王朝。皇帝独裁を強め、**永楽帝**は北京へ遷都して**鄭和**を南海遠征に派遣した。銀を用いる税制と国際交易が発達したが、農民反乱と満洲勢力の進出で滅んだ。,朱元璋|皇帝独裁|永楽帝|北京|鄭和|銀,,,世界史の窓：明,https://www.y-history.net/appendix/wh0801-004.html
大学受験世界史・通史骨格55用語（全300問）,WH-000026,6,大学受験標準,時代・歴史区分,大航海時代,だいこうかいじだい,地理上の発見,近世,世界,大西洋・インド洋・アメリカ大陸,15世紀末〜17世紀,1492,WH-000026-B01,beginner,用語の特定,identify,15世紀末以降、ヨーロッパ人が新航路を開き、世界規模の海上進出を行った時代は？,大航海時代,大航海時代,地理上の発見,,世界史の窓：大航海時代,https://www.y-history.net/appendix/wh0901-001.html
大学受験世界史・通史骨格55用語（全300問）,WH-000026,6,大学受験標準,時代・歴史区分,大航海時代,だいこうかいじだい,地理上の発見,近世,世界,大西洋・インド洋・アメリカ大陸,15世紀末〜17世紀,1492,WH-000026-B02,beginner,中心人物,person,1492年に大西洋を横断してカリブ海の島に到達した航海者は？,コロンブス,コロンブス,クリストファー＝コロンブス,,世界史の窓：大航海時代,https://www.y-history.net/appendix/wh0901-001.html
大学受験世界史・通史骨格55用語（全300問）,WH-000026,6,大学受験標準,時代・歴史区分,大航海時代,だいこうかいじだい,地理上の発見,近世,世界,大西洋・インド洋・アメリカ大陸,15世紀末〜17世紀,1492,WH-000026-B03,beginner,中心人物,person,喜望峰を回って1498年にインドのカリカットへ到達した航海者は？,ヴァスコ＝ダ＝ガマ,ヴァスコ＝ダ＝ガマ,バスコ＝ダ＝ガマ|ヴァスコ・ダ・ガマ,,世界史の窓：大航海時代,https://www.y-history.net/appendix/wh0901-001.html
大学受験世界史・通史骨格55用語（全300問）,WH-000026,6,大学受験標準,時代・歴史区分,大航海時代,だいこうかいじだい,地理上の発見,近世,世界,大西洋・インド洋・アメリカ大陸,15世紀末〜17世紀,1492,WH-000026-R01,reverse,時期・主体,reverse,進展したのはいつ頃・どの国々？,15世紀末から17世紀にかけて、まず**ポルトガル**と**スペイン**が主導し、後にオランダ・イギリス・フランスも進出した。,15世紀末〜17世紀|ポルトガル|スペイン|オランダ|イギリス|フランス,,,世界史の窓：大航海時代,https://www.y-history.net/appendix/wh0901-001.html
大学受験世界史・通史骨格55用語（全300問）,WH-000026,6,大学受験標準,時代・歴史区分,大航海時代,だいこうかいじだい,地理上の発見,近世,世界,大西洋・インド洋・アメリカ大陸,15世紀末〜17世紀,1492,WH-000026-R02,reverse,原因・結果,reverse,なぜ始まり、世界をどう変えた？,香辛料などを直接得る新航路、キリスト教布教、富を求め、航海・造船技術を利用して進出した。アメリカ大陸の征服と植民地化、**コロンブス交換**、大西洋貿易を生み、世界の諸地域を一つの交易圏へ結びつけた。,新航路|香辛料|航海・造船技術|植民地化|コロンブス交換|大西洋貿易,,,世界史の窓：大航海時代,https://www.y-history.net/appendix/wh0901-001.html
大学受験世界史・通史骨格55用語（全300問）,WH-000026,6,大学受験標準,時代・歴史区分,大航海時代,だいこうかいじだい,地理上の発見,近世,世界,大西洋・インド洋・アメリカ大陸,15世紀末〜17世紀,1492,WH-000026-I01,integrated,統合説明,integrated,「大航海時代」について説明せよ。,15世紀末から17世紀、**ポルトガル**・**スペイン**を先頭にヨーロッパ諸国が香辛料・布教・富を求めて新航路を開いた時代。アメリカ大陸の征服・植民地化、**コロンブス交換**、大西洋貿易を生み、世界を一つの交易圏へ結びつけた。,ポルトガル|スペイン|新航路|香辛料|植民地化|コロンブス交換|大西洋貿易,,,世界史の窓：大航海時代,https://www.y-history.net/appendix/wh0901-001.html
大学受験世界史・通史骨格55用語（全300問）,WH-000027,8,大学受験標準,運動,宗教改革,しゅうきょうかいかく,,近世,ヨーロッパ,ドイツから西・北ヨーロッパ,16世紀,1517,WH-000027-B01,beginner,用語の特定,identify,16世紀、カトリック教会を批判してプロテスタント諸派を生んだ運動は？,宗教改革,宗教改革,,,世界史の窓：宗教改革,https://www.y-history.net/appendix/wh0903-005.html
大学受験世界史・通史骨格55用語（全300問）,WH-000027,8,大学受験標準,運動,宗教改革,しゅうきょうかいかく,,近世,ヨーロッパ,ドイツから西・北ヨーロッパ,16世紀,1517,WH-000027-B02,beginner,文書,content,1517年にルターが発表し、贖宥状販売を批判した文書は？,九十五か条の論題,九十五か条の論題,95か条の論題|九十五箇条の論題,,世界史の窓：宗教改革,https://www.y-history.net/appendix/wh0903-005.html
大学受験世界史・通史骨格55用語（全300問）,WH-000027,8,大学受験標準,運動,宗教改革,しゅうきょうかいかく,,近世,ヨーロッパ,ドイツから西・北ヨーロッパ,16世紀,1517,WH-000027-B03,beginner,思想,content,カルヴァンが唱えた、救われる者は神によってあらかじめ定められているという説は？,予定説,予定説,,,世界史の窓：宗教改革,https://www.y-history.net/appendix/wh0903-005.html
大学受験世界史・通史骨格55用語（全300問）,WH-000027,8,大学受験標準,運動,宗教改革,しゅうきょうかいかく,,近世,ヨーロッパ,ドイツから西・北ヨーロッパ,16世紀,1517,WH-000027-R01,reverse,時期・地域,reverse,起きたのはいつ・どこ？,1517年の**ルター**の行動を大きな契機としてドイツで始まり、16世紀にスイス・イギリス・北ヨーロッパなどへ広がった。,1517年|ルター|ドイツ|スイス|イギリス,,,世界史の窓：宗教改革,https://www.y-history.net/appendix/wh0903-005.html
大学受験世界史・通史骨格55用語（全300問）,WH-000027,8,大学受験標準,運動,宗教改革,しゅうきょうかいかく,,近世,ヨーロッパ,ドイツから西・北ヨーロッパ,16世紀,1517,WH-000027-R02,reverse,原因・結果,reverse,なぜ起き、何につながった？,教会の腐敗や**贖宥状販売**への批判を背景に、ルターは**九十五か条の論題**を発表して**信仰義認**と聖書重視を唱え、カルヴァン派やイギリス国教会などが成立した。カトリック側も対抗宗教改革を進め、宗教戦争と国家教会化が進んだ。,贖宥状販売|九十五か条の論題|信仰義認|聖書重視|カルヴァン派|イギリス国教会|対抗宗教改革,,,世界史の窓：宗教改革,https://www.y-history.net/appendix/wh0903-005.html
大学受験世界史・通史骨格55用語（全300問）,WH-000027,8,大学受験標準,運動,宗教改革,しゅうきょうかいかく,,近世,ヨーロッパ,ドイツから西・北ヨーロッパ,16世紀,1517,WH-000027-I01,integrated,統合説明,integrated,「宗教改革」について説明せよ。,1517年の**ルター**による**九十五か条の論題**を契機に始まった、カトリック教会改革の運動。**信仰義認**と聖書重視を掲げ、カルヴァン派・イギリス国教会などを生み、対抗宗教改革・宗教戦争・国家教会化につながった。,ルター|九十五か条の論題|信仰義認|聖書重視|カルヴァン派|イギリス国教会|対抗宗教改革,,,世界史の窓：宗教改革,https://www.y-history.net/appendix/wh0903-005.html
大学受験世界史・通史骨格55用語（全300問）,WH-000028,50,大学受験標準,国家・王朝,ムガル帝国,むがるていこく,ムガル朝,近世〜近代,南アジア,インド亜大陸,1526年〜1858年,1526,WH-000028-B01,beginner,用語の特定,identify,1526年、バーブルが北インドに建てたイスラーム王朝は？,ムガル帝国,ムガル帝国,ムガル朝,,世界史の窓：ムガル帝国,https://www.y-history.net/appendix/wh0804-004.html
大学受験世界史・通史骨格55用語（全300問）,WH-000028,50,大学受験標準,国家・王朝,ムガル帝国,むがるていこく,ムガル朝,近世〜近代,南アジア,インド亜大陸,1526年〜1858年,1526,WH-000028-B02,beginner,中心人物,person,第1次パーニーパットの戦いに勝利してムガル帝国を建てた人物は？,バーブル,バーブル,,,世界史の窓：ムガル帝国,https://www.y-history.net/appendix/wh0804-004.html
大学受験世界史・通史骨格55用語（全300問）,WH-000028,50,大学受験標準,国家・王朝,ムガル帝国,むがるていこく,ムガル朝,近世〜近代,南アジア,インド亜大陸,1526年〜1858年,1526,WH-000028-B03,beginner,中心人物,person,宗教融和策を進め、ムガル帝国の支配を安定させた皇帝は？,アクバル,アクバル,アクバル帝,,世界史の窓：ムガル帝国,https://www.y-history.net/appendix/wh0804-004.html
大学受験世界史・通史骨格55用語（全300問）,WH-000028,50,大学受験標準,国家・王朝,ムガル帝国,むがるていこく,ムガル朝,近世〜近代,南アジア,インド亜大陸,1526年〜1858年,1526,WH-000028-R01,reverse,複合説明,reverse,何をした？,**バーブル**が1526年に北インドで建国した。**アクバル**はヒンドゥー教徒を登用し、ジズヤを廃止して宗教融和を進め、広大な帝国を安定させた。イスラームとインド文化が融合したが、後に地方勢力とイギリスの進出で衰えた。,バーブル|1526年|アクバル|ヒンドゥー教徒|ジズヤ|宗教融和|イギリス,,,世界史の窓：ムガル帝国,https://www.y-history.net/appendix/wh0804-004.html
大学受験世界史・通史骨格55用語（全300問）,WH-000028,50,大学受験標準,国家・王朝,ムガル帝国,むがるていこく,ムガル朝,近世〜近代,南アジア,インド亜大陸,1526年〜1858年,1526,WH-000028-I01,integrated,統合説明,integrated,「ムガル帝国」について説明せよ。,1526年に**バーブル**が北インドで建国したイスラーム王朝。**アクバル**はヒンドゥー教徒を登用し、ジズヤを廃止して宗教融和を進め、イスラームとインド文化が融合した帝国を築いたが、地方勢力とイギリスの進出で衰退した。,バーブル|アクバル|ヒンドゥー教徒|ジズヤ|宗教融和|イギリス,,,世界史の窓：ムガル帝国,https://www.y-history.net/appendix/wh0804-004.html
大学受験世界史・通史骨格55用語（全300問）,WH-000029,41,大学受験標準,文化・技術・学問,科学革命,かがくかくめい,,近世,ヨーロッパ,西ヨーロッパ,16世紀〜17世紀,1543,WH-000029-B01,beginner,用語の特定,identify,16〜17世紀、観察・実験・数学を重視して近代科学の方法が成立した変化を何という？,科学革命,科学革命,,,世界史の窓：科学革命,https://www.y-history.net/appendix/wh1003-001.html
大学受験世界史・通史骨格55用語（全300問）,WH-000029,41,大学受験標準,文化・技術・学問,科学革命,かがくかくめい,,近世,ヨーロッパ,西ヨーロッパ,16世紀〜17世紀,1543,WH-000029-B02,beginner,中心人物,person,地動説を体系的に唱えたポーランドの天文学者は？,コペルニクス,コペルニクス,,,世界史の窓：科学革命,https://www.y-history.net/appendix/wh1003-001.html
大学受験世界史・通史骨格55用語（全300問）,WH-000029,41,大学受験標準,文化・技術・学問,科学革命,かがくかくめい,,近世,ヨーロッパ,西ヨーロッパ,16世紀〜17世紀,1543,WH-000029-B03,beginner,中心人物,person,万有引力の法則によって天上と地上の運動を統一的に説明した人物は？,ニュートン,ニュートン,アイザック＝ニュートン,,世界史の窓：科学革命,https://www.y-history.net/appendix/wh1003-001.html
大学受験世界史・通史骨格55用語（全300問）,WH-000029,41,大学受験標準,文化・技術・学問,科学革命,かがくかくめい,,近世,ヨーロッパ,西ヨーロッパ,16世紀〜17世紀,1543,WH-000029-R01,reverse,複合説明,reverse,何が起きた？,16〜17世紀に**コペルニクス**の地動説、ケプラー・ガリレイの研究、**ニュートン**の力学へと発展し、観察・実験・数学によって自然法則を説明する近代科学が成立した。自然や社会を理性で理解する啓蒙思想にも影響した。,コペルニクス|地動説|ケプラー|ガリレイ|ニュートン|観察・実験・数学|啓蒙思想,,,世界史の窓：科学革命,https://www.y-history.net/appendix/wh1003-001.html
大学受験世界史・通史骨格55用語（全300問）,WH-000029,41,大学受験標準,文化・技術・学問,科学革命,かがくかくめい,,近世,ヨーロッパ,西ヨーロッパ,16世紀〜17世紀,1543,WH-000029-I01,integrated,統合説明,integrated,「科学革命」について説明せよ。,16〜17世紀、**コペルニクス**の地動説からケプラー・ガリレイを経て**ニュートン**の力学へ進み、観察・実験・数学で自然法則を説明する近代科学が成立した変化。自然と社会を理性で捉える啓蒙思想にも影響した。,コペルニクス|地動説|ケプラー|ガリレイ|ニュートン|観察・実験・数学|啓蒙思想,,,世界史の窓：科学革命,https://www.y-history.net/appendix/wh1003-001.html
大学受験世界史・通史骨格55用語（全300問）,WH-000030,30,大学受験標準,制度・政策・法律,絶対王政,ぜったいおうせい,絶対主義,近世,ヨーロッパ,西ヨーロッパを中心とする主権国家,16世紀〜18世紀,1600,WH-000030-B01,beginner,用語の特定,identify,16〜18世紀、国王が官僚・常備軍を用いて権力を集中した政治体制は？,絶対王政,絶対王政,絶対主義,,世界史の窓：絶対王政,https://www.y-history.net/appendix/wh0904-020.html
大学受験世界史・通史骨格55用語（全300問）,WH-000030,30,大学受験標準,制度・政策・法律,絶対王政,ぜったいおうせい,絶対主義,近世,ヨーロッパ,西ヨーロッパを中心とする主権国家,16世紀〜18世紀,1600,WH-000030-B02,beginner,中心人物,person,「太陽王」と呼ばれ、フランス絶対王政を代表する国王は？,ルイ14世,ルイ14世,ルイ十四世,,世界史の窓：絶対王政,https://www.y-history.net/appendix/wh0904-020.html
大学受験世界史・通史骨格55用語（全300問）,WH-000030,30,大学受験標準,制度・政策・法律,絶対王政,ぜったいおうせい,絶対主義,近世,ヨーロッパ,西ヨーロッパを中心とする主権国家,16世紀〜18世紀,1600,WH-000030-B03,beginner,経済政策,content,国家が輸出を奨励し、金銀の蓄積と産業保護を図った政策は？,重商主義,重商主義,,,世界史の窓：絶対王政,https://www.y-history.net/appendix/wh0904-020.html
大学受験世界史・通史骨格55用語（全300問）,WH-000030,30,大学受験標準,制度・政策・法律,絶対王政,ぜったいおうせい,絶対主義,近世,ヨーロッパ,西ヨーロッパを中心とする主権国家,16世紀〜18世紀,1600,WH-000030-R01,reverse,複合説明,reverse,どんな政治体制？,16〜18世紀のヨーロッパで、国王が**王権神授説**を掲げ、官僚・常備軍・統一税制を整えて中央集権化した体制。経済面では**重商主義**を進め、**ルイ14世**のフランスが代表例だが、身分制や特権は残った。,王権神授説|官僚|常備軍|中央集権|重商主義|ルイ14世|身分制,,,世界史の窓：絶対王政,https://www.y-history.net/appendix/wh0904-020.html
大学受験世界史・通史骨格55用語（全300問）,WH-000030,30,大学受験標準,制度・政策・法律,絶対王政,ぜったいおうせい,絶対主義,近世,ヨーロッパ,西ヨーロッパを中心とする主権国家,16世紀〜18世紀,1600,WH-000030-I01,integrated,統合説明,integrated,「絶対王政」について説明せよ。,16〜18世紀のヨーロッパで、国王が**王権神授説**を掲げ、官僚・常備軍・統一税制を整えて権力を集中した政治体制。**重商主義**を進めた**ルイ14世**のフランスが代表例だが、身分制と特権はなお残った。,王権神授説|官僚|常備軍|重商主義|ルイ14世|身分制,,,世界史の窓：絶対王政,https://www.y-history.net/appendix/wh0904-020.html
大学受験世界史・通史骨格55用語（全300問）,WH-000031,31,大学受験標準,事件・革命,イギリス革命,いぎりすかくめい,市民革命,近世,ヨーロッパ,イングランドを中心とするブリテン諸島,1640年代〜1689年,1642,WH-000031-B01,beginner,用語の特定,identify,17世紀、国王と議会の対立から始まり、イギリスの立憲政治確立につながった一連の革命は？,イギリス革命,イギリス革命,市民革命,,世界史の窓：イギリス革命,https://www.y-history.net/appendix/wh1001-031.html
大学受験世界史・通史骨格55用語（全300問）,WH-000031,31,大学受験標準,事件・革命,イギリス革命,いぎりすかくめい,市民革命,近世,ヨーロッパ,イングランドを中心とするブリテン諸島,1640年代〜1689年,1642,WH-000031-B02,beginner,中心人物,person,清教徒革命で議会派を率い、国王処刑後に護国卿となった人物は？,クロムウェル,クロムウェル,オリヴァー＝クロムウェル,,世界史の窓：イギリス革命,https://www.y-history.net/appendix/wh1001-031.html
大学受験世界史・通史骨格55用語（全300問）,WH-000031,31,大学受験標準,事件・革命,イギリス革命,いぎりすかくめい,市民革命,近世,ヨーロッパ,イングランドを中心とするブリテン諸島,1640年代〜1689年,1642,WH-000031-B03,beginner,文書,content,名誉革命後の1689年に成立し、国王権力を議会の法に従わせた文書は？,権利の章典,権利の章典,権利章典,,世界史の窓：イギリス革命,https://www.y-history.net/appendix/wh1001-031.html
大学受験世界史・通史骨格55用語（全300問）,WH-000031,31,大学受験標準,事件・革命,イギリス革命,いぎりすかくめい,市民革命,近世,ヨーロッパ,イングランドを中心とするブリテン諸島,1640年代〜1689年,1642,WH-000031-R01,reverse,時期,reverse,進展したのはいつ？,1640年代の**清教徒革命**から、王政復古を経て1688年の**名誉革命**、1689年の**権利の章典**成立まで進んだ。,清教徒革命|名誉革命|権利の章典|1640年代|1689年,,,世界史の窓：イギリス革命,https://www.y-history.net/appendix/wh1001-031.html
大学受験世界史・通史骨格55用語（全300問）,WH-000031,31,大学受験標準,事件・革命,イギリス革命,いぎりすかくめい,市民革命,近世,ヨーロッパ,イングランドを中心とするブリテン諸島,1640年代〜1689年,1642,WH-000031-R02,reverse,内容・結果,reverse,何が起き、何が確立した？,国王と議会の対立から内戦となり、議会派が勝利してチャールズ1世を処刑し共和政を樹立した。王政復古後の名誉革命では議会が国王を交代させ、**議会主権**と**立憲君主政**の基礎を確立した。,国王と議会の対立|チャールズ1世|共和政|議会主権|立憲君主政,,,世界史の窓：イギリス革命,https://www.y-history.net/appendix/wh1001-031.html
大学受験世界史・通史骨格55用語（全300問）,WH-000031,31,大学受験標準,事件・革命,イギリス革命,いぎりすかくめい,市民革命,近世,ヨーロッパ,イングランドを中心とするブリテン諸島,1640年代〜1689年,1642,WH-000031-I01,integrated,統合説明,integrated,「イギリス革命」について説明せよ。,1640年代の**清教徒革命**から1688年の**名誉革命**に至る一連の変革。内戦・国王処刑・共和政・王政復古を経て、1689年の**権利の章典**により**議会主権**と**立憲君主政**の基礎が確立した。,清教徒革命|名誉革命|権利の章典|議会主権|立憲君主政,,,世界史の窓：イギリス革命,https://www.y-history.net/appendix/wh1001-031.html
大学受験世界史・通史骨格55用語（全300問）,WH-000032,37,大学受験標準,国家・王朝,清,しん,,近世〜近代,東アジア,中国・満洲・モンゴル・新疆・チベット,1636年〜1912年,1644,WH-000032-B01,beginner,用語の特定,identify,満洲人が建て、1644年に北京へ入って中国を支配した最後の王朝は？,清,清,,,世界史の窓：清,https://www.y-history.net/appendix/wh0802-000.html
大学受験世界史・通史骨格55用語（全300問）,WH-000032,37,大学受験標準,国家・王朝,清,しん,,近世〜近代,東アジア,中国・満洲・モンゴル・新疆・チベット,1636年〜1912年,1644,WH-000032-B02,beginner,民族,actor,清を建国した民族は？,満洲人,満洲人,女真人|満州人,,世界史の窓：清,https://www.y-history.net/appendix/wh0802-000.html
大学受験世界史・通史骨格55用語（全300問）,WH-000032,37,大学受験標準,国家・王朝,清,しん,,近世〜近代,東アジア,中国・満洲・モンゴル・新疆・チベット,1636年〜1912年,1644,WH-000032-B03,beginner,制度,content,清の満洲人社会と軍事を組織した制度は？,八旗,八旗,八旗制,,世界史の窓：清,https://www.y-history.net/appendix/wh0802-000.html
大学受験世界史・通史骨格55用語（全300問）,WH-000032,37,大学受験標準,国家・王朝,清,しん,,近世〜近代,東アジア,中国・満洲・モンゴル・新疆・チベット,1636年〜1912年,1644,WH-000032-R01,reverse,複合説明,reverse,何をした？,満洲人が建て、1644年に北京へ入って中国を支配した。**八旗**を基盤に漢人官僚も利用し、**康熙帝・雍正帝・乾隆帝**の時代に領土を拡大した。海禁緩和後は広州貿易を管理したが、19世紀に列強の圧力と国内反乱で弱体化し、**1912年**に滅亡した。,満洲人|八旗|康熙帝|雍正帝|乾隆帝|広州貿易|列強|1912年,,,世界史の窓：清,https://www.y-history.net/appendix/wh0802-000.html
大学受験世界史・通史骨格55用語（全300問）,WH-000032,37,大学受験標準,国家・王朝,清,しん,,近世〜近代,東アジア,中国・満洲・モンゴル・新疆・チベット,1636年〜1912年,1644,WH-000032-I01,integrated,統合説明,integrated,「清」について説明せよ。,満洲人が建て、1644年に北京へ入って中国を支配した最後の王朝。**八旗**を基盤に漢人官僚も利用し、**康熙帝・雍正帝・乾隆帝**期に最大領域へ拡大したが、19世紀には列強の侵略と国内反乱で弱体化し、1912年に滅亡した。,満洲人|八旗|康熙帝|雍正帝|乾隆帝|列強|1912年,,,世界史の窓：清,https://www.y-history.net/appendix/wh0802-000.html
大学受験世界史・通史骨格55用語（全300問）,WH-000033,42,大学受験標準,経済・交易,大西洋三角貿易,たいせいようさんかくぼうえき,三角貿易,近世〜近代,大西洋世界,ヨーロッパ・アフリカ・アメリカ大陸,16世紀〜19世紀,1650,WH-000033-B01,beginner,用語の特定,identify,ヨーロッパ・アフリカ・アメリカを結び、商品と奴隷を運んだ交易構造は？,大西洋三角貿易,大西洋三角貿易,三角貿易,,世界史の窓：三角貿易,https://www.y-history.net/appendix/wh1002-081.html
大学受験世界史・通史骨格55用語（全300問）,WH-000033,42,大学受験標準,経済・交易,大西洋三角貿易,たいせいようさんかくぼうえき,三角貿易,近世〜近代,大西洋世界,ヨーロッパ・アフリカ・アメリカ大陸,16世紀〜19世紀,1650,WH-000033-B02,beginner,交易,content,大西洋三角貿易でアフリカからアメリカへ強制的に運ばれた人々は？,アフリカ人奴隷,アフリカ人奴隷,奴隷化されたアフリカ人|黒人奴隷,,世界史の窓：三角貿易,https://www.y-history.net/appendix/wh1002-081.html
大学受験世界史・通史骨格55用語（全300問）,WH-000033,42,大学受験標準,経済・交易,大西洋三角貿易,たいせいようさんかくぼうえき,三角貿易,近世〜近代,大西洋世界,ヨーロッパ・アフリカ・アメリカ大陸,16世紀〜19世紀,1650,WH-000033-B03,beginner,交易,content,アメリカのプランテーションからヨーロッパへ送られた代表的な三つの作物は？,砂糖・綿花・タバコ,砂糖|綿花|タバコ,砂糖・タバコ・綿花|綿花・砂糖・タバコ,,世界史の窓：三角貿易,https://www.y-history.net/appendix/wh1002-081.html
大学受験世界史・通史骨格55用語（全300問）,WH-000033,42,大学受験標準,経済・交易,大西洋三角貿易,たいせいようさんかくぼうえき,三角貿易,近世〜近代,大西洋世界,ヨーロッパ・アフリカ・アメリカ大陸,16世紀〜19世紀,1650,WH-000033-R01,reverse,内容,reverse,どこを結び、何が運ばれた？,**ヨーロッパ**からアフリカへ武器・織物など、**アフリカ**からアメリカへ奴隷化された人々、**アメリカ**からヨーロッパへ砂糖・綿花・タバコなどが運ばれた。,ヨーロッパ|アフリカ|アメリカ|武器・織物|奴隷化された人々|砂糖・綿花・タバコ,,,世界史の窓：三角貿易,https://www.y-history.net/appendix/wh1002-081.html
大学受験世界史・通史骨格55用語（全300問）,WH-000033,42,大学受験標準,経済・交易,大西洋三角貿易,たいせいようさんかくぼうえき,三角貿易,近世〜近代,大西洋世界,ヨーロッパ・アフリカ・アメリカ大陸,16世紀〜19世紀,1650,WH-000033-R02,reverse,結果,reverse,何につながった？,**プランテーション奴隷制**と大西洋経済を拡大し、ヨーロッパの商業資本蓄積を促した。一方、アフリカ社会には人口流出と政治的混乱をもたらし、アメリカでは人種的支配が固定化した。,プランテーション奴隷制|大西洋経済|商業資本|資本蓄積|人口流出|人種的支配,,,世界史の窓：三角貿易,https://www.y-history.net/appendix/wh1002-081.html
大学受験世界史・通史骨格55用語（全300問）,WH-000033,42,大学受験標準,経済・交易,大西洋三角貿易,たいせいようさんかくぼうえき,三角貿易,近世〜近代,大西洋世界,ヨーロッパ・アフリカ・アメリカ大陸,16世紀〜19世紀,1650,WH-000033-I01,integrated,統合説明,integrated,「大西洋三角貿易」について説明せよ。,16〜19世紀、**ヨーロッパ・アフリカ・アメリカ**を結び、工業製品・奴隷化された人々・砂糖や綿花などを循環させた交易。**プランテーション奴隷制**と大西洋経済を拡大し、ヨーロッパの資本蓄積を促す一方、アフリカとアメリカに深刻な被害を残した。,ヨーロッパ|アフリカ|アメリカ|プランテーション奴隷制|大西洋経済|資本蓄積,,,世界史の窓：三角貿易,https://www.y-history.net/appendix/wh1002-081.html
大学受験世界史・通史骨格55用語（全300問）,WH-000034,23,大学受験標準,思想・主義,啓蒙思想,けいもうしそう,啓蒙主義,近世,ヨーロッパ,西ヨーロッパ・北アメリカ,17世紀後半〜18世紀,1700,WH-000034-B01,beginner,用語の特定,identify,理性によって社会の迷信・専制・身分制度を批判した17〜18世紀の思想は？,啓蒙思想,啓蒙思想,啓蒙主義,,世界史の窓：啓蒙思想,https://www.y-history.net/appendix/wh1003-031.html
大学受験世界史・通史骨格55用語（全300問）,WH-000034,23,大学受験標準,思想・主義,啓蒙思想,けいもうしそう,啓蒙主義,近世,ヨーロッパ,西ヨーロッパ・北アメリカ,17世紀後半〜18世紀,1700,WH-000034-B02,beginner,中心人物,person,『法の精神』で三権分立を唱えた思想家は？,モンテスキュー,モンテスキュー,,,世界史の窓：啓蒙思想,https://www.y-history.net/appendix/wh1003-031.html
大学受験世界史・通史骨格55用語（全300問）,WH-000034,23,大学受験標準,思想・主義,啓蒙思想,けいもうしそう,啓蒙主義,近世,ヨーロッパ,西ヨーロッパ・北アメリカ,17世紀後半〜18世紀,1700,WH-000034-B03,beginner,中心人物,person,『社会契約論』で人民主権を唱えた思想家は？,ルソー,ルソー,ジャン＝ジャック＝ルソー,,世界史の窓：啓蒙思想,https://www.y-history.net/appendix/wh1003-031.html
大学受験世界史・通史骨格55用語（全300問）,WH-000034,23,大学受験標準,思想・主義,啓蒙思想,けいもうしそう,啓蒙主義,近世,ヨーロッパ,西ヨーロッパ・北アメリカ,17世紀後半〜18世紀,1700,WH-000034-R01,reverse,複合説明,reverse,どんな考え？,人間の**理性**を重視し、絶対王政・教会権威・身分制を批判した思想。**自然権・社会契約・三権分立・人民主権**などを論じ、アメリカ独立革命とフランス革命の理念に大きな影響を与えた。,理性|自然権|社会契約|三権分立|人民主権|アメリカ独立革命|フランス革命,,,世界史の窓：啓蒙思想,https://www.y-history.net/appendix/wh1003-031.html
大学受験世界史・通史骨格55用語（全300問）,WH-000034,23,大学受験標準,思想・主義,啓蒙思想,けいもうしそう,啓蒙主義,近世,ヨーロッパ,西ヨーロッパ・北アメリカ,17世紀後半〜18世紀,1700,WH-000034-I01,integrated,統合説明,integrated,「啓蒙思想」について説明せよ。,17世紀後半〜18世紀、人間の**理性**によって絶対王政・教会権威・身分制を批判した思想。**自然権・社会契約・三権分立・人民主権**を唱え、アメリカ独立革命とフランス革命の理念的基盤となった。,理性|自然権|社会契約|三権分立|人民主権|アメリカ独立革命|フランス革命,,,世界史の窓：啓蒙思想,https://www.y-history.net/appendix/wh1003-031.html
大学受験世界史・通史骨格55用語（全300問）,WH-000035,2,大学受験標準,時代・歴史区分,産業革命,さんぎょうかくめい,,近代,ヨーロッパ・世界,イギリスからヨーロッパ・北アメリカ・日本など,18世紀後半以降,1760,WH-000035-B01,beginner,用語の特定,identify,機械・蒸気力・工場制によって生産と社会が大きく変化した過程を何という？,産業革命,産業革命,,,世界史の窓：産業革命,https://www.y-history.net/appendix/wh1101-000.html
大学受験世界史・通史骨格55用語（全300問）,WH-000035,2,大学受験標準,時代・歴史区分,産業革命,さんぎょうかくめい,,近代,ヨーロッパ・世界,イギリスからヨーロッパ・北アメリカ・日本など,18世紀後半以降,1760,WH-000035-B02,beginner,地域,place,産業革命が最初に本格化した国は？,イギリス,イギリス,英国,,世界史の窓：産業革命,https://www.y-history.net/appendix/wh1101-000.html
大学受験世界史・通史骨格55用語（全300問）,WH-000035,2,大学受験標準,時代・歴史区分,産業革命,さんぎょうかくめい,,近代,ヨーロッパ・世界,イギリスからヨーロッパ・北アメリカ・日本など,18世紀後半以降,1760,WH-000035-B03,beginner,産業,content,イギリス産業革命の初期に機械化を先導した工業は？,綿工業,綿工業,綿織物工業,,世界史の窓：産業革命,https://www.y-history.net/appendix/wh1101-000.html
大学受験世界史・通史骨格55用語（全300問）,WH-000035,2,大学受験標準,時代・歴史区分,産業革命,さんぎょうかくめい,,近代,ヨーロッパ・世界,イギリスからヨーロッパ・北アメリカ・日本など,18世紀後半以降,1760,WH-000035-R01,reverse,時期・地域,reverse,始まったのはいつ・どこ？,18世紀後半の**イギリス**で本格化し、19世紀に西ヨーロッパ・北アメリカなどへ広がった。,18世紀後半|イギリス|19世紀|西ヨーロッパ|北アメリカ,,,世界史の窓：産業革命,https://www.y-history.net/appendix/wh1101-000.html
大学受験世界史・通史骨格55用語（全300問）,WH-000035,2,大学受験標準,時代・歴史区分,産業革命,さんぎょうかくめい,,近代,ヨーロッパ・世界,イギリスからヨーロッパ・北アメリカ・日本など,18世紀後半以降,1760,WH-000035-R02,reverse,内容・結果,reverse,何が変わり、何につながった？,**綿工業**の機械化、蒸気機関、石炭・鉄、**工場制機械工業**によって大量生産が進んだ。都市化と資本主義を加速させ、資本家と労働者の階級形成、劣悪な労働・住宅問題を生んだ。,綿工業|蒸気機関|石炭・鉄|工場制機械工業|都市化|資本主義|資本家|労働者,,,世界史の窓：産業革命,https://www.y-history.net/appendix/wh1101-000.html
大学受験世界史・通史骨格55用語（全300問）,WH-000035,2,大学受験標準,時代・歴史区分,産業革命,さんぎょうかくめい,,近代,ヨーロッパ・世界,イギリスからヨーロッパ・北アメリカ・日本など,18世紀後半以降,1760,WH-000035-I01,integrated,統合説明,integrated,「産業革命」について説明せよ。,18世紀後半の**イギリス**で始まり、**綿工業**の機械化・蒸気機関・石炭と鉄・**工場制機械工業**によって生産を一変させた過程。都市化と資本主義を進め、資本家・労働者階級と深刻な社会問題を生んだ。,イギリス|綿工業|蒸気機関|石炭・鉄|工場制機械工業|都市化|資本主義|資本家|労働者,,,世界史の窓：産業革命,https://www.y-history.net/appendix/wh1101-000.html
大学受験世界史・通史骨格55用語（全300問）,WH-000036,17,大学受験標準,事件・革命,アメリカ独立革命,あめりかどくりつかくめい,アメリカ独立戦争,近代,北アメリカ・大西洋世界,北アメリカ東部のイギリス13植民地,1775年〜1783年,1775,WH-000036-B01,beginner,用語の特定,identify,北アメリカ13植民地がイギリスから独立して合衆国を建てた革命は？,アメリカ独立革命,アメリカ独立革命,アメリカ独立戦争,,世界史の窓：アメリカ独立革命,https://www.y-history.net/appendix/wh1102-056.html
大学受験世界史・通史骨格55用語（全300問）,WH-000036,17,大学受験標準,事件・革命,アメリカ独立革命,あめりかどくりつかくめい,アメリカ独立戦争,近代,北アメリカ・大西洋世界,北アメリカ東部のイギリス13植民地,1775年〜1783年,1775,WH-000036-B02,beginner,時期,time,アメリカ独立宣言が採択された年は？,1776年,1776年,,,世界史の窓：アメリカ独立革命,https://www.y-history.net/appendix/wh1102-056.html
大学受験世界史・通史骨格55用語（全300問）,WH-000036,17,大学受験標準,事件・革命,アメリカ独立革命,あめりかどくりつかくめい,アメリカ独立戦争,近代,北アメリカ・大西洋世界,北アメリカ東部のイギリス13植民地,1775年〜1783年,1775,WH-000036-B03,beginner,中心人物,person,アメリカ独立宣言の起草を中心的に担った人物は？,トマス＝ジェファソン,トマス＝ジェファソン,トーマス＝ジェファソン|ジェファソン,,世界史の窓：アメリカ独立革命,https://www.y-history.net/appendix/wh1102-056.html
大学受験世界史・通史骨格55用語（全300問）,WH-000036,17,大学受験標準,事件・革命,アメリカ独立革命,あめりかどくりつかくめい,アメリカ独立戦争,近代,北アメリカ・大西洋世界,北アメリカ東部のイギリス13植民地,1775年〜1783年,1775,WH-000036-R01,reverse,時期,reverse,戦われたのはいつ？,1775年に独立戦争が始まり、1776年に**独立宣言**を採択し、1783年のパリ条約で独立が承認された。,1775年|独立宣言|1776年|1783年|パリ条約,,,世界史の窓：アメリカ独立革命,https://www.y-history.net/appendix/wh1102-056.html
大学受験世界史・通史骨格55用語（全300問）,WH-000036,17,大学受験標準,事件・革命,アメリカ独立革命,あめりかどくりつかくめい,アメリカ独立戦争,近代,北アメリカ・大西洋世界,北アメリカ東部のイギリス13植民地,1775年〜1783年,1775,WH-000036-R02,reverse,原因・結果,reverse,なぜ起き、何が成立した？,七年戦争後の課税に対し、植民地側が「**代表なくして課税なし**」を掲げて反発した。13植民地はフランスなどの支援を得てイギリスに勝利し、自然権と人民主権を掲げる**アメリカ合衆国**を成立させた。,代表なくして課税なし|13植民地|フランス|自然権|人民主権|アメリカ合衆国,,,世界史の窓：アメリカ独立革命,https://www.y-history.net/appendix/wh1102-056.html
大学受験世界史・通史骨格55用語（全300問）,WH-000036,17,大学受験標準,事件・革命,アメリカ独立革命,あめりかどくりつかくめい,アメリカ独立戦争,近代,北アメリカ・大西洋世界,北アメリカ東部のイギリス13植民地,1775年〜1783年,1775,WH-000036-I01,integrated,統合説明,integrated,「アメリカ独立革命」について説明せよ。,1775〜1783年、北アメリカ13植民地が「**代表なくして課税なし**」を掲げ、フランスなどの支援を得てイギリスから独立した革命。1776年の**独立宣言**に自然権・人民主権を示し、共和政の**アメリカ合衆国**を成立させた。,代表なくして課税なし|13植民地|独立宣言|自然権|人民主権|アメリカ合衆国,,,世界史の窓：アメリカ独立革命,https://www.y-history.net/appendix/wh1102-056.html
大学受験世界史・通史骨格55用語（全300問）,WH-000037,1,大学受験標準,事件・革命,フランス革命,ふらんすかくめい,,近代,ヨーロッパ,フランス,1789年〜1799年,1789,WH-000037-B01,beginner,用語の特定,identify,1789年に始まり、旧体制と身分的特権を崩した革命は？,フランス革命,フランス革命,,,世界史の窓：フランス革命,https://www.y-history.net/appendix/wh1103_1-013_1.html
大学受験世界史・通史骨格55用語（全300問）,WH-000037,1,大学受験標準,事件・革命,フランス革命,ふらんすかくめい,,近代,ヨーロッパ,フランス,1789年〜1799年,1789,WH-000037-B02,beginner,事件,content,1789年7月14日、パリ民衆が襲撃して革命の象徴となった施設は？,バスティーユ牢獄,バスティーユ牢獄,バスティーユ,,世界史の窓：フランス革命,https://www.y-history.net/appendix/wh1103_1-013_1.html
大学受験世界史・通史骨格55用語（全300問）,WH-000037,1,大学受験標準,事件・革命,フランス革命,ふらんすかくめい,,近代,ヨーロッパ,フランス,1789年〜1799年,1789,WH-000037-B03,beginner,文書,content,自由・平等・人民主権などを掲げた1789年の宣言は？,人権宣言,人権宣言,人間と市民の権利の宣言|フランス人権宣言,,世界史の窓：フランス革命,https://www.y-history.net/appendix/wh1103_1-013_1.html
大学受験世界史・通史骨格55用語（全300問）,WH-000037,1,大学受験標準,事件・革命,フランス革命,ふらんすかくめい,,近代,ヨーロッパ,フランス,1789年〜1799年,1789,WH-000037-R01,reverse,時期,reverse,起きたのはいつ？,1789年の三部会招集と**バスティーユ牢獄襲撃**から始まり、1799年のナポレオンのクーデタまで続いた。,1789年|三部会|バスティーユ牢獄襲撃|1799年|ナポレオン,,,世界史の窓：フランス革命,https://www.y-history.net/appendix/wh1103_1-013_1.html
大学受験世界史・通史骨格55用語（全300問）,WH-000037,1,大学受験標準,事件・革命,フランス革命,ふらんすかくめい,,近代,ヨーロッパ,フランス,1789年〜1799年,1789,WH-000037-R02,reverse,原因・結果,reverse,なぜ起き、何が変わった？,財政危機、身分制への不満、啓蒙思想を背景に第三身分が政治改革を要求した。封建的特権を廃止し、**人権宣言**、共和政、国民軍、恐怖政治などを経て、自由・平等・国民主権と近代的国民国家の原理を広めた。,財政危機|身分制|啓蒙思想|第三身分|封建的特権廃止|人権宣言|共和政|国民主権,,,世界史の窓：フランス革命,https://www.y-history.net/appendix/wh1103_1-013_1.html
大学受験世界史・通史骨格55用語（全300問）,WH-000037,1,大学受験標準,事件・革命,フランス革命,ふらんすかくめい,,近代,ヨーロッパ,フランス,1789年〜1799年,1789,WH-000037-I01,integrated,統合説明,integrated,「フランス革命」について説明せよ。,1789年、財政危機・身分制への不満・啓蒙思想を背景に始まり、1799年まで続いた革命。**バスティーユ牢獄襲撃**、封建的特権廃止、**人権宣言**、共和政を経て、自由・平等・国民主権と近代的国民国家の原理を広めた。,財政危機|身分制|啓蒙思想|バスティーユ牢獄襲撃|封建的特権廃止|人権宣言|共和政|国民主権,,,世界史の窓：フランス革命,https://www.y-history.net/appendix/wh1103_1-013_1.html
大学受験世界史・通史骨格55用語（全300問）,WH-000038,26,大学受験標準,人物,ナポレオン,なぽれおん,ナポレオン＝ボナパルト,近代,ヨーロッパ,フランス・ヨーロッパ各地,1799年〜1815年,1799,WH-000038-B01,beginner,用語の特定,identify,フランス革命後にクーデタで権力を握り、皇帝となってヨーロッパを征服した人物は？,ナポレオン,ナポレオン,ナポレオン＝ボナパルト,,世界史の窓：ナポレオン,https://www.y-history.net/appendix/wh1103_2-004.html
大学受験世界史・通史骨格55用語（全300問）,WH-000038,26,大学受験標準,人物,ナポレオン,なぽれおん,ナポレオン＝ボナパルト,近代,ヨーロッパ,フランス・ヨーロッパ各地,1799年〜1815年,1799,WH-000038-B02,beginner,制度,content,ナポレオンが1804年に制定し、法の下の平等や私有財産を保障した法典は？,ナポレオン法典,ナポレオン法典,フランス民法典,,世界史の窓：ナポレオン,https://www.y-history.net/appendix/wh1103_2-004.html
大学受験世界史・通史骨格55用語（全300問）,WH-000038,26,大学受験標準,人物,ナポレオン,なぽれおん,ナポレオン＝ボナパルト,近代,ヨーロッパ,フランス・ヨーロッパ各地,1799年〜1815年,1799,WH-000038-B03,beginner,事件,content,1815年、ナポレオンが最終的に敗れた戦いは？,ワーテルローの戦い,ワーテルローの戦い,ワーテルロー,,世界史の窓：ナポレオン,https://www.y-history.net/appendix/wh1103_2-004.html
大学受験世界史・通史骨格55用語（全300問）,WH-000038,26,大学受験標準,人物,ナポレオン,なぽれおん,ナポレオン＝ボナパルト,近代,ヨーロッパ,フランス・ヨーロッパ各地,1799年〜1815年,1799,WH-000038-R01,reverse,時期,reverse,主に活動したのはいつ？,1799年の**ブリュメール18日のクーデタ**で権力を握り、1804年に皇帝となり、1815年の**ワーテルローの戦い**で最終的に敗れた。,ブリュメール18日のクーデタ|1799年|1804年|ワーテルローの戦い|1815年,,,世界史の窓：ナポレオン,https://www.y-history.net/appendix/wh1103_2-004.html
大学受験世界史・通史骨格55用語（全300問）,WH-000038,26,大学受験標準,人物,ナポレオン,なぽれおん,ナポレオン＝ボナパルト,近代,ヨーロッパ,フランス・ヨーロッパ各地,1799年〜1815年,1799,WH-000038-R02,reverse,内容,reverse,何をした？,統領政府・帝政のもとで行政・教育・財政を整え、**ナポレオン法典**を制定した。ヨーロッパ各地を征服して革命の法的平等を広める一方、支配への反発から各地の**ナショナリズム**も高め、大陸封鎖令とロシア遠征の失敗で没落した。,ナポレオン法典|法的平等|ナショナリズム|大陸封鎖令|ロシア遠征,,,世界史の窓：ナポレオン,https://www.y-history.net/appendix/wh1103_2-004.html
大学受験世界史・通史骨格55用語（全300問）,WH-000038,26,大学受験標準,人物,ナポレオン,なぽれおん,ナポレオン＝ボナパルト,近代,ヨーロッパ,フランス・ヨーロッパ各地,1799年〜1815年,1799,WH-000038-I01,integrated,統合説明,integrated,「ナポレオン」について説明せよ。,1799年のクーデタで権力を握り、1804年に皇帝となったフランスの軍人・政治家。**ナポレオン法典**など近代制度を整え、征服によって法的平等を広める一方、各地の**ナショナリズム**を刺激し、大陸封鎖令とロシア遠征の失敗後、1815年に敗れた。,ナポレオン法典|法的平等|ナショナリズム|大陸封鎖令|ロシア遠征|1815年,,,世界史の窓：ナポレオン,https://www.y-history.net/appendix/wh1103_2-004.html
大学受験世界史・通史骨格55用語（全300問）,WH-000039,48,大学受験標準,運動,ラテンアメリカ諸国の独立,らてんあめりかしょこくのどくりつ,ラテンアメリカ独立運動,近代,ラテンアメリカ,ハイチ・メキシコ・中南米,18世紀末〜1820年代,1804,WH-000039-B01,beginner,用語の特定,identify,19世紀初頭、スペイン・ポルトガル植民地が相次いで独立した動きを何という？,ラテンアメリカ諸国の独立,ラテンアメリカ諸国の独立,ラテンアメリカ独立運動,,世界史の窓：ラテンアメリカ,https://www.y-history.net/appendix/wh1201-030.html
大学受験世界史・通史骨格55用語（全300問）,WH-000039,48,大学受験標準,運動,ラテンアメリカ諸国の独立,らてんあめりかしょこくのどくりつ,ラテンアメリカ独立運動,近代,ラテンアメリカ,ハイチ・メキシコ・中南米,18世紀末〜1820年代,1804,WH-000039-B02,beginner,中心人物,person,南アメリカ北部の独立を指導し、「解放者」と呼ばれた人物は？,シモン＝ボリバル,シモン＝ボリバル,ボリバル,,世界史の窓：ラテンアメリカ,https://www.y-history.net/appendix/wh1201-030.html
大学受験世界史・通史骨格55用語（全300問）,WH-000039,48,大学受験標準,運動,ラテンアメリカ諸国の独立,らてんあめりかしょこくのどくりつ,ラテンアメリカ独立運動,近代,ラテンアメリカ,ハイチ・メキシコ・中南米,18世紀末〜1820年代,1804,WH-000039-B03,beginner,事件,content,奴隷反乱を経て1804年に独立した旧フランス植民地は？,ハイチ,ハイチ,,,世界史の窓：ラテンアメリカ,https://www.y-history.net/appendix/wh1201-030.html
大学受験世界史・通史骨格55用語（全300問）,WH-000039,48,大学受験標準,運動,ラテンアメリカ諸国の独立,らてんあめりかしょこくのどくりつ,ラテンアメリカ独立運動,近代,ラテンアメリカ,ハイチ・メキシコ・中南米,18世紀末〜1820年代,1804,WH-000039-R01,reverse,時期,reverse,独立が進んだのはいつ頃？,1791年に始まった**ハイチ革命**から、特に1810〜1820年代にスペイン・ポルトガル領の独立が進んだ。,ハイチ革命|1791年|1810〜1820年代|スペイン|ポルトガル,,,世界史の窓：ラテンアメリカ,https://www.y-history.net/appendix/wh1201-030.html
大学受験世界史・通史骨格55用語（全300問）,WH-000039,48,大学受験標準,運動,ラテンアメリカ諸国の独立,らてんあめりかしょこくのどくりつ,ラテンアメリカ独立運動,近代,ラテンアメリカ,ハイチ・メキシコ・中南米,18世紀末〜1820年代,1804,WH-000039-R02,reverse,原因・結果,reverse,なぜ進み、その後どうなった？,植民地生まれの白人である**クリオーリョ**の不満、啓蒙思想、アメリカ・フランス革命、ナポレオンによるイベリア半島侵入を背景に、**シモン＝ボリバル**らの指導で独立した。政治的独立後も大土地所有と社会格差が残り、**カウディーリョ**の強権政治が広がった。,クリオーリョ|啓蒙思想|アメリカ革命|フランス革命|ナポレオン|シモン＝ボリバル|大土地所有|カウディーリョ,,,世界史の窓：ラテンアメリカ,https://www.y-history.net/appendix/wh1201-030.html
大学受験世界史・通史骨格55用語（全300問）,WH-000039,48,大学受験標準,運動,ラテンアメリカ諸国の独立,らてんあめりかしょこくのどくりつ,ラテンアメリカ独立運動,近代,ラテンアメリカ,ハイチ・メキシコ・中南米,18世紀末〜1820年代,1804,WH-000039-I01,integrated,統合説明,integrated,「ラテンアメリカ諸国の独立」について説明せよ。,18世紀末〜1820年代、**クリオーリョ**の不満、啓蒙思想、アメリカ・フランス革命、ナポレオン侵入を背景にラテンアメリカ各地が独立した動き。**ハイチ革命**や**シモン＝ボリバル**の活動が代表的だが、独立後も大土地所有と**カウディーリョ**政治が残った。,クリオーリョ|啓蒙思想|アメリカ革命|フランス革命|ハイチ革命|シモン＝ボリバル|カウディーリョ,,,世界史の窓：ラテンアメリカ,https://www.y-history.net/appendix/wh1201-030.html
大学受験世界史・通史骨格55用語（全300問）,WH-000040,36,大学受験標準,時代・歴史区分,ウィーン体制,うぃーんたいせい,,近代,ヨーロッパ,ヨーロッパ,1815年〜1848年,1815,WH-000040-B01,beginner,用語の特定,identify,ナポレオン戦争後、正統主義と勢力均衡でヨーロッパ秩序を維持した体制は？,ウィーン体制,ウィーン体制,,,世界史の窓：ウィーン体制,https://www.y-history.net/appendix/wh1201-008.html
大学受験世界史・通史骨格55用語（全300問）,WH-000040,36,大学受験標準,時代・歴史区分,ウィーン体制,うぃーんたいせい,,近代,ヨーロッパ,ヨーロッパ,1815年〜1848年,1815,WH-000040-B02,beginner,中心人物,person,ウィーン会議を主導し、保守反動秩序の中心となったオーストリア外相は？,メッテルニヒ,メッテルニヒ,,,世界史の窓：ウィーン体制,https://www.y-history.net/appendix/wh1201-008.html
大学受験世界史・通史骨格55用語（全300問）,WH-000040,36,大学受験標準,時代・歴史区分,ウィーン体制,うぃーんたいせい,,近代,ヨーロッパ,ヨーロッパ,1815年〜1848年,1815,WH-000040-B03,beginner,思想,content,革命前の正統な王朝を復活させるというウィーン会議の原則は？,正統主義,正統主義,,,世界史の窓：ウィーン体制,https://www.y-history.net/appendix/wh1201-008.html
大学受験世界史・通史骨格55用語（全300問）,WH-000040,36,大学受験標準,時代・歴史区分,ウィーン体制,うぃーんたいせい,,近代,ヨーロッパ,ヨーロッパ,1815年〜1848年,1815,WH-000040-R01,reverse,複合説明,reverse,どのような体制？,1815年のウィーン会議後、**メッテルニヒ**を中心に**正統主義**と**勢力均衡**でヨーロッパの安定を図った国際秩序。自由主義・ナショナリズム運動を抑圧したが、各地の革命を止められず、1848年革命で崩壊した。,ウィーン会議|メッテルニヒ|正統主義|勢力均衡|自由主義|ナショナリズム|1848年革命,,,世界史の窓：ウィーン体制,https://www.y-history.net/appendix/wh1201-008.html
大学受験世界史・通史骨格55用語（全300問）,WH-000040,36,大学受験標準,時代・歴史区分,ウィーン体制,うぃーんたいせい,,近代,ヨーロッパ,ヨーロッパ,1815年〜1848年,1815,WH-000040-I01,integrated,統合説明,integrated,「ウィーン体制」について説明せよ。,1815年のウィーン会議後、**メッテルニヒ**を中心に**正統主義**と**勢力均衡**でヨーロッパ秩序を維持した体制。自由主義・ナショナリズムを抑圧したが各地の革命を止められず、1848年革命で崩壊した。,ウィーン会議|メッテルニヒ|正統主義|勢力均衡|自由主義|ナショナリズム|1848年革命,,,世界史の窓：ウィーン体制,https://www.y-history.net/appendix/wh1201-008.html
大学受験世界史・通史骨格55用語（全300問）,WH-000041,19,大学受験標準,戦争,アヘン戦争,あへんせんそう,第一次アヘン戦争,近代,東アジア,中国沿岸部・華南,1840年〜1842年,1840,WH-000041-B01,beginner,用語の特定,identify,イギリスのアヘン貿易取締りをめぐって1840年に始まった、清とイギリスの戦争は？,アヘン戦争,アヘン戦争,第一次アヘン戦争,,世界史の窓：アヘン戦争,https://www.y-history.net/appendix/wh1303-027.html
大学受験世界史・通史骨格55用語（全300問）,WH-000041,19,大学受験標準,戦争,アヘン戦争,あへんせんそう,第一次アヘン戦争,近代,東アジア,中国沿岸部・華南,1840年〜1842年,1840,WH-000041-B02,beginner,中心人物,person,清が広州へ派遣し、アヘンを没収・廃棄した欽差大臣は？,林則徐,林則徐,,,世界史の窓：アヘン戦争,https://www.y-history.net/appendix/wh1303-027.html
大学受験世界史・通史骨格55用語（全300問）,WH-000041,19,大学受験標準,戦争,アヘン戦争,あへんせんそう,第一次アヘン戦争,近代,東アジア,中国沿岸部・華南,1840年〜1842年,1840,WH-000041-B03,beginner,条約,relation,アヘン戦争を終結させた清とイギリスの条約は？,南京条約,南京条約,,,世界史の窓：アヘン戦争,https://www.y-history.net/appendix/wh1303-027.html
大学受験世界史・通史骨格55用語（全300問）,WH-000041,19,大学受験標準,戦争,アヘン戦争,あへんせんそう,第一次アヘン戦争,近代,東アジア,中国沿岸部・華南,1840年〜1842年,1840,WH-000041-R01,reverse,時期,reverse,戦われたのはいつ？,1840年から1842年にかけて、**清**と**イギリス**の間で戦われた。,1840年|1842年|清|イギリス,,,世界史の窓：アヘン戦争,https://www.y-history.net/appendix/wh1303-027.html
大学受験世界史・通史骨格55用語（全300問）,WH-000041,19,大学受験標準,戦争,アヘン戦争,あへんせんそう,第一次アヘン戦争,近代,東アジア,中国沿岸部・華南,1840年〜1842年,1840,WH-000041-R02,reverse,原因・結果,reverse,なぜ起き、何につながった？,イギリスのアヘン密輸に対し、**林則徐**が広州でアヘンを没収・廃棄したことを口実にイギリスが攻撃した。敗れた清は**南京条約**で香港割譲・五港開港を認め、その後の不平等条約体制と列強の中国進出につながった。,林則徐|アヘン密輸|南京条約|香港割譲|五港開港|不平等条約,,,世界史の窓：アヘン戦争,https://www.y-history.net/appendix/wh1303-027.html
大学受験世界史・通史骨格55用語（全300問）,WH-000041,19,大学受験標準,戦争,アヘン戦争,あへんせんそう,第一次アヘン戦争,近代,東アジア,中国沿岸部・華南,1840年〜1842年,1840,WH-000041-I01,integrated,統合説明,integrated,「アヘン戦争」について説明せよ。,1840〜1842年、アヘン密輸を取り締まった**林則徐**の措置を口実に、イギリスが清を攻撃した戦争。敗れた清は**南京条約**で香港割譲・五港開港を認め、不平等条約体制と列強の中国進出が始まった。,林則徐|アヘン密輸|南京条約|香港割譲|五港開港|不平等条約,,,世界史の窓：アヘン戦争,https://www.y-history.net/appendix/wh1303-027.html
大学受験世界史・通史骨格55用語（全300問）,WH-000042,53,大学受験標準,事件・革命,1848年革命,せんはっぴゃくよんじゅうはちねんかくめい,諸国民の春,近代,ヨーロッパ,フランス・ドイツ・オーストリア・イタリアなど,1848年,1848,WH-000042-B01,beginner,用語の特定,identify,自由主義・ナショナリズムを掲げ、1848年にヨーロッパ各地へ広がった革命を総称して何という？,1848年革命,1848年革命,諸国民の春,,世界史の窓：1848年革命,https://www.y-history.net/appendix/wh1201-093.html
大学受験世界史・通史骨格55用語（全300問）,WH-000042,53,大学受験標準,事件・革命,1848年革命,せんはっぴゃくよんじゅうはちねんかくめい,諸国民の春,近代,ヨーロッパ,フランス・ドイツ・オーストリア・イタリアなど,1848年,1848,WH-000042-B02,beginner,事件,content,1848年にフランスの七月王政を倒した革命は？,二月革命,二月革命,,,世界史の窓：1848年革命,https://www.y-history.net/appendix/wh1201-093.html
大学受験世界史・通史骨格55用語（全300問）,WH-000042,53,大学受験標準,事件・革命,1848年革命,せんはっぴゃくよんじゅうはちねんかくめい,諸国民の春,近代,ヨーロッパ,フランス・ドイツ・オーストリア・イタリアなど,1848年,1848,WH-000042-B03,beginner,結果,result,1848年革命によって最終的に崩壊した、1815年以来の国際秩序は？,ウィーン体制,ウィーン体制,,,世界史の窓：1848年革命,https://www.y-history.net/appendix/wh1201-093.html
大学受験世界史・通史骨格55用語（全300問）,WH-000042,53,大学受験標準,事件・革命,1848年革命,せんはっぴゃくよんじゅうはちねんかくめい,諸国民の春,近代,ヨーロッパ,フランス・ドイツ・オーストリア・イタリアなど,1848年,1848,WH-000042-R01,reverse,複合説明,reverse,何が起きた？,1848年、フランスの**二月革命**を皮切りに、自由主義・ナショナリズムを掲げる革命がドイツ・オーストリア・イタリアなどへ連鎖した。多くは保守勢力に抑えられたが、**ウィーン体制**を終わらせ、ブルジョワジーと労働者の対立も明確にした。,二月革命|自由主義|ナショナリズム|ウィーン体制|ブルジョワジー|労働者,,,世界史の窓：1848年革命,https://www.y-history.net/appendix/wh1201-093.html
大学受験世界史・通史骨格55用語（全300問）,WH-000042,53,大学受験標準,事件・革命,1848年革命,せんはっぴゃくよんじゅうはちねんかくめい,諸国民の春,近代,ヨーロッパ,フランス・ドイツ・オーストリア・イタリアなど,1848年,1848,WH-000042-I01,integrated,統合説明,integrated,「1848年革命」について説明せよ。,1848年、フランスの**二月革命**を皮切りに、自由主義・ナショナリズムを掲げてヨーロッパ各地へ広がった革命。多くは鎮圧されたが**ウィーン体制**を終わらせ、ブルジョワジーと労働者の対立を明確にした。,二月革命|自由主義|ナショナリズム|ウィーン体制|ブルジョワジー|労働者,,,世界史の窓：1848年革命,https://www.y-history.net/appendix/wh1201-093.html
大学受験世界史・通史骨格55用語（全300問）,WH-000043,11,大学受験標準,思想・主義,帝国主義,ていこくしゅぎ,,近代,世界,ヨーロッパ列強・アメリカ・日本とアジア・アフリカ,1870年代〜第一次世界大戦,1870,WH-000043-B01,beginner,用語の特定,identify,工業国が軍事力と資本を背景に植民地・勢力圏を拡大した19世紀後半の動きを何という？,帝国主義,帝国主義,,,世界史の窓：帝国主義,https://www.y-history.net/appendix/wh1401-016.html
大学受験世界史・通史骨格55用語（全300問）,WH-000043,11,大学受験標準,思想・主義,帝国主義,ていこくしゅぎ,,近代,世界,ヨーロッパ列強・アメリカ・日本とアジア・アフリカ,1870年代〜第一次世界大戦,1870,WH-000043-B02,beginner,時期,time,帝国主義列強による世界分割が特に激しくなったのはいつ頃？,19世紀後半,19世紀後半,1870年代以降,,世界史の窓：帝国主義,https://www.y-history.net/appendix/wh1401-016.html
大学受験世界史・通史骨格55用語（全300問）,WH-000043,11,大学受験標準,思想・主義,帝国主義,ていこくしゅぎ,,近代,世界,ヨーロッパ列強・アメリカ・日本とアジア・アフリカ,1870年代〜第一次世界大戦,1870,WH-000043-B03,beginner,会議,relation,列強がアフリカ分割の原則を協議した1884〜85年の会議は？,ベルリン会議,ベルリン会議,ベルリン＝コンゴ会議|コンゴ会議,,世界史の窓：帝国主義,https://www.y-history.net/appendix/wh1401-016.html
大学受験世界史・通史骨格55用語（全300問）,WH-000043,11,大学受験標準,思想・主義,帝国主義,ていこくしゅぎ,,近代,世界,ヨーロッパ列強・アメリカ・日本とアジア・アフリカ,1870年代〜第一次世界大戦,1870,WH-000043-R01,reverse,時期・地域,reverse,進んだのはいつ頃・どこ？,1870年代から第一次世界大戦前にかけて、欧米列強と日本が**アジア・アフリカ**を中心に植民地・勢力圏を競って拡大した。,1870年代|第一次世界大戦前|欧米列強|日本|アジア・アフリカ,,,世界史の窓：帝国主義,https://www.y-history.net/appendix/wh1401-016.html
大学受験世界史・通史骨格55用語（全300問）,WH-000043,11,大学受験標準,思想・主義,帝国主義,ていこくしゅぎ,,近代,世界,ヨーロッパ列強・アメリカ・日本とアジア・アフリカ,1870年代〜第一次世界大戦,1870,WH-000043-R02,reverse,原因・結果,reverse,なぜ進み、何をもたらした？,産業資本が原料・市場・投資先を求め、国家間競争、軍事技術、ナショナリズム、**社会ダーウィニズム**などを背景に拡大した。植民地支配と現地の抵抗を生み、列強間対立を激化させて**第一次世界大戦**の背景となった。,産業資本|原料・市場・投資先|国家間競争|社会ダーウィニズム|植民地支配|第一次世界大戦,,,世界史の窓：帝国主義,https://www.y-history.net/appendix/wh1401-016.html
大学受験世界史・通史骨格55用語（全300問）,WH-000043,11,大学受験標準,思想・主義,帝国主義,ていこくしゅぎ,,近代,世界,ヨーロッパ列強・アメリカ・日本とアジア・アフリカ,1870年代〜第一次世界大戦,1870,WH-000043-I01,integrated,統合説明,integrated,「帝国主義」について説明せよ。,1870年代から第一次世界大戦前、欧米列強と日本が資本・軍事力を背景に**アジア・アフリカ**の植民地・勢力圏を拡大した動き。原料・市場・投資先を求める競争は植民地支配と抵抗を生み、列強間対立を激化させて**第一次世界大戦**の背景となった。,アジア・アフリカ|原料・市場・投資先|国家間競争|植民地支配|第一次世界大戦,,,世界史の窓：帝国主義,https://www.y-history.net/appendix/wh1401-016.html
大学受験世界史・通史骨格55用語（全300問）,WH-000044,39,大学受験標準,運動,ドイツ統一,どいつとういつ,,近代,ヨーロッパ,ドイツ地域・中央ヨーロッパ,1860年代〜1871年,1871,WH-000044-B01,beginner,用語の特定,identify,プロイセンが戦争を通じて諸邦をまとめ、1871年に帝国を成立させた過程は？,ドイツ統一,ドイツ統一,,,世界史の窓：ドイツ（5）ウィーン体制下のドイツ・ドイツ帝国の成立,https://www.y-history.net/appendix/wh0601-089.html
大学受験世界史・通史骨格55用語（全300問）,WH-000044,39,大学受験標準,運動,ドイツ統一,どいつとういつ,,近代,ヨーロッパ,ドイツ地域・中央ヨーロッパ,1860年代〜1871年,1871,WH-000044-B02,beginner,中心国家,actor,ドイツ統一を主導した国家は？,プロイセン,プロイセン,,,世界史の窓：ドイツ（5）ウィーン体制下のドイツ・ドイツ帝国の成立,https://www.y-history.net/appendix/wh0601-089.html
大学受験世界史・通史骨格55用語（全300問）,WH-000044,39,大学受験標準,運動,ドイツ統一,どいつとういつ,,近代,ヨーロッパ,ドイツ地域・中央ヨーロッパ,1860年代〜1871年,1871,WH-000044-B03,beginner,中心人物,person,鉄血政策を掲げ、プロイセン首相としてドイツ統一を進めた人物は？,ビスマルク,ビスマルク,オットー＝フォン＝ビスマルク,,世界史の窓：ドイツ（5）ウィーン体制下のドイツ・ドイツ帝国の成立,https://www.y-history.net/appendix/wh0601-089.html
大学受験世界史・通史骨格55用語（全300問）,WH-000044,39,大学受験標準,運動,ドイツ統一,どいつとういつ,,近代,ヨーロッパ,ドイツ地域・中央ヨーロッパ,1860年代〜1871年,1871,WH-000044-R01,reverse,複合説明,reverse,何が起きた？,**ビスマルク**がプロイセンの軍事力を用いる**鉄血政策**を進め、デンマーク戦争・普墺戦争・普仏戦争に勝利した。1871年、ヴェルサイユ宮殿でプロイセン王を皇帝とする**ドイツ帝国**が成立し、ヨーロッパの勢力均衡が大きく変化した。,ビスマルク|プロイセン|鉄血政策|デンマーク戦争|普墺戦争|普仏戦争|ドイツ帝国|1871年,,,世界史の窓：ドイツ（5）ウィーン体制下のドイツ・ドイツ帝国の成立,https://www.y-history.net/appendix/wh0601-089.html
大学受験世界史・通史骨格55用語（全300問）,WH-000044,39,大学受験標準,運動,ドイツ統一,どいつとういつ,,近代,ヨーロッパ,ドイツ地域・中央ヨーロッパ,1860年代〜1871年,1871,WH-000044-I01,integrated,統合説明,integrated,「ドイツ統一」について説明せよ。,**ビスマルク**がプロイセン中心の**鉄血政策**を進め、デンマーク戦争・普墺戦争・普仏戦争に勝利して実現した統一。1871年に**ドイツ帝国**が成立し、ドイツは強力な工業・軍事国家となってヨーロッパの勢力均衡を変えた。,ビスマルク|プロイセン|鉄血政策|デンマーク戦争|普墺戦争|普仏戦争|ドイツ帝国,,,世界史の窓：ドイツ（5）ウィーン体制下のドイツ・ドイツ帝国の成立,https://www.y-history.net/appendix/wh0601-089.html
大学受験世界史・通史骨格55用語（全300問）,WH-000045,29,大学受験標準,事件・革命,辛亥革命,しんがいかくめい,第一革命,近代,東アジア,中国,1911年〜1912年,1911,WH-000045-B01,beginner,用語の特定,identify,1911年に始まり、清を倒して共和政国家の成立につながった中国の革命は？,辛亥革命,辛亥革命,第一革命,,世界史の窓：辛亥革命／第一革命,https://www.y-history.net/appendix/wh1403-084.html
大学受験世界史・通史骨格55用語（全300問）,WH-000045,29,大学受験標準,事件・革命,辛亥革命,しんがいかくめい,第一革命,近代,東アジア,中国,1911年〜1912年,1911,WH-000045-B02,beginner,事件,content,辛亥革命の直接の発火点となった1911年10月の蜂起は？,武昌蜂起,武昌蜂起,,,世界史の窓：辛亥革命／第一革命,https://www.y-history.net/appendix/wh1403-084.html
大学受験世界史・通史骨格55用語（全300問）,WH-000045,29,大学受験標準,事件・革命,辛亥革命,しんがいかくめい,第一革命,近代,東アジア,中国,1911年〜1912年,1911,WH-000045-B03,beginner,結果,result,辛亥革命によって1912年に成立した国家は？,中華民国,中華民国,,,世界史の窓：辛亥革命／第一革命,https://www.y-history.net/appendix/wh1403-084.html
大学受験世界史・通史骨格55用語（全300問）,WH-000045,29,大学受験標準,事件・革命,辛亥革命,しんがいかくめい,第一革命,近代,東アジア,中国,1911年〜1912年,1911,WH-000045-R01,reverse,複合説明,reverse,何が起きた？,清の支配と列強進出への不満、革命派の活動、鉄道国有化反対運動を背景に、1911年の**武昌蜂起**から各省が独立した。1912年に**孫文**を臨時大総統として**中華民国**が成立し清は滅んだが、実権は袁世凱に移り共和政は不安定だった。,清|武昌蜂起|孫文|中華民国|袁世凱|共和政,,,世界史の窓：辛亥革命／第一革命,https://www.y-history.net/appendix/wh1403-084.html
大学受験世界史・通史骨格55用語（全300問）,WH-000045,29,大学受験標準,事件・革命,辛亥革命,しんがいかくめい,第一革命,近代,東アジア,中国,1911年〜1912年,1911,WH-000045-I01,integrated,統合説明,integrated,「辛亥革命」について説明せよ。,清の支配・列強進出への不満と革命運動を背景に、1911年の**武昌蜂起**から各省の独立が広がった革命。1912年に**孫文**を臨時大総統とする**中華民国**が成立して清は滅んだが、実権は袁世凱へ移り共和政は不安定だった。,清|武昌蜂起|孫文|中華民国|袁世凱|共和政,,,世界史の窓：辛亥革命／第一革命,https://www.y-history.net/appendix/wh1403-084.html
大学受験世界史・通史骨格55用語（全300問）,WH-000046,3,大学受験標準,戦争,第一次世界大戦,だいいちじせかいたいせん,第一次大戦,近代,世界,ヨーロッパを中心に中東・アフリカ・アジア・大西洋,1914年〜1918年,1914,WH-000046-B01,beginner,用語の特定,identify,1914年のサライェヴォ事件をきっかけに始まった世界規模の総力戦は？,第一次世界大戦,第一次世界大戦,第一次大戦,,世界史の窓：第一次世界大戦,https://www.y-history.net/appendix/wh1501-011.html
大学受験世界史・通史骨格55用語（全300問）,WH-000046,3,大学受験標準,戦争,第一次世界大戦,だいいちじせかいたいせん,第一次大戦,近代,世界,ヨーロッパを中心に中東・アフリカ・アジア・大西洋,1914年〜1918年,1914,WH-000046-B02,beginner,原因,cause,第一次世界大戦の直接のきっかけとなった事件は？,サライェヴォ事件,サライェヴォ事件,サラエボ事件,,世界史の窓：第一次世界大戦,https://www.y-history.net/appendix/wh1501-011.html
大学受験世界史・通史骨格55用語（全300問）,WH-000046,3,大学受験標準,戦争,第一次世界大戦,だいいちじせかいたいせん,第一次大戦,近代,世界,ヨーロッパを中心に中東・アフリカ・アジア・大西洋,1914年〜1918年,1914,WH-000046-B03,beginner,対立,actor,開戦前のヨーロッパを二分した二つの国際的な陣営は？,三国同盟と三国協商,三国同盟|三国協商,三国協商と三国同盟|三国同盟・三国協商,,世界史の窓：第一次世界大戦,https://www.y-history.net/appendix/wh1501-011.html
大学受験世界史・通史骨格55用語（全300問）,WH-000046,3,大学受験標準,戦争,第一次世界大戦,だいいちじせかいたいせん,第一次大戦,近代,世界,ヨーロッパを中心に中東・アフリカ・アジア・大西洋,1914年〜1918年,1914,WH-000046-R01,reverse,時期,reverse,戦われたのはいつ？,**1914年**から**1918年**まで戦われた。,1914年|1918年,,,世界史の窓：第一次世界大戦,https://www.y-history.net/appendix/wh1501-011.html
大学受験世界史・通史骨格55用語（全300問）,WH-000046,3,大学受験標準,戦争,第一次世界大戦,だいいちじせかいたいせん,第一次大戦,近代,世界,ヨーロッパを中心に中東・アフリカ・アジア・大西洋,1914年〜1918年,1914,WH-000046-R02,reverse,原因・結果,reverse,なぜ起き、何が変わった？,帝国主義競争、軍拡、ナショナリズム、**三国同盟・三国協商**の対立に、**サライェヴォ事件**が引火した。塹壕戦と国家総動員による**総力戦**となり、四帝国の崩壊、ロシア革命、ヴェルサイユ体制の成立をもたらした。,帝国主義競争|軍拡|ナショナリズム|三国同盟|三国協商|サライェヴォ事件|総力戦|ヴェルサイユ体制,,,世界史の窓：第一次世界大戦,https://www.y-history.net/appendix/wh1501-011.html
大学受験世界史・通史骨格55用語（全300問）,WH-000046,3,大学受験標準,戦争,第一次世界大戦,だいいちじせかいたいせん,第一次大戦,近代,世界,ヨーロッパを中心に中東・アフリカ・アジア・大西洋,1914年〜1918年,1914,WH-000046-I01,integrated,統合説明,integrated,「第一次世界大戦」について説明せよ。,1914〜1918年、帝国主義競争・軍拡・ナショナリズム・**三国同盟と三国協商**の対立に**サライェヴォ事件**が引火して起きた戦争。塹壕戦と国家総動員による**総力戦**となり、四帝国の崩壊、ロシア革命、ヴェルサイユ体制をもたらした。,帝国主義競争|軍拡|ナショナリズム|三国同盟|三国協商|サライェヴォ事件|総力戦|ヴェルサイユ体制,,,世界史の窓：第一次世界大戦,https://www.y-history.net/appendix/wh1501-011.html
大学受験世界史・通史骨格55用語（全300問）,WH-000047,12,大学受験標準,事件・革命,ロシア革命,ろしあかくめい,第二次ロシア革命,近代,ヨーロッパ・北アジア,ロシア帝国,1917年,1917,WH-000047-B01,beginner,用語の特定,identify,1917年、ロマノフ朝を倒し、最終的にボリシェヴィキ政権を成立させた一連の革命は？,ロシア革命,ロシア革命,第二次ロシア革命,,世界史の窓：二月革命／三月革命（ロシア）,https://www.y-history.net/appendix/wh1501-074.html
大学受験世界史・通史骨格55用語（全300問）,WH-000047,12,大学受験標準,事件・革命,ロシア革命,ろしあかくめい,第二次ロシア革命,近代,ヨーロッパ・北アジア,ロシア帝国,1917年,1917,WH-000047-B02,beginner,結果,result,二月革命によって倒されたロシアの王朝は？,ロマノフ朝,ロマノフ朝,,,世界史の窓：二月革命／三月革命（ロシア）,https://www.y-history.net/appendix/wh1501-074.html
大学受験世界史・通史骨格55用語（全300問）,WH-000047,12,大学受験標準,事件・革命,ロシア革命,ろしあかくめい,第二次ロシア革命,近代,ヨーロッパ・北アジア,ロシア帝国,1917年,1917,WH-000047-B03,beginner,中心勢力,actor,十月革命でレーニンの指導下に権力を握った党派は？,ボリシェヴィキ,ボリシェヴィキ,,,世界史の窓：二月革命／三月革命（ロシア）,https://www.y-history.net/appendix/wh1501-074.html
大学受験世界史・通史骨格55用語（全300問）,WH-000047,12,大学受験標準,事件・革命,ロシア革命,ろしあかくめい,第二次ロシア革命,近代,ヨーロッパ・北アジア,ロシア帝国,1917年,1917,WH-000047-R01,reverse,時期,reverse,起きたのはいつ？,第一次世界大戦中の1917年に、**二月革命**と**十月革命**が相次いで起きた。,1917年|二月革命|十月革命|第一次世界大戦,,,世界史の窓：二月革命／三月革命（ロシア）,https://www.y-history.net/appendix/wh1501-074.html
大学受験世界史・通史骨格55用語（全300問）,WH-000047,12,大学受験標準,事件・革命,ロシア革命,ろしあかくめい,第二次ロシア革命,近代,ヨーロッパ・北アジア,ロシア帝国,1917年,1917,WH-000047-R02,reverse,原因・結果,reverse,なぜ起き、何が成立した？,専制政治、土地問題、戦争による食料不足と犠牲への不満から二月革命で**ロマノフ朝**が倒れ、臨時政府とソヴィエトの二重権力になった。戦争を続ける臨時政府を**レーニン**率いる**ボリシェヴィキ**が十月革命で倒し、世界初の**社会主義政権**を成立させ、1922年のソ連成立へつながった。,専制政治|土地問題|二月革命|ロマノフ朝|臨時政府|ソヴィエト|レーニン|ボリシェヴィキ|十月革命|社会主義政権|ソ連,,,世界史の窓：二月革命／三月革命（ロシア）,https://www.y-history.net/appendix/wh1501-074.html
大学受験世界史・通史骨格55用語（全300問）,WH-000047,12,大学受験標準,事件・革命,ロシア革命,ろしあかくめい,第二次ロシア革命,近代,ヨーロッパ・北アジア,ロシア帝国,1917年,1917,WH-000047-I01,integrated,統合説明,integrated,「ロシア革命」について説明せよ。,1917年、専制政治・土地問題・第一次世界大戦の困窮を背景に起きた革命。**二月革命**でロマノフ朝が倒れた後、**レーニン**率いる**ボリシェヴィキ**が**十月革命**で臨時政府を倒して世界初の社会主義政権を樹立し、1922年のソ連成立へつながった。,二月革命|ロマノフ朝|レーニン|ボリシェヴィキ|十月革命|臨時政府|社会主義政権|ソ連,,,世界史の窓：二月革命／三月革命（ロシア）,https://www.y-history.net/appendix/wh1501-074.html
大学受験世界史・通史骨格55用語（全300問）,WH-000048,21,大学受験標準,時代・歴史区分,ヴェルサイユ体制,ゔぇるさいゆたいせい,ベルサイユ体制,近代,ヨーロッパ・世界,第一次世界大戦後のヨーロッパを中心とする国際秩序,1919年〜1930年代,1919,WH-000048-B01,beginner,用語の特定,identify,第一次世界大戦後、パリ講和会議と対独講和条約を基礎に成立した国際秩序は？,ヴェルサイユ体制,ヴェルサイユ体制,ベルサイユ体制,,世界史の窓：ヴェルサイユ体制,https://www.y-history.net/appendix/wh1502-027.html
大学受験世界史・通史骨格55用語（全300問）,WH-000048,21,大学受験標準,時代・歴史区分,ヴェルサイユ体制,ゔぇるさいゆたいせい,ベルサイユ体制,近代,ヨーロッパ・世界,第一次世界大戦後のヨーロッパを中心とする国際秩序,1919年〜1930年代,1919,WH-000048-B02,beginner,条約,relation,ヴェルサイユ体制の基礎となり、ドイツに賠償・軍備制限などを課した条約は？,ヴェルサイユ条約,ヴェルサイユ条約,ベルサイユ条約,,世界史の窓：ヴェルサイユ体制,https://www.y-history.net/appendix/wh1502-027.html
大学受験世界史・通史骨格55用語（全300問）,WH-000048,21,大学受験標準,時代・歴史区分,ヴェルサイユ体制,ゔぇるさいゆたいせい,ベルサイユ体制,近代,ヨーロッパ・世界,第一次世界大戦後のヨーロッパを中心とする国際秩序,1919年〜1930年代,1919,WH-000048-B03,beginner,組織,relation,ヴェルサイユ体制下で集団安全保障を目指して設立された国際機関は？,国際連盟,国際連盟,,,世界史の窓：ヴェルサイユ体制,https://www.y-history.net/appendix/wh1502-027.html
大学受験世界史・通史骨格55用語（全300問）,WH-000048,21,大学受験標準,時代・歴史区分,ヴェルサイユ体制,ゔぇるさいゆたいせい,ベルサイユ体制,近代,ヨーロッパ・世界,第一次世界大戦後のヨーロッパを中心とする国際秩序,1919年〜1930年代,1919,WH-000048-R01,reverse,時期・範囲,reverse,成立し機能したのはいつ頃？,1919年のパリ講和会議・**ヴェルサイユ条約**を基礎に成立し、1920年代から1930年代前半までヨーロッパ国際秩序の枠組みとなった。,1919年|パリ講和会議|ヴェルサイユ条約|1920年代|1930年代,,,世界史の窓：ヴェルサイユ体制,https://www.y-history.net/appendix/wh1502-027.html
大学受験世界史・通史骨格55用語（全300問）,WH-000048,21,大学受験標準,時代・歴史区分,ヴェルサイユ体制,ゔぇるさいゆたいせい,ベルサイユ体制,近代,ヨーロッパ・世界,第一次世界大戦後のヨーロッパを中心とする国際秩序,1919年〜1930年代,1919,WH-000048-R02,reverse,内容・問題点,reverse,何を定め、どんな問題を抱えた？,敗戦国ドイツに領土割譲・軍備制限・賠償を課し、**国際連盟**と民族自決を掲げた戦勝国中心の体制だった。しかしアメリカとソ連が当初枠外にあり、植民地には民族自決が十分適用されず、ドイツの反発を強めた。,ドイツ|領土割譲|軍備制限|賠償|国際連盟|民族自決|アメリカ|ソ連,,,世界史の窓：ヴェルサイユ体制,https://www.y-history.net/appendix/wh1502-027.html
大学受験世界史・通史骨格55用語（全300問）,WH-000048,21,大学受験標準,時代・歴史区分,ヴェルサイユ体制,ゔぇるさいゆたいせい,ベルサイユ体制,近代,ヨーロッパ・世界,第一次世界大戦後のヨーロッパを中心とする国際秩序,1919年〜1930年代,1919,WH-000048-I01,integrated,統合説明,integrated,「ヴェルサイユ体制」について説明せよ。,1919年のパリ講和会議と**ヴェルサイユ条約**を基礎にした第一次世界大戦後の国際秩序。ドイツに領土割譲・軍備制限・賠償を課し、**国際連盟**と民族自決を掲げたが、米ソの不参加、植民地への不徹底、ドイツの反発という問題を抱えた。,ヴェルサイユ条約|ドイツ|領土割譲|軍備制限|賠償|国際連盟|民族自決|アメリカ|ソ連,,,世界史の窓：ヴェルサイユ体制,https://www.y-history.net/appendix/wh1502-027.html
大学受験世界史・通史骨格55用語（全300問）,WH-000049,40,大学受験標準,思想・主義,ファシズム,ふぁしずむ,,近代,ヨーロッパ・世界,イタリア・ドイツを中心とする戦間期世界,1920年代〜1945年,1922,WH-000049-B01,beginner,用語の特定,identify,議会制・自由主義を否定し、独裁・排外的国家主義・軍事動員を進めた戦間期の政治運動は？,ファシズム,ファシズム,,,世界史の窓：ファシズム,https://www.y-history.net/appendix/wh1502-119_1.html
大学受験世界史・通史骨格55用語（全300問）,WH-000049,40,大学受験標準,思想・主義,ファシズム,ふぁしずむ,,近代,ヨーロッパ・世界,イタリア・ドイツを中心とする戦間期世界,1920年代〜1945年,1922,WH-000049-B02,beginner,中心人物,person,1922年のローマ進軍を機にイタリアで政権を握った指導者は？,ムッソリーニ,ムッソリーニ,ベニート＝ムッソリーニ,,世界史の窓：ファシズム,https://www.y-history.net/appendix/wh1502-119_1.html
大学受験世界史・通史骨格55用語（全300問）,WH-000049,40,大学受験標準,思想・主義,ファシズム,ふぁしずむ,,近代,ヨーロッパ・世界,イタリア・ドイツを中心とする戦間期世界,1920年代〜1945年,1922,WH-000049-B03,beginner,組織,actor,ドイツでヒトラーが率いたファシズム政党は？,ナチ党,ナチ党,国民社会主義ドイツ労働者党|ナチス,,世界史の窓：ファシズム,https://www.y-history.net/appendix/wh1502-119_1.html
大学受験世界史・通史骨格55用語（全300問）,WH-000049,40,大学受験標準,思想・主義,ファシズム,ふぁしずむ,,近代,ヨーロッパ・世界,イタリア・ドイツを中心とする戦間期世界,1920年代〜1945年,1922,WH-000049-R01,reverse,複合説明,reverse,どんな運動・体制？,第一次世界大戦後の社会不安、経済危機、社会主義への恐怖を背景に、**ムッソリーニ**や**ヒトラー**が大衆動員と暴力で権力を握った。議会制・自由主義を否定し、一党独裁、指導者崇拝、排外的ナショナリズム、対外侵略を進めて第二次世界大戦へ向かった。,第一次世界大戦後|ムッソリーニ|ヒトラー|大衆動員|一党独裁|指導者崇拝|排外的ナショナリズム|対外侵略|第二次世界大戦,,,世界史の窓：ファシズム,https://www.y-history.net/appendix/wh1502-119_1.html
大学受験世界史・通史骨格55用語（全300問）,WH-000049,40,大学受験標準,思想・主義,ファシズム,ふぁしずむ,,近代,ヨーロッパ・世界,イタリア・ドイツを中心とする戦間期世界,1920年代〜1945年,1922,WH-000049-I01,integrated,統合説明,integrated,「ファシズム」について説明せよ。,第一次世界大戦後の社会不安・経済危機・反社会主義を背景に、**ムッソリーニ**や**ヒトラー**が大衆動員と暴力で築いた運動・体制。議会制と自由主義を否定し、一党独裁・指導者崇拝・排外的ナショナリズム・対外侵略を進め、第二次世界大戦へ向かった。,ムッソリーニ|ヒトラー|大衆動員|一党独裁|指導者崇拝|排外的ナショナリズム|対外侵略|第二次世界大戦,,,世界史の窓：ファシズム,https://www.y-history.net/appendix/wh1502-119_1.html
大学受験世界史・通史骨格55用語（全300問）,WH-000050,22,大学受験標準,経済・交易,世界恐慌,せかいきょうこう,大恐慌,近代,世界,アメリカから資本主義世界全体,1929年〜1930年代,1929,WH-000050-B01,beginner,用語の特定,identify,1929年のアメリカ株価暴落から始まり、世界に失業と倒産を広げた経済危機は？,世界恐慌,世界恐慌,大恐慌,,世界史の窓：世界恐慌／大恐慌,https://www.y-history.net/appendix/wh1504-001.html
大学受験世界史・通史骨格55用語（全300問）,WH-000050,22,大学受験標準,経済・交易,世界恐慌,せかいきょうこう,大恐慌,近代,世界,アメリカから資本主義世界全体,1929年〜1930年代,1929,WH-000050-B02,beginner,時期,time,世界恐慌が始まった年は？,1929年,1929年,,,世界史の窓：世界恐慌／大恐慌,https://www.y-history.net/appendix/wh1504-001.html
大学受験世界史・通史骨格55用語（全300問）,WH-000050,22,大学受験標準,経済・交易,世界恐慌,せかいきょうこう,大恐慌,近代,世界,アメリカから資本主義世界全体,1929年〜1930年代,1929,WH-000050-B03,beginner,政策,content,アメリカでF＝ローズヴェルトが世界恐慌克服のために進めた政策は？,ニューディール政策,ニューディール政策,ニューディール,,世界史の窓：世界恐慌／大恐慌,https://www.y-history.net/appendix/wh1504-001.html
大学受験世界史・通史骨格55用語（全300問）,WH-000050,22,大学受験標準,経済・交易,世界恐慌,せかいきょうこう,大恐慌,近代,世界,アメリカから資本主義世界全体,1929年〜1930年代,1929,WH-000050-R01,reverse,複合説明,reverse,何が起き、世界をどう変えた？,1929年の**ニューヨーク株式市場の暴落**を契機に、過剰生産・投機・金融不安が銀行倒産、企業倒産、大量失業へ連鎖し、アメリカ資本に依存した世界へ広がった。各国は**ニューディール政策**やブロック経済で対応し、国際協調の後退とファシズムの伸長を招いた。,ニューヨーク株式市場の暴落|過剰生産|投機|銀行倒産|大量失業|ニューディール政策|ブロック経済|ファシズム,,,世界史の窓：世界恐慌／大恐慌,https://www.y-history.net/appendix/wh1504-001.html
大学受験世界史・通史骨格55用語（全300問）,WH-000050,22,大学受験標準,経済・交易,世界恐慌,せかいきょうこう,大恐慌,近代,世界,アメリカから資本主義世界全体,1929年〜1930年代,1929,WH-000050-I01,integrated,統合説明,integrated,「世界恐慌」について説明せよ。,1929年の**ニューヨーク株式市場の暴落**を契機に、過剰生産・投機・金融不安から銀行・企業倒産と大量失業が世界へ広がった経済危機。各国は**ニューディール政策**やブロック経済で対応し、国際協調の後退とファシズムの伸長を招いた。,ニューヨーク株式市場の暴落|過剰生産|投機|銀行倒産|大量失業|ニューディール政策|ブロック経済|ファシズム,,,世界史の窓：世界恐慌／大恐慌,https://www.y-history.net/appendix/wh1504-001.html
大学受験世界史・通史骨格55用語（全300問）,WH-000051,4,大学受験標準,戦争,第二次世界大戦,だいにじせかいたいせん,第二次大戦,近代,世界,ヨーロッパ・アジア太平洋・アフリカ・大西洋,1939年〜1945年,1939,WH-000051-B01,beginner,用語の特定,identify,1939年のドイツのポーランド侵攻で始まり、1945年まで続いた世界戦争は？,第二次世界大戦,第二次世界大戦,第二次大戦,,世界史の窓：第二次世界大戦,https://www.y-history.net/appendix/wh1505-014.html
大学受験世界史・通史骨格55用語（全300問）,WH-000051,4,大学受験標準,戦争,第二次世界大戦,だいにじせかいたいせん,第二次大戦,近代,世界,ヨーロッパ・アジア太平洋・アフリカ・大西洋,1939年〜1945年,1939,WH-000051-B02,beginner,原因,cause,第二次世界大戦のヨーロッパでの直接の開始となったドイツの軍事行動は？,ポーランド侵攻,ポーランド侵攻,,,世界史の窓：第二次世界大戦,https://www.y-history.net/appendix/wh1505-014.html
大学受験世界史・通史骨格55用語（全300問）,WH-000051,4,大学受験標準,戦争,第二次世界大戦,だいにじせかいたいせん,第二次大戦,近代,世界,ヨーロッパ・アジア太平洋・アフリカ・大西洋,1939年〜1945年,1939,WH-000051-B03,beginner,対立,actor,第二次世界大戦の枢軸国を構成した中心三国は？,ドイツ・イタリア・日本,ドイツ|イタリア|日本,ドイツ・日本・イタリア|日本・ドイツ・イタリア,,世界史の窓：第二次世界大戦,https://www.y-history.net/appendix/wh1505-014.html
大学受験世界史・通史骨格55用語（全300問）,WH-000051,4,大学受験標準,戦争,第二次世界大戦,だいにじせかいたいせん,第二次大戦,近代,世界,ヨーロッパ・アジア太平洋・アフリカ・大西洋,1939年〜1945年,1939,WH-000051-R01,reverse,時期,reverse,戦われたのはいつ？,**1939年**から**1945年**まで戦われ、1941年の独ソ戦と太平洋戦争開始によって真に世界規模へ拡大した。,1939年|1945年|独ソ戦|太平洋戦争|1941年,,,世界史の窓：第二次世界大戦,https://www.y-history.net/appendix/wh1505-014.html
大学受験世界史・通史骨格55用語（全300問）,WH-000051,4,大学受験標準,戦争,第二次世界大戦,だいにじせかいたいせん,第二次大戦,近代,世界,ヨーロッパ・アジア太平洋・アフリカ・大西洋,1939年〜1945年,1939,WH-000051-R02,reverse,原因・結果,reverse,なぜ起き、何をもたらした？,ヴェルサイユ体制への不満、世界恐慌、ファシズム諸国の侵略、英仏の宥和政策の失敗を背景に始まった。**枢軸国**と**連合国**が戦い、ホロコースト・無差別爆撃・原爆など甚大な犠牲を生み、枢軸国敗北後は**国際連合**、米ソ二極化、植民地独立の進展につながった。,ヴェルサイユ体制|世界恐慌|ファシズム|宥和政策|枢軸国|連合国|ホロコースト|国際連合|米ソ二極化|植民地独立,,,世界史の窓：第二次世界大戦,https://www.y-history.net/appendix/wh1505-014.html
大学受験世界史・通史骨格55用語（全300問）,WH-000051,4,大学受験標準,戦争,第二次世界大戦,だいにじせかいたいせん,第二次大戦,近代,世界,ヨーロッパ・アジア太平洋・アフリカ・大西洋,1939年〜1945年,1939,WH-000051-I01,integrated,統合説明,integrated,「第二次世界大戦」について説明せよ。,1939〜1945年、ヴェルサイユ体制への不満・世界恐慌・ファシズム諸国の侵略を背景に起きた世界戦争。**枢軸国**と**連合国**が戦い、ホロコーストなど甚大な犠牲を生み、枢軸国敗北後は**国際連合**、米ソ二極化、植民地独立の進展につながった。,ヴェルサイユ体制|世界恐慌|ファシズム|枢軸国|連合国|ホロコースト|国際連合|米ソ二極化|植民地独立,,,世界史の窓：第二次世界大戦,https://www.y-history.net/appendix/wh1505-014.html
大学受験世界史・通史骨格55用語（全300問）,WH-000052,27,大学受験標準,運動,アジア・アフリカ諸国の独立,あじああふりかしょこくのどくりつ,脱植民地化,現代,アジア・アフリカ,南アジア・東南アジア・中東・アフリカ,第二次世界大戦後〜1970年代,1945,WH-000052-B01,beginner,用語の特定,identify,第二次世界大戦後、植民地だったアジア・アフリカで主権国家が相次いで成立した動きを何という？,アジア・アフリカ諸国の独立,アジア・アフリカ諸国の独立,脱植民地化|植民地独立,,世界史の窓：アジア＝アフリカ会議／バンドン会議,https://www.y-history.net/appendix/wh1603-005.html
大学受験世界史・通史骨格55用語（全300問）,WH-000052,27,大学受験標準,運動,アジア・アフリカ諸国の独立,あじああふりかしょこくのどくりつ,脱植民地化,現代,アジア・アフリカ,南アジア・東南アジア・中東・アフリカ,第二次世界大戦後〜1970年代,1945,WH-000052-B02,beginner,時期,time,アフリカで17か国が独立し、「アフリカの年」と呼ばれた年は？,1960年,1960年,,,世界史の窓：アジア＝アフリカ会議／バンドン会議,https://www.y-history.net/appendix/wh1603-005.html
大学受験世界史・通史骨格55用語（全300問）,WH-000052,27,大学受験標準,運動,アジア・アフリカ諸国の独立,あじああふりかしょこくのどくりつ,脱植民地化,現代,アジア・アフリカ,南アジア・東南アジア・中東・アフリカ,第二次世界大戦後〜1970年代,1945,WH-000052-B03,beginner,会議,relation,1955年、新興独立国が平和共存や反植民地主義を確認した国際会議は？,アジア＝アフリカ会議,アジア＝アフリカ会議,バンドン会議|AA会議,,世界史の窓：アジア＝アフリカ会議／バンドン会議,https://www.y-history.net/appendix/wh1603-005.html
大学受験世界史・通史骨格55用語（全300問）,WH-000052,27,大学受験標準,運動,アジア・アフリカ諸国の独立,あじああふりかしょこくのどくりつ,脱植民地化,現代,アジア・アフリカ,南アジア・東南アジア・中東・アフリカ,第二次世界大戦後〜1970年代,1945,WH-000052-R01,reverse,時期,reverse,独立が進んだのはいつ頃？,第二次世界大戦直後からアジアで独立が相次ぎ、1950〜60年代にアフリカへ広がった。特に1960年は**アフリカの年**と呼ばれる。,第二次世界大戦後|1950〜60年代|アフリカの年|1960年,,,世界史の窓：アジア＝アフリカ会議／バンドン会議,https://www.y-history.net/appendix/wh1603-005.html
大学受験世界史・通史骨格55用語（全300問）,WH-000052,27,大学受験標準,運動,アジア・アフリカ諸国の独立,あじああふりかしょこくのどくりつ,脱植民地化,現代,アジア・アフリカ,南アジア・東南アジア・中東・アフリカ,第二次世界大戦後〜1970年代,1945,WH-000052-R02,reverse,原因・結果,reverse,なぜ進み、国際社会をどう変えた？,大戦でヨーロッパ列強が弱体化し、民族運動、民族自決、国際連合、米ソ冷戦下の環境を利用して独立が進み、**脱植民地化**が進展した。新興国は**アジア＝アフリカ会議**や非同盟運動を通じて**第三世界**として発言力を高めたが、国境紛争や旧宗主国への経済依存も残った。,ヨーロッパ列強の弱体化|民族運動|民族自決|国際連合|脱植民地化|アジア＝アフリカ会議|非同盟運動|第三世界|経済依存,,,世界史の窓：アジア＝アフリカ会議／バンドン会議,https://www.y-history.net/appendix/wh1603-005.html
大学受験世界史・通史骨格55用語（全300問）,WH-000052,27,大学受験標準,運動,アジア・アフリカ諸国の独立,あじああふりかしょこくのどくりつ,脱植民地化,現代,アジア・アフリカ,南アジア・東南アジア・中東・アフリカ,第二次世界大戦後〜1970年代,1945,WH-000052-I01,integrated,統合説明,integrated,「アジア・アフリカ諸国の独立」について説明せよ。,第二次世界大戦後、列強の弱体化・民族運動・民族自決を背景に、アジアからアフリカへ広がった**脱植民地化**。新興国は**アジア＝アフリカ会議**や非同盟運動を通じて**第三世界**として発言力を高めたが、国境紛争と旧宗主国への経済依存も残った。,脱植民地化|民族運動|民族自決|アジア＝アフリカ会議|非同盟運動|第三世界|経済依存,,,世界史の窓：アジア＝アフリカ会議／バンドン会議,https://www.y-history.net/appendix/wh1603-005.html
大学受験世界史・通史骨格55用語（全300問）,WH-000053,5,大学受験標準,時代・歴史区分,冷戦,れいせん,東西冷戦|冷たい戦争,現代,世界,アメリカ・ソ連を中心とする世界,第二次世界大戦後〜1989年／1991年,1947,WH-000053-B01,beginner,用語の特定,identify,第二次世界大戦後、アメリカ陣営とソ連陣営が世界を二分して対立した状態は？,冷戦,冷戦,東西冷戦|冷たい戦争,,世界史の窓：東西冷戦／冷たい戦争,https://www.y-history.net/appendix/wh1601-057.html
大学受験世界史・通史骨格55用語（全300問）,WH-000053,5,大学受験標準,時代・歴史区分,冷戦,れいせん,東西冷戦|冷たい戦争,現代,世界,アメリカ・ソ連を中心とする世界,第二次世界大戦後〜1989年／1991年,1947,WH-000053-B02,beginner,中心国家,actor,冷戦で二大超大国として対立した二国は？,アメリカとソ連,アメリカ|ソ連,ソ連とアメリカ|米ソ,,世界史の窓：東西冷戦／冷たい戦争,https://www.y-history.net/appendix/wh1601-057.html
大学受験世界史・通史骨格55用語（全300問）,WH-000053,5,大学受験標準,時代・歴史区分,冷戦,れいせん,東西冷戦|冷たい戦争,現代,世界,アメリカ・ソ連を中心とする世界,第二次世界大戦後〜1989年／1991年,1947,WH-000053-B03,beginner,組織,relation,1949年に結成された西側陣営の集団防衛機構は？,北大西洋条約機構,北大西洋条約機構,NATO|北大西洋条約機構（NATO）,,世界史の窓：東西冷戦／冷たい戦争,https://www.y-history.net/appendix/wh1601-057.html
大学受験世界史・通史骨格55用語（全300問）,WH-000053,5,大学受験標準,時代・歴史区分,冷戦,れいせん,東西冷戦|冷たい戦争,現代,世界,アメリカ・ソ連を中心とする世界,第二次世界大戦後〜1989年／1991年,1947,WH-000053-R01,reverse,時期,reverse,続いたのはいつ頃？,第二次世界大戦後に本格化し、1989年の**マルタ会談**で米ソ首脳が終結を宣言した。1991年のソ連崩壊で東西対立の構造は決定的に終わった。,第二次世界大戦後|マルタ会談|1989年|ソ連崩壊|1991年,,,世界史の窓：東西冷戦／冷たい戦争,https://www.y-history.net/appendix/wh1601-057.html
大学受験世界史・通史骨格55用語（全300問）,WH-000053,5,大学受験標準,時代・歴史区分,冷戦,れいせん,東西冷戦|冷たい戦争,現代,世界,アメリカ・ソ連を中心とする世界,第二次世界大戦後〜1989年／1991年,1947,WH-000053-R02,reverse,内容,reverse,何が起きた？,アメリカ中心の資本主義陣営とソ連中心の社会主義陣営が、軍事同盟・核軍拡・経済援助・宣伝で対立した。米ソは全面戦争を避けたが、朝鮮戦争・ベトナム戦争などの**代理戦争**、ベルリン危機、キューバ危機を引き起こし、緊張緩和と新冷戦を経て終結した。,資本主義陣営|社会主義陣営|軍事同盟|核軍拡|代理戦争|朝鮮戦争|ベトナム戦争|キューバ危機|緊張緩和,,,世界史の窓：東西冷戦／冷たい戦争,https://www.y-history.net/appendix/wh1601-057.html
大学受験世界史・通史骨格55用語（全300問）,WH-000053,5,大学受験標準,時代・歴史区分,冷戦,れいせん,東西冷戦|冷たい戦争,現代,世界,アメリカ・ソ連を中心とする世界,第二次世界大戦後〜1989年／1991年,1947,WH-000053-I01,integrated,統合説明,integrated,「冷戦」について説明せよ。,第二次世界大戦後、アメリカ中心の資本主義陣営とソ連中心の社会主義陣営が、軍事同盟・核軍拡・経済援助・**代理戦争**で対立した状態。全面戦争は避けつつ世界を二分し、緊張緩和と新冷戦を経て1989年の**マルタ会談**で終結が宣言され、1991年のソ連崩壊で構造が終わった。,資本主義陣営|社会主義陣営|軍事同盟|核軍拡|代理戦争|緊張緩和|マルタ会談|ソ連崩壊,,,世界史の窓：東西冷戦／冷たい戦争,https://www.y-history.net/appendix/wh1601-057.html
大学受験世界史・通史骨格55用語（全300問）,WH-000054,28,大学受験標準,事件・革命,中華人民共和国成立,ちゅうかじんみんきょうわこくせいりつ,中華人民共和国の建国,現代,東アジア,中国大陸・台湾海峡,1949年,1949,WH-000054-B01,beginner,用語の特定,identify,国共内戦に勝利した中国共産党が北京を首都に建てた国家は？,中華人民共和国,中華人民共和国,,,世界史の窓：中華人民共和国,https://www.y-history.net/appendix/wh1601-092.html
大学受験世界史・通史骨格55用語（全300問）,WH-000054,28,大学受験標準,事件・革命,中華人民共和国成立,ちゅうかじんみんきょうわこくせいりつ,中華人民共和国の建国,現代,東アジア,中国大陸・台湾海峡,1949年,1949,WH-000054-B02,beginner,時期,time,中華人民共和国が成立した年は？,1949年,1949年,,,世界史の窓：中華人民共和国,https://www.y-history.net/appendix/wh1601-092.html
大学受験世界史・通史骨格55用語（全300問）,WH-000054,28,大学受験標準,事件・革命,中華人民共和国成立,ちゅうかじんみんきょうわこくせいりつ,中華人民共和国の建国,現代,東アジア,中国大陸・台湾海峡,1949年,1949,WH-000054-B03,beginner,中心人物,person,1949年10月1日に中華人民共和国の成立を宣言した人物は？,毛沢東,毛沢東,,,世界史の窓：中華人民共和国,https://www.y-history.net/appendix/wh1601-092.html
大学受験世界史・通史骨格55用語（全300問）,WH-000054,28,大学受験標準,事件・革命,中華人民共和国成立,ちゅうかじんみんきょうわこくせいりつ,中華人民共和国の建国,現代,東アジア,中国大陸・台湾海峡,1949年,1949,WH-000054-R01,reverse,複合説明,reverse,何が起きた？,第二次国共内戦で**中国共産党**が国民党に勝利し、1949年10月1日に**毛沢東**が北京で建国を宣言した。共産党中心の社会主義国家が中国大陸に成立し、国民党政府は台湾へ移り、東アジアの冷戦構造を大きく変えた。,中国共産党|国民党|1949年10月1日|毛沢東|北京|台湾|冷戦,,,世界史の窓：中華人民共和国,https://www.y-history.net/appendix/wh1601-092.html
大学受験世界史・通史骨格55用語（全300問）,WH-000054,28,大学受験標準,事件・革命,中華人民共和国成立,ちゅうかじんみんきょうわこくせいりつ,中華人民共和国の建国,現代,東アジア,中国大陸・台湾海峡,1949年,1949,WH-000054-I01,integrated,統合説明,integrated,「中華人民共和国成立」について説明せよ。,第二次国共内戦で**中国共産党**が国民党に勝利し、1949年10月1日に**毛沢東**が北京で宣言した建国。中国大陸に共産党中心の社会主義国家が成立し、国民党政府は台湾へ移って、東アジアの冷戦構造が大きく変化した。,中国共産党|国民党|1949年10月1日|毛沢東|北京|台湾|冷戦,,,世界史の窓：中華人民共和国,https://www.y-history.net/appendix/wh1601-092.html
大学受験世界史・通史骨格55用語（全300問）,WH-000055,34,大学受験標準,事件・革命,ソ連崩壊,それんほうかい,ソ連解体|ソヴィエト連邦崩壊,現代,ヨーロッパ・北アジア,ソヴィエト連邦を構成した各共和国,1991年,1991,WH-000055-B01,beginner,用語の特定,identify,15の共和国から成る社会主義連邦国家が解体し、冷戦後の国際秩序を決定づけた出来事は？,ソ連崩壊,ソ連崩壊,ソ連解体|ソヴィエト連邦崩壊,,世界史の窓：ソヴィエト社会主義共和国連邦／ソ連,https://www.y-history.net/appendix/wh1501-117.html
大学受験世界史・通史骨格55用語（全300問）,WH-000055,34,大学受験標準,事件・革命,ソ連崩壊,それんほうかい,ソ連解体|ソヴィエト連邦崩壊,現代,ヨーロッパ・北アジア,ソヴィエト連邦を構成した各共和国,1991年,1991,WH-000055-B02,beginner,時期,time,ソ連が崩壊した年は？,1991年,1991年,,,世界史の窓：ソヴィエト社会主義共和国連邦／ソ連,https://www.y-history.net/appendix/wh1501-117.html
大学受験世界史・通史骨格55用語（全300問）,WH-000055,34,大学受験標準,事件・革命,ソ連崩壊,それんほうかい,ソ連解体|ソヴィエト連邦崩壊,現代,ヨーロッパ・北アジア,ソヴィエト連邦を構成した各共和国,1991年,1991,WH-000055-B03,beginner,組織,relation,ソ連解体の際、ロシア・ウクライナ・ベラルーシなどが結成した国家連合は？,独立国家共同体,独立国家共同体,CIS|独立国家共同体（CIS）,,世界史の窓：ソヴィエト社会主義共和国連邦／ソ連,https://www.y-history.net/appendix/wh1501-117.html
大学受験世界史・通史骨格55用語（全300問）,WH-000055,34,大学受験標準,事件・革命,ソ連崩壊,それんほうかい,ソ連解体|ソヴィエト連邦崩壊,現代,ヨーロッパ・北アジア,ソヴィエト連邦を構成した各共和国,1991年,1991,WH-000055-R01,reverse,複合説明,reverse,なぜ起き、何が起きた？,経済停滞と民族問題を背景に、**ゴルバチョフ**のペレストロイカとグラスノスチが改革と分離運動を加速させた。1991年8月の保守派クーデタ失敗後、各共和国が独立し、12月に**独立国家共同体**が成立、ゴルバチョフが辞任してソ連は消滅し、**冷戦**後の国際秩序が確定した。,経済停滞|民族問題|ゴルバチョフ|ペレストロイカ|グラスノスチ|保守派クーデタ|独立国家共同体|1991年|冷戦,,,世界史の窓：ソヴィエト社会主義共和国連邦／ソ連,https://www.y-history.net/appendix/wh1501-117.html
大学受験世界史・通史骨格55用語（全300問）,WH-000055,34,大学受験標準,事件・革命,ソ連崩壊,それんほうかい,ソ連解体|ソヴィエト連邦崩壊,現代,ヨーロッパ・北アジア,ソヴィエト連邦を構成した各共和国,1991年,1991,WH-000055-I01,integrated,統合説明,integrated,「ソ連崩壊」について説明せよ。,経済停滞と民族問題の中で、**ゴルバチョフ**のペレストロイカとグラスノスチが改革・分離運動を加速させ、1991年の保守派クーデタ失敗後に各共和国が独立した出来事。**独立国家共同体**成立とゴルバチョフ辞任によってソ連は消滅し、冷戦後の国際秩序が確定した。,経済停滞|民族問題|ゴルバチョフ|ペレストロイカ|グラスノスチ|保守派クーデタ|独立国家共同体|冷戦,,,世界史の窓：ソヴィエト社会主義共和国連邦／ソ連,https://www.y-history.net/appendix/wh1501-117.html
