term_id,level,unit,period,region,term,term_type,q1_axis,question_1,answer_1,q2_axis,question_2,answer_2,q3_axis,question_3,answer_3,q4_axis,question_4,answer_4,integrated_question,total_explanation,core_keywords
1,歴史の骨格,先史・古代文明,前1万年頃以降,西アジアを中心に世界各地,新石器革命,社会変化,定義,新石器革命では、人々の生活はどのように変わったか？,狩猟・採集中心の移動生活から、農耕・牧畜を基礎とする定住生活へ移った。,時期・地域,新石器革命は、いつ頃、どの地域から始まったか？,前1万年頃から西アジアなどで始まり、その後、世界各地で別々に進んだ。,原因・仕組み,農耕・牧畜の開始によって、なぜ定住が進んだのか？,作物の栽培や家畜の飼育には、同じ土地に継続して住み、管理する必要があったから。,影響,新石器革命は、その後の社会にどのような変化をもたらしたか？,人口増加、余剰生産、村落の成立、分業や身分差の発生を促し、都市や国家の土台となった。,新石器革命について、生活の変化と社会への影響をつなげて説明せよ。,新石器革命とは、前1万年頃から西アジアなどで始まった、狩猟・採集中心の生活から農耕・牧畜を基礎とする定住生活への転換である。食料を計画的に生産できるようになり、人口増加、余剰生産、分業、身分差が生まれ、村落・都市・国家の成立につながった。,農耕;牧畜;定住;余剰生産;人口増加;国家形成
2,歴史の骨格,先史・古代文明,前3500年頃以降,西アジア・ティグリス川とユーフラテス川流域,メソポタミア文明,文明,場所,メソポタミア文明は、どの地域に成立したか？,ティグリス川とユーフラテス川にはさまれた現在のイラク付近に成立した。,担い手・都市,メソポタミア文明初期の都市国家を築いた代表的な人々は誰か？,シュメール人で、ウルやウルクなどの都市国家を築いた。,特徴,メソポタミア文明では、記録のためにどのような文字が使われたか？,粘土板に刻む楔形文字が使われた。,影響,メソポタミア文明が後世に残した重要なものは何か？,都市国家、灌漑農業、文字記録、法典、暦など、国家運営の基本となる仕組みを発達させた。,メソポタミア文明について、成立地域・担い手・代表的特徴を説明せよ。,メソポタミア文明は、前3500年頃からティグリス川・ユーフラテス川流域に発達した文明である。シュメール人が都市国家を築き、灌漑農業を行い、楔形文字を用いた。後には諸王朝が興亡し、法典や暦など、国家と記録の仕組みを発達させた。,ティグリス川;ユーフラテス川;シュメール人;都市国家;楔形文字;灌漑
3,歴史の骨格,先史・古代文明,前3000年頃以降,北東アフリカ・ナイル川流域,エジプト文明,文明,場所,エジプト文明は、どの川の流域に成立したか？,ナイル川流域に成立した。,政治,古代エジプトの王は何と呼ばれ、どのような存在とされたか？,ファラオと呼ばれ、神聖な権威を持つ王とされた。,特徴,エジプト文明を代表する文字と建造物は何か？,神聖文字と、王の墓として築かれたピラミッドである。,影響・背景,ナイル川は、なぜエジプト文明の発展を支えたのか？,定期的な氾濫が肥沃な土を運び、農業生産と統一国家の維持を支えたから。,エジプト文明について、ナイル川・ファラオ・代表的文化を含めて説明せよ。,エジプト文明は、前3000年頃からナイル川流域に発達した文明である。定期的な氾濫を利用した農業を基盤に統一国家が成立し、神聖な王ファラオが支配した。神聖文字、ピラミッド、ミイラ、太陽暦など独自の文化を発達させた。,ナイル川;ファラオ;神聖文字;ピラミッド;統一国家;太陽暦
4,歴史の骨格,先史・古代文明,前6世紀〜前4世紀,西アジアからエジプト・中央アジア,アケメネス朝,王朝・帝国,成立,アケメネス朝を建て、大帝国の基礎を築いた人物は誰か？,キュロス2世である。,範囲,アケメネス朝は、どのような地域を支配したか？,イランを中心に、西アジア、エジプト、中央アジアにまたがる広大な地域を支配した。,統治,アケメネス朝は、広大な領土をどのように統治したか？,属州に分けてサトラップを置き、王の道や駅伝制で中央と地方を結んだ。,終焉,アケメネス朝は、誰によって滅ぼされたか？,前4世紀にアレクサンドロス大王によって滅ぼされた。,アケメネス朝について、成立・領域・統治方法・終焉を説明せよ。,アケメネス朝は、前6世紀にキュロス2世が建てた古代ペルシア帝国である。ダレイオス1世の時代に最盛期を迎え、属州とサトラップ、王の道、駅伝制を用いて広大な領土を統治した。前4世紀、アレクサンドロス大王に滅ぼされた。,キュロス2世;ダレイオス1世;サトラップ;王の道;ペルシア帝国;アレクサンドロス
5,歴史の骨格,先史・古代文明,前8世紀頃以降,古代ギリシア,ポリス,政治・社会制度,定義,ポリスとは何か？,古代ギリシアに成立した、都市と周辺農村からなる独立した都市国家である。,構造,ポリスの中心には、どのような場所があったか？,丘の上のアクロポリスと、市場・集会所であるアゴラがあった。,担い手,ポリスの政治を担ったのは、主にどのような人々か？,土地と武器を持つ男性市民であり、女性・奴隷・在留外人は政治から排除された。,特徴,ギリシア世界が一つの国家に統一されず、多様な政治制度を持ったのはなぜか？,山地と海で地域が分かれ、各ポリスが独立した共同体として発達したから。,ポリスについて、その構造・市民・政治的特徴を説明せよ。,ポリスとは、前8世紀頃から古代ギリシア各地に成立した独立した都市国家である。アクロポリスとアゴラを中心に、市民が共同体を構成した。各ポリスは独自の政治制度を持ち、アテネの民主政やスパルタの軍国的体制などが生まれた。,都市国家;アクロポリス;アゴラ;市民;アテネ;スパルタ
6,歴史の骨格,先史・古代文明,前6世紀〜前5世紀,古代ギリシア・アテネ,アテネ民主政,政治制度,成立,アテネ民主政の基礎を築いた改革者は誰か？,ソロンやクレイステネスであり、特にクレイステネスの改革で民主政の基礎が整った。,仕組み,アテネ民主政は、どのような政治の仕組みだったか？,男性市民が民会に参加して政策を直接決める直接民主政だった。,最盛期,アテネ民主政が最盛期を迎えたのは、誰の時代か？,前5世紀のペリクレスの時代である。,限界,アテネ民主政には、どのような限界があったか？,女性、奴隷、在留外人は市民とされず、政治参加できなかった。,アテネ民主政について、成立・仕組み・最盛期・限界を説明せよ。,アテネ民主政は、ソロンやクレイステネスの改革を経て成立し、前5世紀のペリクレス時代に最盛期を迎えた。男性市民が民会で直接政治に参加する制度だったが、女性・奴隷・在留外人は排除されており、現代の普通選挙とは異なる。,ソロン;クレイステネス;ペリクレス;民会;直接民主政;男性市民
7,歴史の骨格,先史・古代文明,前4世紀,マケドニアから西アジア・エジプト・北西インド,アレクサンドロス大王,人物,出身・立場,アレクサンドロス大王は、どの国の王だったか？,ギリシア北方のマケドニア王国の王だった。,遠征,アレクサンドロス大王は、どの帝国を滅ぼしたか？,アケメネス朝ペルシアを滅ぼした。,範囲,アレクサンドロス大王の遠征は、どこまで達したか？,エジプト、西アジア、中央アジアを経て、北西インドまで達した。,影響,アレクサンドロス大王の遠征は、文化面で何をもたらしたか？,ギリシア文化と西アジア・エジプトなどの文化が融合するヘレニズム文化を生んだ。,アレクサンドロス大王について、遠征の範囲と歴史的影響を説明せよ。,アレクサンドロス大王は、前4世紀のマケドニア王である。アケメネス朝を滅ぼし、エジプトから北西インドに及ぶ大帝国を築いた。死後、帝国は分裂したが、遠征を通じてギリシア文化が各地に広まり、ヘレニズム文化が形成された。,マケドニア;アケメネス朝;東方遠征;北西インド;ヘレニズム文化
8,歴史の骨格,先史・古代文明,前27年〜395年、東西分裂後も東帝国は継続,地中海世界,ローマ帝国,国家・帝国,成立,ローマ帝国の始まりは、一般に誰が元首となった前何年とされるか？,オクタウィアヌスがアウグストゥスの称号を受けた前27年とされる。,範囲,ローマ帝国は、どの海を囲む広大な地域を支配したか？,地中海を囲むヨーロッパ・西アジア・北アフリカを支配した。,統治・文化,ローマ帝国が広い領域を結びつけるうえで役立ったものは何か？,道路網、都市、ローマ法、共通の行政制度などである。,変化,ローマ帝国は、その後どのように分裂・滅亡したか？,395年に東西に分裂し、西ローマ帝国は476年に滅亡したが、東ローマ帝国は存続した。,ローマ帝国について、成立・領域・統治・分裂を説明せよ。,ローマ帝国は、前27年にオクタウィアヌスがアウグストゥスとなって成立した。地中海を囲む広大な地域を道路、都市、軍隊、ローマ法で結び、長期の秩序を築いた。395年に東西分裂し、西ローマ帝国は476年に滅亡した。,アウグストゥス;地中海;ローマ法;道路網;395年;476年
9,歴史の骨格,先史・古代文明,1世紀以降,パレスチナからローマ帝国、のち世界各地,キリスト教,宗教,成立,キリスト教は、誰の教えをもとに成立したか？,1世紀のパレスチナで活動したイエスの教えをもとに成立した。,教え,キリスト教の中心的な考えは何か？,唯一神への信仰と、イエスを救い主と信じることによる救いである。,公認,ローマ帝国でキリスト教が公認されたのはいつ、誰の時代か？,313年、コンスタンティヌス帝の時代にミラノ勅令で公認された。,影響,キリスト教は、ヨーロッパ史にどのような影響を与えたか？,ローマ帝国末期に国教化され、中世ヨーロッパの政治・社会・文化を形づくる中心的宗教となった。,キリスト教について、成立・教え・ローマ帝国での公認と影響を説明せよ。,キリスト教は、1世紀のパレスチナで活動したイエスの教えをもとに成立した一神教である。使徒たちによってローマ帝国各地へ広まり、313年に公認され、4世紀末には国教化された。中世以降のヨーロッパ社会と文化に大きな影響を与えた。,イエス;一神教;救い;ミラノ勅令;コンスタンティヌス帝;国教化
10,歴史の骨格,南アジア史,前2600年頃〜前1900年頃,インダス川流域,インダス文明,文明,場所,インダス文明は、どの地域に成立したか？,現在のパキスタンを中心とするインダス川流域に成立した。,都市,インダス文明を代表する都市は何か？,モエンジョ＝ダーロとハラッパーである。,特徴,インダス文明の都市には、どのような特徴があったか？,整然とした街路、焼きレンガの建物、排水設備などを備えた計画都市だった。,未解明点,インダス文明の社会が完全には解明されていない大きな理由は何か？,インダス文字がまだ十分に解読されていないから。,インダス文明について、時期・地域・都市の特徴・未解明点を説明せよ。,インダス文明は、前2600年頃からインダス川流域に栄えた都市文明である。モエンジョ＝ダーロやハラッパーには計画的な街路と高度な排水設備があった。広域交易も行われたが、インダス文字が未解読のため、政治や宗教には不明点が多い。,インダス川;モエンジョ＝ダーロ;ハラッパー;計画都市;排水設備;インダス文字
11,歴史の骨格,南アジア史,前2千年紀後半以降,古代インド,ヴァルナ制,社会制度,定義,ヴァルナ制とは何か？,古代インド社会を、宗教的・社会的役割にもとづいて四つの身分に分ける考え方である。,区分,四つの主要なヴァルナは何か？,バラモン、クシャトリヤ、ヴァイシャ、シュードラである。,序列,ヴァルナ制で最上位とされたのは誰か？,祭祀を担うバラモンである。,発展,ヴァルナ制は、後のインド社会でどのように複雑化したか？,職業や地域ごとの細かな集団であるジャーティと結びつき、複雑な身分秩序となった。,ヴァルナ制について、四身分と後世への発展を説明せよ。,ヴァルナ制は、古代インド社会をバラモン、クシャトリヤ、ヴァイシャ、シュードラの四身分に分ける考え方である。宗教的な清浄・不浄や職業と結びつき、後には地域・職業ごとのジャーティと重なって、複雑な社会秩序を形成した。,バラモン;クシャトリヤ;ヴァイシャ;シュードラ;ジャーティ;身分秩序
12,歴史の骨格,南アジア史,前2千年紀後半〜前1千年紀,古代インド,バラモン教,宗教,成立,バラモン教は、どのような宗教をもとに発達したか？,アーリヤ人のヴェーダ信仰をもとに発達した。,担い手,バラモン教で祭祀を独占したのは誰か？,司祭階級であるバラモンである。,特徴,バラモン教では、何が重視されたか？,ヴェーダにもとづく祭祀と、身分秩序が重視された。,変化,バラモン教は、その後どの宗教へ発展していったか？,民間信仰や新しい神々を取り込み、ヒンドゥー教へ発展していった。,バラモン教について、成立・担い手・特徴・後世への変化を説明せよ。,バラモン教は、アーリヤ人のヴェーダ信仰をもとに古代インドで発達した宗教である。司祭階級バラモンが祭祀を担い、ヴェーダと身分秩序を重視した。やがて業・輪廻などの思想や民間信仰を取り込み、ヒンドゥー教の基盤となった。,アーリヤ人;ヴェーダ;バラモン;祭祀;輪廻;ヒンドゥー教
13,歴史の骨格,南アジア史,前5世紀頃以降,北インドからアジア各地,仏教,宗教,開祖,仏教を開いた人物は誰か？,ゴータマ＝シッダールタ、すなわちブッダである。,成立背景,仏教は、どのような社会や宗教への疑問から成立したか？,バラモン中心の祭祀や身分秩序への疑問を背景に成立した。,教え,仏教が説いた、人間の苦しみから抜け出す道は何か？,欲望や執着の原因を見つめ、八正道を実践して悟りに至ることである。,拡大,仏教は、誰の保護によってインド内外へ広がったか？,マウリヤ朝のアショーカ王の保護を受け、各地へ広がった。,仏教について、成立背景・開祖・中心的教え・広がりを説明せよ。,仏教は、前5世紀頃に北インドでゴータマ＝シッダールタが開いた宗教である。祭祀や身分よりも、苦しみの原因である執着を離れ、正しい実践によって悟りに至ることを説いた。アショーカ王の保護などにより、中央・東南・東アジアへ広がった。,ゴータマ＝シッダールタ;ブッダ;四諦;八正道;悟り;アショーカ王
14,歴史の骨格,南アジア史,前4世紀末〜前2世紀初め,北インドを中心に南アジア,マウリヤ朝,王朝・帝国,成立,マウリヤ朝を建てた人物は誰か？,チャンドラグプタである。,特徴,マウリヤ朝は、インド史上どのような意味を持つ王朝か？,北インドを中心に、インド亜大陸の広い範囲を初めて統一した大帝国である。,最盛期,マウリヤ朝が最盛期を迎えたのは、誰の時代か？,アショーカ王の時代である。,影響,アショーカ王は、統治と宗教の面で何を行ったか？,ダルマにもとづく統治を掲げ、仏教を保護して各地へ広めた。,マウリヤ朝について、建国者・統一・最盛期・仏教との関係を説明せよ。,マウリヤ朝は、前4世紀末にチャンドラグプタが建てた、インド亜大陸初の大統一帝国である。アショーカ王の時代に最盛期を迎え、戦争の反省からダルマにもとづく統治を掲げた。仏教を保護し、そのアジア各地への伝播を後押しした。,チャンドラグプタ;統一帝国;アショーカ王;ダルマ;仏教保護
15,歴史の骨格,南アジア史,紀元前後から発展、4世紀頃以降定着,南アジアを中心に世界各地,ヒンドゥー教,宗教,成立,ヒンドゥー教は、どの宗教を基盤に形成されたか？,バラモン教を基盤に、民間信仰やさまざまな神々への信仰を取り込んで形成された。,神々,ヒンドゥー教で特に広く信仰される代表的な神は誰か？,ヴィシュヌ神やシヴァ神などである。,教え,ヒンドゥー教の生活観を支える重要な考えは何か？,業、輪廻、ダルマなどの考えである。,影響,ヒンドゥー教は、南アジア社会にどのような影響を与えたか？,宗教だけでなく、身分・家族・祭礼・芸術など生活全体の基盤となった。,ヒンドゥー教について、成立・代表的な神・中心思想・社会的影響を説明せよ。,ヒンドゥー教は、バラモン教を基盤に民間信仰や多様な神々への信仰を取り込んで形成された宗教である。ヴィシュヌやシヴァを信仰し、業・輪廻・ダルマを重視する。南アジアの身分、家族、祭礼、文化に深く結びついた。,バラモン教;ヴィシュヌ;シヴァ;業;輪廻;ダルマ
16,歴史の骨格,東アジア史,前11世紀頃〜前256年,黄河流域を中心とする中国,周,王朝,成立,周は、どの王朝を倒して成立したか？,殷を倒して成立した。,統治,周は、広い領域をどのような仕組みで支配したか？,王族や功臣を諸侯として各地に置く封建制で支配した。,正当化,周の王は、支配の正当性をどのような考えで説明したか？,徳を失った王朝には天が支配権を与えないという天命思想で説明した。,変化,周の力が衰えた後、中国はどの時代に入ったか？,春秋・戦国時代に入り、諸国が争った。,周について、成立・封建制・天命思想・衰退後の時代を説明せよ。,周は、前11世紀頃に殷を倒して成立した王朝である。王族や功臣を諸侯として各地に配置する封建制を用い、天命思想によって支配を正当化した。王権が弱まると春秋・戦国時代となり、諸国間の競争から新しい思想や制度が生まれた。,殷;封建制;諸侯;天命思想;春秋時代;戦国時代
17,歴史の骨格,東アジア史,前6世紀頃以降,中国から東アジア各地,儒教,思想,提唱者,儒教の祖とされる人物は誰か？,春秋時代の孔子である。,教え,孔子は、社会秩序を保つために何を重視したか？,仁、礼、親子や君臣などの人間関係における道徳を重視した。,国家との関係,儒教は、どの王朝以降、中国王朝の統治思想として重視されたか？,漢代以降、官僚教育と国家統治の中心的思想となった。,影響,儒教は、中国以外のどの地域に影響を与えたか？,朝鮮、日本、ベトナムなど東アジア各地に広がり、政治・教育・家族倫理に影響した。,儒教について、孔子の教えと国家・東アジア社会への影響を説明せよ。,儒教は、前6世紀頃の孔子に始まる思想で、仁や礼を重んじ、家族や君臣の関係を道徳によって整えることを説いた。漢代以降は官僚教育と統治の中心となり、科挙を通じて広まり、中国だけでなく朝鮮・日本・ベトナムにも大きな影響を与えた。,孔子;仁;礼;徳治;漢;科挙;東アジア
18,歴史の骨格,東アジア史,前221年〜前206年,中国,秦,王朝,統一,秦が中国を統一したのは前何年で、統一者は誰か？,前221年で、統一者は始皇帝である。,制度,秦は、地方支配にどのような制度を採用したか？,中央から役人を派遣する郡県制を採用した。,統一政策,秦は、国内統一のために何を標準化したか？,文字、度量衡、貨幣、車軌などを統一した。,影響,秦は短命だったにもかかわらず、なぜ重要なのか？,皇帝を頂点とする中央集権国家の基本形をつくり、後の中国王朝に受け継がれたから。,秦について、中国統一・制度・標準化・歴史的意義を説明せよ。,秦は、前221年に始皇帝が中国を初めて統一して建てた王朝である。郡県制を全国に広げ、文字・度量衡・貨幣などを統一し、法家思想にもとづく中央集権を進めた。厳しい統治で短期間に滅びたが、皇帝国家の基本形を残した。,前221年;始皇帝;郡県制;文字統一;度量衡;中央集権
19,歴史の骨格,東アジア史,前202年〜220年,中国を中心に東アジア・中央アジア,漢,王朝,成立,漢を建てた人物は誰か？,劉邦、すなわち高祖である。,統治,漢は、秦の制度を受け継ぎながら、統治思想として何を重視したか？,中央集権制度を受け継ぎつつ、儒教を国家統治に取り入れた。,拡大,武帝の時代、漢はどの方向へ勢力を広げたか？,匈奴と戦い、西域や朝鮮半島北部などへ勢力を広げた。,影響,漢が東アジア史で重要なのはなぜか？,中国王朝の統治・文化の基本形を整え、漢字や漢民族という名称にも影響を残したから。,漢について、建国・統治・武帝の拡大・後世への影響を説明せよ。,漢は、前202年に劉邦が建てた王朝である。秦の中央集権制度を受け継ぎながら統治を安定させ、武帝の時代には儒教を重視し、西域へ進出した。シルクロード交易も発展し、中国王朝の制度と文化の基本形を確立した。,劉邦;武帝;儒教;中央集権;西域;シルクロード
20,歴史の骨格,東アジア史,前2世紀頃以降,中国・中央アジア・西アジア・地中海世界,シルクロード,交易路・交流,定義,シルクロードとは何か？,中国と中央アジア、西アジア、地中海世界を結んだ複数の陸上交易路の総称である。,発展,シルクロードが本格的に開かれるきっかけとなった中国王朝の活動は何か？,漢の武帝が西域へ張騫を派遣し、中央アジアとの交通を広げたこと。,交易品,シルクロードでは、中国から西方へ何が運ばれたか？,絹などが運ばれ、西方からは馬、宝石、ガラス製品などがもたらされた。,文化交流,シルクロードは、物品以外に何を伝えたか？,仏教、イスラーム教、技術、芸術、疫病なども地域を越えて伝えた。,シルクロードについて、経路・成立の契機・交易品・文化交流を説明せよ。,シルクロードは、中国から中央アジア、西アジアを経て地中海世界へつながる複数の陸上交易路の総称である。漢の西域進出以降に活発化し、絹や馬などの商品だけでなく、仏教・イスラーム教、技術、芸術、疫病も伝えた。,漢;張騫;西域;絹;中央アジア;宗教伝播
21,歴史の骨格,東アジア史,220年〜589年,中国,魏晋南北朝,時代区分,定義,魏晋南北朝とは、どのような時代か？,後漢滅亡後から隋の統一まで、中国が複数の王朝に分裂した時代である。,政治,この時代、中国の北方と南方にはどのような政権が並立したか？,北方には北方民族系の王朝、南方には漢人系の王朝が並立した。,社会変化,魏晋南北朝時代に、北方の戦乱は人口移動にどのような影響を与えたか？,多くの漢人が江南へ移住し、南方の開発が進んだ。,文化,魏晋南北朝時代に、中国社会へ広く浸透した宗教は何か？,仏教が広まり、石窟寺院や仏教美術も発達した。,魏晋南北朝について、分裂・民族移動・江南開発・仏教の広がりを説明せよ。,魏晋南北朝は、220年の後漢滅亡後から589年の隋による統一まで続いた中国の分裂時代である。北方民族の王朝と南方の漢人王朝が並立し、戦乱による人口移動で江南の開発が進んだ。民族融合と仏教の普及も進み、隋・唐統一の土台となった。,後漢滅亡;分裂;北方民族;江南開発;仏教;隋
22,歴史の骨格,東アジア史,618年〜907年,中国を中心に東アジア・中央アジア,唐,王朝,成立,唐を建てた一族は何氏で、初代皇帝は誰か？,李氏で、初代皇帝は高祖・李淵である。,都,唐の都で、国際都市として栄えた都市はどこか？,長安である。,制度,唐が整えた代表的な土地・税・軍事制度は何か？,均田制、租庸調制、府兵制である。,変化,唐の繁栄が大きく揺らぐきっかけとなった反乱は何か？,8世紀半ばの安史の乱である。,唐について、成立・都・制度・国際性・衰退の転機を説明せよ。,唐は、618年に李淵が建てた王朝で、都の長安は東西の人・物・宗教が集まる国際都市となった。均田制・租庸調制・府兵制を整え、東アジアに強い影響を与えた。安史の乱後は節度使が自立し、中央の力が弱まった。,李淵;長安;均田制;租庸調制;府兵制;安史の乱
23,歴史の骨格,東アジア史,960年〜1279年,中国,宋,王朝,成立,宋を建てた人物は誰か？,趙匡胤、すなわち太祖である。,政治,宋は、武人の反乱を防ぐため、どのような政治を進めたか？,文官を重視する文治主義を進めた。,経済,宋代に商業と都市が発達したことを示す代表的な変化は何か？,貨幣経済が発達し、世界初期の紙幣である交子が使われ、海上貿易も拡大した。,技術・文化,宋代に発達し、世界史に大きな影響を与えた技術は何か？,活版印刷、火薬、羅針盤などである。,宋について、文治主義・商業発展・技術革新・対外関係を説明せよ。,宋は、960年に趙匡胤が建てた王朝である。武人を抑えて文官と科挙を重視し、商業・都市・海上貿易が大きく発展した。紙幣、印刷、火薬、羅針盤なども普及した一方、遼・金・モンゴルなど北方勢力の圧力を受けた。,趙匡胤;文治主義;科挙;交子;海上貿易;印刷;火薬;羅針盤
24,歴史の骨格,東アジア史,1271年〜1368年,中国を中心にユーラシア,元,王朝,成立,元を建て、中国全土を支配したモンゴル皇帝は誰か？,フビライ＝ハンである。,都,元の都はどこに置かれたか？,大都、現在の北京に置かれた。,統治,元では、支配集団と被支配集団の間にどのような身分差があったか？,モンゴル人を最上位とし、色目人、漢人、南人を区別する身分的な扱いがあった。,交流,元の時代に、ユーラシア規模の交流が活発になったのはなぜか？,モンゴル系政権が広域を支配し、陸上・海上の交通と交易を保護したから。,元について、建国者・都・民族支配・ユーラシア交流を説明せよ。,元は、フビライ＝ハンが1271年に国号を定め、南宋を滅ぼして中国全土を支配したモンゴル王朝である。都を大都に置き、民族ごとに異なる扱いを行った。モンゴル諸政権との交通を背景に、ユーラシア規模の交易と人的交流が活発になった。,フビライ;大都;モンゴル人;色目人;南宋;ユーラシア交流
25,歴史の骨格,東アジア史,1368年〜1644年,中国,明,王朝,成立,明を建てた人物は誰か？,朱元璋、すなわち洪武帝である。,政治,洪武帝は、皇帝権力を強めるために何を廃止したか？,宰相制度を廃止し、皇帝が行政を直接統轄する体制を強めた。,対外活動,永楽帝の時代に大規模な南海遠征を行った人物は誰か？,鄭和である。,経済・終焉,明の経済と滅亡に関わった重要な要素は何か？,銀を中心とする経済が発達した一方、財政難・農民反乱が深まり、李自成の反乱で滅亡した。,明について、建国・皇帝独裁・鄭和・銀経済・滅亡を説明せよ。,明は、1368年に朱元璋が建てた漢人王朝である。宰相を廃止して皇帝独裁を強め、永楽帝は北京へ遷都し、鄭和を南海遠征に派遣した。銀経済と海外交易が発達したが、財政難や農民反乱が進み、1644年に滅亡した。,朱元璋;洪武帝;宰相廃止;永楽帝;鄭和;銀経済;李自成
26,歴史の骨格,東アジア史,1644年〜1912年,中国・内陸アジア,清,王朝,成立,清を建て、中国を支配した民族は何か？,満洲人である。,統治,清は、少数の満洲人による支配をどのように安定させたか？,八旗を軍事的基盤としつつ、中国の官僚制度や科挙を利用し、満洲人と漢人を併用した。,領域,清は、どのような地域へ領土を拡大したか？,モンゴル、新疆、チベットなど内陸アジアへ支配を広げた。,衰退,19世紀以降、清の支配が揺らいだ主な要因は何か？,人口増加、反乱、西欧列強の侵入、不平等条約、改革の遅れなどである。,清について、満洲人支配・領土拡大・統治方法・19世紀以降の危機を説明せよ。,清は、満洲人が建て、1644年から中国を支配した王朝である。八旗を基盤にしながら中国の官僚制度を利用し、康熙・雍正・乾隆帝の時代にモンゴル・新疆・チベットへ領土を広げた。19世紀には列強の侵入と国内反乱で弱体化し、1912年に滅亡した。,満洲人;八旗;康熙帝;乾隆帝;内陸アジア;不平等条約;1912年
27,歴史の骨格,東アジア史,隋代に整備、唐〜清で発展、1905年廃止,中国を中心に東アジア,科挙,官僚登用制度,定義,科挙とは何か？,主に儒教の経典や文章作成能力を試し、官僚を選ぶ試験制度である。,成立・発展,科挙は、どの王朝で整備され、どの王朝で特に発達したか？,隋で整備され、唐を経て宋で大きく発達した。,意義,科挙は、世襲貴族中心の政治にどのような変化を与えたか？,試験合格者を官僚に登用することで、皇帝に従う文官層を育て、貴族の力を弱めた。,限界・終焉,科挙にはどのような限界があり、いつ廃止されたか？,教育を受けられる富裕層に有利で、内容も古典中心だった。清末の1905年に廃止された。,科挙について、内容・成立・政治的意義・限界を説明せよ。,科挙は、儒教経典や文章能力を試して官僚を選ぶ試験制度である。隋で整備され、唐・宋以降に発達し、皇帝に仕える文官層を形成した。世襲貴族の力を弱め、一定の社会移動を可能にしたが、教育機会は不平等で、1905年に廃止された。,隋;唐;宋;儒教経典;文官;皇帝権力;1905年
28,歴史の骨格,イスラーム・中央ユーラシア史,約570年〜632年,アラビア半島,ムハンマド,人物,出身,ムハンマドは、どの都市の出身か？,アラビア半島のメッカ出身である。,啓示,ムハンマドは、いつ頃から神の啓示を受けたと説いたか？,610年頃から唯一神アッラーの啓示を受けたと説いた。,転機,ムハンマドが622年にメッカからメディナへ移った出来事を何というか？,ヒジュラであり、イスラーム暦の元年とされた。,影響,ムハンマドは晩年までに、アラビア半島にどのような変化をもたらしたか？,信仰共同体ウンマを形成し、宗教と政治を結びつけてアラビア半島の多くを統合した。,ムハンマドについて、啓示・ヒジュラ・ウンマ・アラビア統合を説明せよ。,ムハンマドは、メッカ出身の商人で、610年頃から唯一神アッラーの啓示を受けたと説いた。迫害を受け、622年にメディナへヒジュラし、信仰共同体ウンマを形成した。のちにメッカを支配し、632年までにアラビア半島の多くをイスラームのもとに統合した。,メッカ;610年;アッラー;622年;ヒジュラ;メディナ;ウンマ
29,歴史の骨格,イスラーム・中央ユーラシア史,7世紀以降,アラビア半島から世界各地,イスラーム教,宗教,成立,イスラーム教は、誰によって7世紀に始められたか？,ムハンマドによって始められた。,教典,イスラーム教の聖典は何か？,クルアーンである。,教え,イスラーム教徒が実践すべき基本的義務をまとめたものを何というか？,信仰告白、礼拝、喜捨、断食、巡礼からなる五行である。,共同体・拡大,イスラーム教は、どのような共同体をつくり、どのように広がったか？,信仰共同体ウンマをつくり、征服、交易、移住、布教を通じてアジア・アフリカへ広がった。,イスラーム教について、成立・教典・五行・ウンマ・広がりを説明せよ。,イスラーム教は、7世紀にムハンマドが始めた一神教で、唯一神アッラーへの服従を説く。聖典はクルアーンで、信徒は五行を実践する。信仰共同体ウンマを基礎に、征服だけでなく交易や布教を通じて西アジア、アフリカ、南・東南アジアへ広がった。,ムハンマド;アッラー;クルアーン;五行;ウンマ;交易;布教
30,歴史の骨格,イスラーム・中央ユーラシア史,632年以降,イスラーム世界,カリフ,政治・宗教的称号,定義,カリフとは何か？,ムハンマド死後、イスラーム共同体を率いた後継者の称号である。,初期,ムハンマド直後の4人のカリフは、まとめて何と呼ばれるか？,正統カリフと呼ばれる。,役割,初期のカリフは、どのような役割を担ったか？,ウンマの政治・軍事指導者として統治し、イスラーム勢力を拡大した。,変化,カリフの権威は、後世どのように変化したか？,政治権力が地方王朝やスルタンへ分散し、宗教的権威のみを残す場合も増えた。,カリフについて、意味・正統カリフ・役割・後世の変化を説明せよ。,カリフは、ムハンマドの死後にイスラーム共同体を率いた後継者の称号である。初期の正統カリフは政治・軍事を指導し、領土を急速に拡大した。ウマイヤ朝・アッバース朝では世襲化し、のちには実権が地方王朝やスルタンへ移って権威が分散した。,後継者;正統カリフ;ウンマ;ウマイヤ朝;アッバース朝;スルタン
31,歴史の骨格,イスラーム・中央ユーラシア史,661年〜750年,西アジア・北アフリカ・イベリア半島・中央アジア,ウマイヤ朝,王朝・カリフ国家,成立・都,ウマイヤ朝はいつ成立し、都をどこに置いたか？,661年に成立し、都をダマスクスに置いた。,範囲,ウマイヤ朝の領土は、どこからどこまで広がったか？,西はイベリア半島、東は中央アジア・インド西北部まで広がった。,統治,ウマイヤ朝の統治は、なぜ非アラブ系ムスリムの不満を招いたか？,アラブ人を優遇し、改宗した非アラブ人にも差別的な負担を残したから。,終焉,ウマイヤ朝は、誰によって倒されたか？,750年にアッバース家を中心とする革命で倒された。,ウマイヤ朝について、都・拡大・アラブ人優遇・滅亡を説明せよ。,ウマイヤ朝は、661年に成立し、ダマスクスを都とした最初の世襲カリフ王朝である。イベリア半島から中央アジアまで征服したが、アラブ人中心の支配が非アラブ系ムスリムの不満を招いた。750年、アッバース革命によって倒された。,661年;ダマスクス;世襲カリフ;イベリア半島;アラブ人優遇;750年
32,歴史の骨格,イスラーム・中央ユーラシア史,750年〜1258年,西アジアを中心とするイスラーム世界,アッバース朝,王朝・カリフ国家,成立・都,アッバース朝はいつ成立し、都をどこに置いたか？,750年に成立し、のちに都をバグダードに置いた。,統治,アッバース朝は、ウマイヤ朝と比べてどのような統治を行ったか？,非アラブ系ムスリムも広く登用し、ペルシア系官僚制度を取り入れた。,文化,アッバース朝の時代に、学問と文化が栄えた背景は何か？,広域交易と都市の繁栄を背景に、ギリシア・ペルシア・インドの知識を吸収したから。,終焉,バグダードのアッバース朝は、いつ、誰に滅ぼされたか？,1258年にモンゴル軍のフラグによって滅ぼされた。,アッバース朝について、成立・統治・文化的繁栄・終焉を説明せよ。,アッバース朝は、750年にウマイヤ朝を倒して成立し、バグダードを都としたカリフ王朝である。非アラブ系ムスリムを取り込み、ペルシア系官僚制度を利用した。交易と都市が栄え、学問・科学・翻訳が発達したが、実権は分散し、1258年にモンゴル軍に滅ぼされた。,750年;バグダード;非アラブ系ムスリム;ペルシア官僚;翻訳;1258年
33,歴史の骨格,イスラーム・中央ユーラシア史,7世紀以降,イスラーム世界,スンナ派・シーア派,宗派,分裂原因,スンナ派とシーア派の分裂は、何をめぐる対立から始まったか？,ムハンマド死後、誰が共同体の指導者となるべきかをめぐる対立から始まった。,スンナ派,スンナ派は、指導者の正統性をどのように考えたか？,共同体が認めたカリフを正統な指導者とし、慣行であるスンナを重視した。,シーア派,シーア派は、誰の家系に特別な指導権があると考えたか？,ムハンマドの従弟で娘婿のアリーと、その子孫に指導権があると考えた。,影響,この宗派分裂は、後世のイスラーム世界にどのような影響を与えたか？,宗教儀礼や法学だけでなく、王朝の正統性や現代の地域政治にも影響を残した。,スンナ派とシーア派について、分裂の原因と両者の違いを説明せよ。,スンナ派とシーア派の分裂は、ムハンマド死後の指導者継承をめぐる対立から始まった。スンナ派は共同体が認めたカリフとスンナを重視し、シーア派はアリーとその子孫であるイマームに特別な権威を認める。宗教と政治の両面で長く影響した。,後継者問題;カリフ;スンナ;アリー;イマーム;宗派
34,歴史の骨格,イスラーム・中央ユーラシア史,11世紀〜12世紀,イラン・イラク・アナトリア,セルジューク朝,王朝,担い手,セルジューク朝を建てたのは、どのような人々か？,中央アジアから西方へ進出したトルコ系遊牧民である。,政治,セルジューク朝の支配者は、カリフからどの称号を認められたか？,スルタンの称号を認められた。,役割分担,セルジューク朝のもとで、カリフとスルタンはどのような関係になったか？,カリフが宗教的権威を持ち、スルタンが政治・軍事の実権を握った。,影響,セルジューク朝のアナトリア進出は、ヨーロッパ側のどの運動の背景となったか？,ビザンツ帝国の救援要請を通じて、十字軍の背景となった。,セルジューク朝について、民族・スルタン・カリフとの関係・十字軍との関連を説明せよ。,セルジューク朝は、11世紀に西アジアへ進出したトルコ系のスンナ派王朝である。バグダードに入り、カリフからスルタンの称号を得て政治・軍事の実権を握った。アナトリアへ勢力を広げたことが、ビザンツ帝国の危機と十字軍派遣の背景になった。,トルコ系;スンナ派;スルタン;カリフ;アナトリア;十字軍
35,歴史の骨格,イスラーム・中央ユーラシア史,1206年〜13世紀後半,ユーラシア大陸,モンゴル帝国,帝国,成立,モンゴル帝国を建てた人物は誰で、いつ大ハンに選ばれたか？,チンギス＝ハンで、1206年に大ハンに選ばれた。,範囲,モンゴル帝国は、どのような規模の帝国となったか？,東アジアから東ヨーロッパ・西アジアまで広がる、史上最大級の陸上帝国となった。,軍事・統治,モンゴル軍が急速に拡大できた主な理由は何か？,騎馬軍事力、十進法的な組織、情報伝達、降伏者の技術利用を組み合わせたから。,影響,モンゴル帝国は、ユーラシア交流にどのような影響を与えたか？,交通路を保護し、人・物・技術・宗教の移動を活発にした一方、征服と疫病拡散ももたらした。,モンゴル帝国について、建国・領域・軍事的特徴・ユーラシア交流への影響を説明せよ。,モンゴル帝国は、1206年にチンギス＝ハンが諸部族を統一して建てた帝国である。優れた騎馬軍事力と組織でユーラシア各地を征服し、死後は複数のハン国へ分かれた。広域交通を安全にし、交易と文化交流を促したが、破壊や疫病拡散も伴った。,1206年;チンギス＝ハン;騎馬軍;ハン国;ユーラシア交易;パクス＝モンゴリカ
36,歴史の骨格,イスラーム・中央ユーラシア史,13世紀末頃〜1922年,アナトリア・バルカン・西アジア・北アフリカ,オスマン帝国,帝国,成立・担い手,オスマン帝国は、どの地域で成立したトルコ系国家か？,アナトリア北西部で成立したトルコ系イスラーム国家である。,転機,オスマン帝国が1453年に征服した都市はどこか？,コンスタンティノープルである。,統治,オスマン帝国は、多民族・多宗教社会をどのように統治したか？,スルタンを頂点に官僚・軍隊を整え、宗教共同体に一定の自治を認めた。,終焉,オスマン帝国は、どの戦争後に解体され、いつ消滅したか？,第一次世界大戦後に解体が進み、1922年にスルタン制が廃止された。,オスマン帝国について、成立・1453年・多民族統治・解体を説明せよ。,オスマン帝国は、13世紀末頃にアナトリアで成立したトルコ系イスラーム国家である。1453年にコンスタンティノープルを征服し、バルカン・西アジア・北アフリカへ拡大した。多民族・多宗教を統治する仕組みを持ったが、第一次世界大戦後に解体され、1922年に消滅した。,アナトリア;1453年;コンスタンティノープル;スルタン;多民族統治;第一次世界大戦
37,歴史の骨格,イスラーム・中央ユーラシア史,1526年〜1858年,インド亜大陸,ムガル帝国,帝国,成立,ムガル帝国を建てた人物は誰か？,ティムールとチンギス＝ハンの系譜を称したバーブルである。,最盛期,宗教融和を進め、帝国の基礎を固めた皇帝は誰か？,アクバルである。,文化,ムガル帝国では、どのような文化が形成されたか？,ペルシア系イスラーム文化とインド文化が融合し、建築・絵画・言語が発達した。,衰退,ムガル帝国が衰退し、最終的に消滅した背景は何か？,地方勢力の自立、宗教対立、ヨーロッパ商人の進出が進み、1857年の反乱後にイギリスが皇帝を廃した。,ムガル帝国について、建国・アクバル・文化融合・衰退を説明せよ。,ムガル帝国は、1526年にバーブルが北インドに建てたイスラーム王朝である。アクバルはヒンドゥー教徒を登用して宗教融和を進め、広大な帝国を安定させた。ペルシア系とインド系の文化が融合したが、18世紀以降に弱体化し、1858年に消滅した。,バーブル;1526年;アクバル;宗教融和;文化融合;1858年
38,歴史の骨格,中世ヨーロッパ史,395年〜1453年,東地中海・バルカン・小アジア,ビザンツ帝国,帝国,起源,ビザンツ帝国は、どの帝国の東半分を受け継いだ国家か？,ローマ帝国の東半分、すなわち東ローマ帝国を受け継いだ国家である。,都,ビザンツ帝国の都はどこか？,コンスタンティノープルである。,文化・宗教,ビザンツ帝国で中心となった言語とキリスト教の系統は何か？,ギリシア語と東方正教会である。,終焉,ビザンツ帝国は、いつ、誰に滅ぼされたか？,1453年にオスマン帝国によって滅ぼされた。,ビザンツ帝国について、起源・都・文化・宗教・滅亡を説明せよ。,ビザンツ帝国は、395年のローマ帝国分裂後に東半分を受け継いだ国家で、都はコンスタンティノープルだった。ギリシア語と東方正教会を中心に、ローマ法と古典文化を継承した。東地中海の要衝として長く栄え、1453年にオスマン帝国に滅ぼされた。,東ローマ帝国;コンスタンティノープル;ギリシア語;東方正教会;ローマ法;1453年
39,歴史の骨格,中世ヨーロッパ史,5世紀末〜9世紀,西ヨーロッパ,フランク王国,王国,成立,フランク王国の基礎を築き、カトリックへ改宗した王は誰か？,メロヴィング朝のクローヴィスである。,教会との関係,クローヴィスの改宗は、なぜ王国の発展に有利だったか？,ローマ系住民とカトリック教会の支持を得やすくなったから。,最盛期,フランク王国の最盛期を築き、800年に皇帝となった人物は誰か？,カール大帝である。,分裂,フランク王国の分裂を定めた843年の条約は何か？,ヴェルダン条約で、後のフランス・ドイツ・イタリアの形成に影響した。,フランク王国について、クローヴィス・教会・カール大帝・分裂を説明せよ。,フランク王国は、西ローマ帝国滅亡後の西ヨーロッパで成長したゲルマン人国家である。クローヴィスがカトリックへ改宗して教会と結び、カール大帝の時代に最盛期を迎えた。843年のヴェルダン条約などで分裂し、西欧諸国形成の基礎となった。,クローヴィス;カトリック;カール大帝;800年;ヴェルダン条約;西ヨーロッパ
40,歴史の骨格,中世ヨーロッパ史,主に9世紀〜13世紀,西ヨーロッパ,封建制,政治・社会制度,定義,中世ヨーロッパの封建制とは何か？,主君が家臣に封土を与え、家臣が軍役や忠誠を返す人的な主従関係を基礎とする仕組みである。,背景,封建制が広がった背景には、どのような政治状況があったか？,王権が弱く、外敵の侵入や治安悪化の中で地方の有力者に軍事力が集中した。,関係,封建制における主君と家臣の関係は、何を交換する関係だったか？,主君が保護と封土を与え、家臣が忠誠と軍役を提供する双務的な関係だった。,影響,封建制は、中世ヨーロッパの政治をどのようなものにしたか？,権力が多数の領主へ分散し、王が直接支配できる範囲が限られる政治秩序をつくった。,封建制について、成立背景・主従関係・封土・政治的特徴を説明せよ。,封建制は、中世西ヨーロッパで主君が家臣に封土と保護を与え、家臣が忠誠と軍役を返す主従関係を基礎とした政治秩序である。王権が弱い時代に地方領主が軍事と裁判を担い、権力が分散した。ただし地域や時代によって実態は異なった。,主君;家臣;封土;軍役;忠誠;権力分散
41,歴史の骨格,中世ヨーロッパ史,主に9世紀〜14世紀,西ヨーロッパ,荘園制,経済・社会制度,定義,荘園制とは何か？,領主が支配する土地を中心に、農民の労働や貢納で成り立った中世農村の仕組みである。,構造,荘園は、主にどのような土地から構成されたか？,領主直営地、農民保有地、共同利用地などから構成された。,農民,荘園の農民、特に農奴は領主にどのような負担を負ったか？,賦役、地代、各種の使用料を負い、移動や結婚にも制約を受けることがあった。,衰退,荘園制が弱まった主な要因は何か？,貨幣経済と都市の発達、人口変動、農民解放、労働力不足などである。,荘園制について、土地構成・農民負担・自給性・衰退を説明せよ。,荘園制は、中世西ヨーロッパの農村で、領主が土地と農民を支配した経済・社会の仕組みである。農奴は領主直営地での賦役や地代を負い、荘園は比較的自給的だった。都市と貨幣経済の発達、黒死病後の労働力不足などにより次第に弱まった。,領主;農奴;領主直営地;農民保有地;賦役;地代;貨幣経済
42,歴史の骨格,中世ヨーロッパ史,中世を中心に現代まで,西ヨーロッパを中心に世界各地,ローマ＝カトリック教会,宗教組織,定義,ローマ＝カトリック教会の最高指導者は誰か？,ローマ教皇である。,中世の役割,中世ヨーロッパで教会は、宗教以外にどのような役割を担ったか？,教育、救貧、記録、裁判、外交などを担い、政治と社会に大きな影響を持った。,組織,カトリック教会は、どのような組織によって各地をまとめたか？,教皇を頂点に司教・司祭を置く階層的な聖職者組織と修道院を通じてまとめた。,分裂,東西のキリスト教会が決定的に分裂した1054年以後、西側は何と呼ばれたか？,ローマ＝カトリック教会と呼ばれ、東側は東方正教会となった。,ローマ＝カトリック教会について、教皇・中世社会での役割・組織・東西分裂を説明せよ。,ローマ＝カトリック教会は、ローマ教皇を最高指導者とする西方キリスト教会である。中世には教区と修道院の組織を通じ、信仰だけでなく教育・救貧・政治・文化にも強い影響を持った。1054年の東西教会分裂後、東方正教会と別の道を歩んだ。,ローマ教皇;司教;修道院;中世社会;1054年;東方正教会
43,歴史の骨格,中世ヨーロッパ史,962年〜1806年,中部ヨーロッパ・ドイツを中心,神聖ローマ帝国,帝国,成立,神聖ローマ帝国の成立は、一般に誰が962年に皇帝となったことから数えられるか？,東フランク王オットー1世がローマ皇帝となったことから数えられる。,範囲,神聖ローマ帝国は、主にどの地域を中心とした国家か？,ドイツを中心に、時期によって北イタリアなども含んだ。,政治,神聖ローマ帝国で皇帝権が強固になりにくかったのはなぜか？,諸侯・都市・教会勢力が強く、皇帝が選挙で選ばれる分権的な構造だったから。,終焉,神聖ローマ帝国は、いつ、どのような状況で消滅したか？,ナポレオン戦争中の1806年に皇帝フランツ2世が帝国を解散した。,神聖ローマ帝国について、成立・地域・分権性・終焉を説明せよ。,神聖ローマ帝国は、962年にオットー1世が皇帝となったことを起点とする、中部ヨーロッパの政治体である。ドイツを中心としたが、多数の諸侯・都市・教会領からなる分権的な帝国で、皇帝と教皇の対立も続いた。ナポレオン戦争中の1806年に消滅した。,962年;オットー1世;ドイツ;諸侯;選挙皇帝;1806年
44,歴史の骨格,中世ヨーロッパ史,1096年〜13世紀末,西ヨーロッパ・東地中海・西アジア,十字軍,宗教・軍事運動,開始,第1回十字軍が始まるきっかけとなった1095年の呼びかけを行った教皇は誰か？,教皇ウルバヌス2世である。,目的,十字軍の表向きの目的は何だったか？,イスラーム勢力の支配下にある聖地イェルサレムを奪回することだった。,参加理由,人々が十字軍に参加した理由は、宗教以外に何があったか？,領土、富、交易利益、身分上昇など多様な動機があった。,影響,十字軍は、ヨーロッパと地中海世界にどのような影響を与えたか？,イスラーム世界との対立を深める一方、東方交易と都市の発展、知識交流を促した。,十字軍について、開始・目的・参加動機・結果と影響を説明せよ。,十字軍は、11世紀末から教皇の呼びかけで行われた、西欧キリスト教徒による東方遠征である。聖地イェルサレム奪回を掲げたが、宗教熱だけでなく領土や交易への期待も関わった。一時的に十字軍国家を築いたものの、聖地保持には失敗し、交易と文化交流を活発化させた。,1095年;ウルバヌス2世;イェルサレム;十字軍国家;地中海交易;文化交流
45,歴史の骨格,中世ヨーロッパ史,11世紀頃以降,西ヨーロッパ,中世都市,都市・社会,発展背景,中世ヨーロッパで都市が再び発展した主な背景は何か？,農業生産の増加と遠隔地交易・地域交易の復活である。,住民,中世都市の中心となった人々は誰か？,商人や手工業者である。,自治,都市住民は、領主から何を獲得しようとしたか？,特許状や自治権を獲得し、独自の法や行政を持とうとした。,影響,中世都市の発展は、荘園制にどのような影響を与えたか？,貨幣経済と商品交換を広げ、農民の移動や身分解放を促し、荘園の自給性を弱めた。,中世都市について、発展の背景・住民・自治・荘園制への影響を説明せよ。,中世都市は、11世紀頃から農業生産と交易の回復を背景に西ヨーロッパで発展した。商人・手工業者が集まり、領主から自治権や特許状を得た都市も多い。都市は貨幣経済、商業、教育を発達させ、荘園制と身分秩序を変化させる力となった。,農業生産;交易;商人;手工業者;自治権;特許状;貨幣経済
46,歴史の骨格,中世・初期近代ヨーロッパ史,14世紀〜16世紀,イタリアから西ヨーロッパ,ルネサンス,文化運動,定義,ルネサンスとは何か？,古代ギリシア・ローマ文化を学び直し、人間と現世を重視した文化運動である。,発祥,ルネサンスは、なぜイタリアの都市で早く発達したか？,地中海交易で富んだ都市が多く、古代ローマの遺産やビザンツからの学問に接しやすかったから。,思想,ルネサンスで重視された、人間の可能性や古典教養を探究する考えを何というか？,人文主義、すなわちヒューマニズムである。,影響,ルネサンスは、ヨーロッパ文化にどのような影響を与えたか？,美術・文学・学問を刷新し、印刷術を通じて広がり、宗教改革や科学革命の知的背景の一つとなった。,ルネサンスについて、発祥・人文主義・代表的特徴・後世への影響を説明せよ。,ルネサンスは、14〜16世紀にイタリアから広がった、古代ギリシア・ローマ文化の再評価を通じて人間と現世を重視する文化運動である。都市商人や君主の保護を受け、美術・文学・学問が発達した。人文主義と印刷術は、宗教改革や科学革命にも影響した。,イタリア都市;古典文化;人文主義;ヒューマニズム;美術;印刷術
47,歴史の骨格,中世ヨーロッパ史,1215年,イングランド,マグナ＝カルタ,政治文書,成立,マグナ＝カルタは、いつ、誰に対して認めさせられた文書か？,1215年、イングランド王ジョンに対して有力諸侯が認めさせた文書である。,背景,諸侯がジョン王に反発した主な理由は何か？,戦争の失敗と重い課税、王の恣意的な統治に不満を持ったから。,内容,マグナ＝カルタは、王権にどのような制約を加えたか？,課税や処罰を法と慣習に従わせ、王も一定の法的制約を受けることを示した。,影響,マグナ＝カルタが後世に重要視されたのはなぜか？,本来は封建的権利を守る文書だったが、法の支配や議会政治の象徴として解釈されたから。,マグナ＝カルタについて、成立背景・内容・王権制限・後世の意味を説明せよ。,マグナ＝カルタは、1215年にイングランドの有力諸侯がジョン王に認めさせた文書である。王の課税や処罰を慣習と法に従わせ、王権に一定の制約を加えた。当初は諸侯の権利を守る性格が強かったが、後に法の支配や議会政治の象徴となった。,1215年;ジョン王;諸侯;課税;法の支配;議会政治
48,歴史の骨格,中世ヨーロッパ史,1347年頃〜1351年を中心,ユーラシア・北アフリカ・ヨーロッパ,黒死病,疫病・社会変動,定義,黒死病とは、14世紀に広がった何の大流行か？,ペストの大流行である。,伝播,黒死病は、どのような経路でヨーロッパへ広がったか？,ユーラシアの交易路と黒海・地中海の海上交通を通じて広がった。,被害,黒死病は、ヨーロッパ社会にどのような人口変化を与えたか？,地域差はあるが、人口の非常に大きな割合を失わせた。,影響,人口減少は、農民や労働者の立場にどのような変化をもたらしたか？,労働力不足によって賃金や交渉力が上がり、農奴制の動揺や社会不安につながった。,黒死病について、病名・伝播経路・人口被害・社会経済への影響を説明せよ。,黒死病は、14世紀半ばにユーラシアと北アフリカへ広がったペストの大流行である。交易路と港湾を通じてヨーロッパにも到達し、人口を大幅に減少させた。労働力不足は賃金と農民の交渉力を高め、荘園制を揺るがす一方、迫害や宗教的不安も引き起こした。,ペスト;交易路;1347年;人口減少;労働力不足;農奴制
49,歴史の骨格,アフリカ・アメリカ・東南アジア史,13世紀〜16世紀,西アフリカ・ニジェール川流域,マリ王国,王国,場所,マリ王国は、どの地域に栄えたか？,西アフリカのニジェール川上流域とサハラ交易路に栄えた。,経済,マリ王国の繁栄を支えた主な交易品は何か？,金と塩である。,人物,莫大な富とメッカ巡礼で知られるマリ王国の王は誰か？,マンサ＝ムーサである。,文化,マリ王国の都市トンブクトゥは、何の中心として栄えたか？,イスラーム学問とサハラ交易の中心として栄えた。,マリ王国について、地域・金塩交易・マンサ＝ムーサ・トンブクトゥを説明せよ。,マリ王国は、13〜16世紀に西アフリカのニジェール川流域で栄えた王国である。サハラを越える金・塩交易を支配して富を蓄え、マンサ＝ムーサのメッカ巡礼で広く知られた。トンブクトゥは交易とイスラーム学問の中心となった。,西アフリカ;ニジェール川;金;塩;マンサ＝ムーサ;トンブクトゥ
50,歴史の骨格,アフリカ・アメリカ・東南アジア史,14世紀〜1521年,中央メキシコ,アステカ王国,王国・帝国,場所・都,アステカ王国はどこに成立し、都はどこだったか？,中央メキシコに成立し、都はテノチティトランだった。,支配,アステカ王国は、周辺諸都市をどのように支配したか？,軍事力で服属させ、貢納を取り立てる貢納帝国を築いた。,文化,アステカ社会で重要だった宗教的特徴は何か？,多神教を信仰し、神々への供犠を重視した。,滅亡,アステカ王国は、いつ、誰によって征服されたか？,1521年、コルテス率いるスペイン勢力が先住民の同盟者と疫病の影響を利用して征服した。,アステカ王国について、地域・都・貢納支配・スペイン征服を説明せよ。,アステカ王国は、14世紀から中央メキシコで発展し、湖上都市テノチティトランを都とした貢納帝国である。軍事力で周辺都市を服属させ、多神教と供犠を重視した。1521年、コルテス率いるスペイン勢力が現地の反アステカ勢力や疫病を利用して征服した。,中央メキシコ;テノチティトラン;貢納;多神教;コルテス;1521年
51,歴史の骨格,アフリカ・アメリカ・東南アジア史,15世紀〜1530年代,南アメリカ・アンデス地域,インカ帝国,帝国,場所・都,インカ帝国はどの地域に栄え、都はどこだったか？,アンデス地域に栄え、都はクスコだった。,統治,インカ帝国は、広大な山岳地域をどのように結びつけたか？,道路網、宿駅、共同体、労働奉仕を用いて中央集権的に統治した。,記録,インカ帝国では、数量や情報の記録に何が使われたか？,結び目を用いるキープが使われた。,征服,インカ帝国は、誰によって征服されたか？,1530年代にピサロ率いるスペイン勢力が、内戦と疫病の混乱を利用して征服した。,インカ帝国について、地域・都・統治・記録方法・スペイン征服を説明せよ。,インカ帝国は、15世紀にアンデス地域へ拡大し、クスコを都とした帝国である。道路網と労働奉仕を用いて多様な地域を統治し、キープで数量などを記録した。1530年代、ピサロ率いるスペイン勢力が内戦と疫病による混乱を利用して征服した。,アンデス;クスコ;道路網;労働奉仕;キープ;ピサロ
52,歴史の骨格,アフリカ・アメリカ・東南アジア史,15世紀初め〜1511年以後も地域勢力として継続,マレー半島・マラッカ海峡,マラッカ王国,港市国家,場所,マラッカ王国は、どの海峡に面していたか？,インド洋と南シナ海を結ぶマラッカ海峡に面していた。,繁栄,マラッカ王国は、なぜ国際交易の中心として栄えたか？,季節風航海の中継地点に位置し、各地の商人を保護したから。,宗教,マラッカ王国は、東南アジアへの何の拡大に重要な役割を果たしたか？,イスラーム教の拡大に重要な役割を果たした。,転機,マラッカは、1511年にどの国に占領されたか？,ポルトガルに占領された。,マラッカ王国について、地理的位置・中継貿易・イスラーム化・ポルトガル占領を説明せよ。,マラッカ王国は、15世紀にマラッカ海峡の要地で栄えた港市国家である。インド洋と南シナ海を結ぶ季節風交易の中継地として、多地域の商人を受け入れた。イスラーム化し、その東南アジアへの普及を促したが、1511年にポルトガルに占領された。,マラッカ海峡;港市国家;中継貿易;季節風;イスラーム;1511年
53,歴史の骨格,初期近代・海洋世界,15世紀末〜17世紀,大西洋・インド洋・世界各地,大航海時代,時代・海洋進出,定義,大航海時代とは、どのような時代を指すか？,ヨーロッパ諸国が新航路を開き、海を越えてアジア・アフリカ・アメリカへ進出した時代を指す。,背景,ヨーロッパ人が新航路を求めた主な理由は何か？,香辛料などのアジア商品を直接入手し、富・布教・国家競争を進めるためだった。,先行国,大航海時代に先行したヨーロッパの二つの国はどこか？,ポルトガルとスペインである。,影響,大航海時代は、世界史にどのような大変化をもたらしたか？,世界規模の交易、植民地支配、人口移動、奴隷貿易、感染症と作物の交換を拡大した。,大航海時代について、背景・先行国・代表的航路・世界的影響を説明せよ。,大航海時代は、15世紀末からポルトガルとスペインを先頭に、ヨーロッパ諸国が新航路を開いて海外へ進出した時代である。香辛料交易、富、布教、国家間競争が動機となった。世界規模の交易と植民地支配を生み、人口・作物・病原体・銀の移動を急拡大させた。,新航路;ポルトガル;スペイン;香辛料;植民地;世界交易
54,歴史の骨格,初期近代・海洋世界,1451年頃〜1506年、1492年航海,大西洋・カリブ海,コロンブス,人物,立場,コロンブスは、どの国の援助を受けて航海したか？,スペイン王室の援助を受けた。,目的,コロンブスは、どのような航路を目指して西へ航海したか？,大西洋を西へ進んでアジアへ到達する航路を目指した。,到達,コロンブスは1492年にどこへ到達したか？,カリブ海の島々へ到達した。,影響,コロンブスの航海は、その後の世界に何をもたらしたか？,ヨーロッパによるアメリカ大陸への継続的な進出・征服・植民地化の出発点となった。,コロンブスについて、援助国・目的・1492年の到達地・歴史的影響を説明せよ。,コロンブスは、スペイン王室の援助を受け、1492年に大西洋を西へ航海してカリブ海へ到達した航海者である。本人はアジア周辺に到達したと考えたが、この航海はヨーロッパとアメリカ大陸の継続的接触を始め、征服・植民地化とコロンブス交換を促した。,スペイン;1492年;西回り航路;カリブ海;アメリカ大陸;植民地化
55,歴史の骨格,初期近代・海洋世界,1460年代頃〜1524年、1498年インド到達,大西洋・インド洋,ヴァスコ・ダ・ガマ,人物,出身,ヴァスコ・ダ・ガマは、どの国の航海者か？,ポルトガルの航海者である。,航路,ヴァスコ・ダ・ガマは、どの岬を回ってインドへ向かったか？,アフリカ南端の喜望峰を回った。,到達,ヴァスコ・ダ・ガマがインドへ到達したのは何年か？,1498年である。,影響,ダ・ガマの航海は、ポルトガルにどのような道を開いたか？,インド洋交易へ武力で参入し、アジア各地に拠点を築く道を開いた。,ヴァスコ・ダ・ガマについて、出身国・航路・1498年・ポルトガル進出への影響を説明せよ。,ヴァスコ・ダ・ガマは、ポルトガルの航海者で、喜望峰を回る航路によって1498年にインドへ到達した。これによりヨーロッパとインド洋を直接結ぶ海路が開かれ、ポルトガルは武力と港湾拠点を用いて香辛料交易へ進出した。,ポルトガル;喜望峰;1498年;インド;インド洋交易;香辛料
56,歴史の骨格,初期近代・海洋世界,1492年以降,アメリカ大陸とアフロ・ユーラシア,コロンブス交換,生態・人口交流,定義,コロンブス交換とは何か？,1492年以後、アメリカ大陸とアフロ・ユーラシアの間で生物・人間・病原体などが交換された現象である。,旧世界から新世界,ヨーロッパ側からアメリカへ持ち込まれた代表的なものは何か？,馬、牛、小麦、サトウキビ、天然痘などである。,新世界から旧世界,アメリカから旧世界へ広がった代表的な作物は何か？,トウモロコシ、ジャガイモ、トマト、カカオなどである。,影響,コロンブス交換は、人口にどのような影響を与えたか？,アメリカ先住民は感染症で激減し、旧世界では新作物が人口増加を支えた。,コロンブス交換について、交換されたものと両世界の人口・環境への影響を説明せよ。,コロンブス交換は、1492年以後、アメリカ大陸とアフロ・ユーラシアの間で作物、家畜、病原体、人間が大規模に移動した現象である。天然痘などは先住民人口を激減させた一方、ジャガイモやトウモロコシは旧世界の食料生産と人口増加を支え、世界の環境を変えた。,1492年;作物;家畜;天然痘;先住民人口;ジャガイモ;トウモロコシ
57,歴史の骨格,初期近代・海洋世界,16世紀〜19世紀,西アフリカ・大西洋・アメリカ,大西洋奴隷貿易,強制移住・交易,定義,大西洋奴隷貿易とは何か？,アフリカの人々を強制的に大西洋を渡らせ、アメリカで奴隷労働に従事させた交易である。,需要,アメリカで奴隷労働が大量に求められた主な産業は何か？,砂糖、綿花、タバコなどを生産するプランテーションや鉱山である。,航路,アフリカからアメリカへの過酷な航海は何と呼ばれるか？,中間航路、ミドル・パッセージと呼ばれる。,影響,大西洋奴隷貿易は、アフリカとアメリカにどのような長期的影響を残したか？,アフリカの人口・社会を損ない、アメリカに人種的奴隷制と深い不平等を残した。,大西洋奴隷貿易について、仕組み・労働先・中間航路・長期的影響を説明せよ。,大西洋奴隷貿易は、16〜19世紀にアフリカの人々を強制的にアメリカへ輸送し、プランテーションや鉱山で働かせた交易である。過酷な中間航路で多数が死亡した。アフリカ社会を不安定化させ、アメリカの富を支える一方、人種差別と社会的不平等を長く残した。,西アフリカ;強制移住;プランテーション;中間航路;人種的奴隷制;不平等
58,歴史の骨格,初期近代ヨーロッパ史,16世紀,西・中部ヨーロッパ,宗教改革,宗教・社会運動,開始,宗教改革の象徴的な始まりとされる1517年の行動を行った人物は誰か？,マルティン＝ルターである。,批判,ルターは、当時のカトリック教会の何を批判したか？,贖宥状の販売や、救いを教会の制度と功績に結びつける考えを批判した。,教え,ルターが重視した救いの考えと信仰のよりどころは何か？,信仰によって義とされることと、聖書を信仰の最高のよりどころとすることである。,影響,宗教改革は、ヨーロッパにどのような変化をもたらしたか？,プロテスタント諸教会を生み、宗教戦争、国家と教会の再編、識字と教育の拡大につながった。,宗教改革について、1517年・ルターの批判と教え・ヨーロッパへの影響を説明せよ。,宗教改革は、16世紀にカトリック教会の権威と制度を批判し、西方キリスト教世界を分裂させた運動である。1517年にルターが贖宥状を批判し、信仰による義と聖書中心主義を主張した。各地にプロテスタント教会が成立し、政治・教育・戦争にも大きな影響を与えた。,1517年;ルター;贖宥状;信仰義認;聖書中心;プロテスタント
59,歴史の骨格,初期近代ヨーロッパ史,16世紀〜17世紀,カトリック世界・世界各地,対抗宗教改革,宗教改革・組織改革,定義,対抗宗教改革とは何か？,プロテスタントの拡大に対応し、カトリック教会が内部改革と教勢回復を進めた運動である。,会議,カトリック教会が教義と規律を再確認した1545年開始の会議は何か？,トリエント公会議である。,修道会,教育・布教で大きな役割を果たした新しい修道会は何か？,イグナティウス＝ロヨラが創設したイエズス会である。,影響,対抗宗教改革は、ヨーロッパ外にどのような影響を与えたか？,宣教師がアジア・アメリカへ進出し、カトリック信仰を世界各地へ広げた。,対抗宗教改革について、目的・トリエント公会議・イエズス会・世界布教を説明せよ。,対抗宗教改革は、宗教改革に対応してカトリック教会が進めた内部改革と教勢回復の運動である。トリエント公会議で教義と聖職者規律を再確認し、イエズス会が教育と布教を担った。ヨーロッパでカトリック勢力を立て直し、アジア・アメリカへの布教も拡大した。,カトリック改革;トリエント公会議;イエズス会;ロヨラ;教育;海外布教
60,歴史の骨格,初期近代ヨーロッパ史,16世紀〜17世紀,ヨーロッパ,科学革命,知的変革,定義,科学革命とは何か？,自然を権威ある古典だけでなく、観察・実験・数学によって説明しようとする方法が発達した変化である。,天文学,地動説を体系的に唱えた人物は誰か？,コペルニクスである。,方法,ガリレオやニュートンの研究に共通する重要な方法は何か？,観察や実験を行い、自然現象を数学的法則で表す方法である。,影響,科学革命は、ヨーロッパの世界観にどのような変化を与えたか？,自然は普遍的な法則に従い、人間の理性で理解できるという考えを強め、啓蒙思想にも影響した。,科学革命について、研究方法・代表的人物・世界観への影響を説明せよ。,科学革命は、16〜17世紀のヨーロッパで、自然を観察・実験・数学によって説明する近代科学の方法が成立した変化である。コペルニクスの地動説、ガリレオの観測、ニュートンの力学などにより、自然は普遍的法則に従うという世界観が広まり、啓蒙思想にも影響した。,コペルニクス;地動説;ガリレオ;観察;実験;ニュートン;数学
61,歴史の骨格,初期近代ヨーロッパ史,16世紀〜18世紀,ヨーロッパ,絶対王政,政治体制,定義,絶対王政とは何か？,国王が官僚・常備軍・徴税制度を整え、政治権力を中央へ集中させた近世ヨーロッパの君主政である。,背景,絶対王政が成立した背景には、どのような社会変化があったか？,封建領主の力の低下、商業発展、戦争の大規模化によって、中央集権的な国家が必要になった。,代表,絶対王政の代表的な君主として知られるフランス王は誰か？,ルイ14世である。,限界,絶対王政の国王は、本当に何の制約も受けなかったのか？,いいえ。身分制議会、地方特権、慣習法、財政事情など多くの制約を受けた。,絶対王政について、成立背景・統治手段・代表例・限界を説明せよ。,絶対王政は、16〜18世紀のヨーロッパで、国王が官僚・常備軍・徴税制度を整え、権力を中央へ集中させた政治体制である。フランスのルイ14世が代表例とされる。王権神授説で正当化されたが、地方特権や身分制、財政などの制約も残った。,中央集権;官僚;常備軍;徴税;ルイ14世;王権神授説
62,歴史の骨格,初期近代ヨーロッパ史,16世紀〜18世紀,ヨーロッパ諸国と植民地,重商主義,経済政策,定義,重商主義とは何か？,国家の富と軍事力を増すため、貿易と産業を政府が積極的に管理した経済政策である。,目的,重商主義政策が金銀の蓄積や輸出増加を重視したのはなぜか？,貿易黒字と貴金属を国家の富・戦争遂行力の源と考えたから。,政策,重商主義国家が行った代表的な政策は何か？,輸入関税、輸出産業の保護、特許会社、植民地貿易の独占などである。,影響,重商主義は、植民地支配とどのように結びついたか？,植民地を原料供給地と本国製品の市場に組み込み、国家間の海外競争を激化させた。,重商主義について、目的・政策・植民地との関係・国家間競争への影響を説明せよ。,重商主義は、16〜18世紀にヨーロッパ諸国が国家の富と軍事力を高めるために採用した経済政策である。輸出産業を保護し、輸入を制限し、特許会社と植民地貿易を管理した。植民地を原料供給地と市場に組み込み、海上覇権と植民地をめぐる競争を強めた。,貿易黒字;金銀;保護関税;特許会社;植民地;国家競争
63,歴史の骨格,初期近代ヨーロッパ史,17世紀,イングランド,イギリス革命,政治革命,背景,イギリス革命で国王と議会が対立した主な争点は何か？,課税、宗教、軍隊、国王が議会を無視して統治できるかという問題だった。,内戦,清教徒革命の内戦で議会派を率いた人物は誰か？,オリヴァー＝クロムウェルである。,王政復古後,1688年、議会が国王を追放して新国王を迎えた革命を何というか？,名誉革命である。,結果,イギリス革命は、政治体制をどのように変えたか？,権利章典によって議会の優位を確認し、立憲君主政の基礎を築いた。,イギリス革命について、国王と議会の対立・内戦・名誉革命・結果を説明せよ。,イギリス革命は、17世紀に国王と議会が課税・宗教・統治権をめぐって争った一連の革命である。清教徒革命では国王チャールズ1世が処刑され、のちに王政復古を経て1688年の名誉革命が起きた。権利章典によって議会主権と立憲君主政の基礎が確立した。,清教徒革命;クロムウェル;チャールズ1世;名誉革命;権利章典;立憲君主政
64,歴史の骨格,初期近代ヨーロッパ史,17世紀後半〜18世紀,ヨーロッパ・大西洋世界,啓蒙思想,思想運動,定義,啓蒙思想とは何か？,理性によって社会・政治・宗教を批判し、人間の自由と進歩を追求した思想運動である。,権利,啓蒙思想家が重視した、人が生まれながらに持つ権利を何というか？,自然権である。,政治思想,権力分立を説いた思想家は誰か？,モンテスキューである。,影響,啓蒙思想は、18世紀後半のどのような歴史的変化に影響したか？,啓蒙専制君主の改革、アメリカ独立革命、フランス革命などに影響した。,啓蒙思想について、理性・自然権・代表的思想家・革命への影響を説明せよ。,啓蒙思想は、17世紀後半から18世紀に、理性を用いて絶対王政・宗教的権威・旧来の身分制度を批判した思想運動である。ロックの自然権、モンテスキューの権力分立、ルソーの人民主権などが、アメリカ独立革命とフランス革命の理念に影響した。,理性;自然権;ロック;モンテスキュー;ルソー;人民主権
65,歴史の骨格,市民革命・産業化・国民国家,1775年〜1783年,北アメリカ,アメリカ独立革命,政治革命,背景,北米13植民地がイギリスに反発した中心的な理由は何か？,議会に代表を送れないまま課税されることや、本国の統制強化に反発した。,宣言,アメリカ独立宣言は、いつ採択されたか？,1776年7月4日に採択された。,思想,独立宣言には、どのような啓蒙思想が表れたか？,人間の平等、自然権、人民が政府を変える権利などが表れた。,結果,独立戦争の結果、何が成立したか？,1783年にイギリスが独立を承認し、のちに合衆国憲法を持つ連邦共和国が成立した。,アメリカ独立革命について、原因・独立宣言・啓蒙思想・結果を説明せよ。,アメリカ独立革命は、北米13植民地がイギリスの課税と統制に反発し、1775年から独立戦争を戦った革命である。1776年の独立宣言は自然権と人民主権を掲げた。1783年に独立が承認され、のちに連邦制・権力分立にもとづくアメリカ合衆国が成立した。,13植民地;代表なくして課税なし;1776年;独立宣言;自然権;連邦共和国
66,歴史の骨格,市民革命・産業化・国民国家,1789年〜1799年を中心,フランス,フランス革命,政治・社会革命,背景,フランス革命が起きた主な背景は何か？,国家財政の破綻、身分制の不平等、物価高、啓蒙思想の広がりである。,開始,1789年、革命の開始を象徴する事件は何か？,7月14日のバスティーユ牢獄襲撃である。,成果,フランス革命は、身分制社会にどのような変化を与えたか？,封建的特権を廃止し、人権宣言によって自由・平等・国民主権を掲げた。,展開,革命が急進化した後、どのような政治変化を経たか？,王政廃止、共和政、恐怖政治、総裁政府を経て、ナポレオンの台頭へつながった。,フランス革命について、背景・1789年・人権宣言・急進化・歴史的影響を説明せよ。,フランス革命は、財政危機、身分制の不平等、物価高、啓蒙思想を背景に1789年に始まった。バスティーユ牢獄襲撃、封建的特権の廃止、人権宣言を経て王政を倒した。革命は恐怖政治などの混乱も生んだが、自由・平等・国民主権の理念を世界へ広げた。,1789年;バスティーユ;身分制;人権宣言;共和政;国民主権
67,歴史の骨格,市民革命・産業化・国民国家,1769年〜1821年、統治期1799年〜1815年,フランス・ヨーロッパ,ナポレオン,人物,台頭,ナポレオンは、どの革命後の混乱の中で権力を握ったか？,フランス革命後の混乱の中で、1799年のクーデタによって権力を握った。,皇帝,ナポレオンが皇帝となったのは何年か？,1804年である。,改革,ナポレオンが国内で整備し、近代法に影響を与えた法典は何か？,ナポレオン法典、すなわちフランス民法典である。,影響,ナポレオンの征服は、ヨーロッパにどのような相反する影響を与えたか？,革命の法と制度を広げる一方、外国支配への反発から民族意識と国民運動を強めた。,ナポレオンについて、権力掌握・皇帝即位・国内改革・ヨーロッパへの影響を説明せよ。,ナポレオンは、フランス革命後の混乱を背景に1799年のクーデタで権力を握り、1804年に皇帝となった。ナポレオン法典や行政改革で革命の成果を制度化し、ヨーロッパ各地を征服した。支配は反発と民族意識を生み、1815年に最終的に敗れた。,1799年;1804年;ナポレオン法典;ヨーロッパ征服;民族意識;1815年
68,歴史の骨格,市民革命・産業化・国民国家,1814年〜1848年を中心,ヨーロッパ,ウィーン体制,国際秩序,成立,ウィーン体制は、何の後に作られた国際秩序か？,ナポレオン戦争後、1814〜15年のウィーン会議を通じて作られた。,原則,ウィーン体制が重視した二つの原則は何か？,正統主義と勢力均衡である。,主導者,ウィーン会議を主導したオーストリアの外相は誰か？,メッテルニヒである。,動揺,ウィーン体制は、どのような運動によって揺さぶられたか？,自由主義・国民主義の運動と、1820年代・1830年・1848年の革命によって揺らいだ。,ウィーン体制について、成立・原則・主導者・自由主義と国民主義への対応を説明せよ。,ウィーン体制は、ナポレオン戦争後の1814〜15年に、正統主義と勢力均衡にもとづいて作られたヨーロッパ国際秩序である。メッテルニヒらが王朝秩序の復活と革命抑圧を進めたが、自由主義・国民主義運動が各地で拡大し、1848年革命で大きく動揺した。,ウィーン会議;正統主義;勢力均衡;メッテルニヒ;自由主義;国民主義
69,歴史の骨格,市民革命・産業化・国民国家,18世紀後半以降,イギリスからヨーロッパ・北米・世界各地,産業革命,経済・技術変革,定義,産業革命とは何か？,手工業中心の生産から、機械・工場・化石燃料を用いる大量生産へ移った経済社会の変化である。,発祥,産業革命が最初に本格化した国はどこか？,18世紀後半のイギリスである。,産業・動力,初期の産業革命を主導した産業と動力は何か？,綿工業と、石炭を使う蒸気機関である。,影響,産業革命は、社会と世界経済にどのような変化をもたらしたか？,都市化、工場労働、資本家と労働者の形成、生産力増大、世界的な経済格差と帝国主義を促した。,産業革命について、定義・イギリスでの開始・技術・社会と世界への影響を説明せよ。,産業革命は、18世紀後半のイギリスから始まった、機械・工場・石炭を使う大量生産への転換である。綿工業、蒸気機関、鉄道が発展し、生産力と輸送力が急増した。都市化と資本家・労働者の形成を進める一方、労働問題や世界的な経済格差も生んだ。,イギリス;綿工業;蒸気機関;石炭;工場制;都市化;労働者
70,歴史の骨格,市民革命・産業化・国民国家,初期近代以降、産業革命後に本格化,世界各地,資本主義,経済制度,定義,資本主義とは、どのような経済の仕組みか？,生産手段の私有、市場での交換、利潤追求、賃金労働を中心とする経済の仕組みである。,担い手,資本主義社会で、生産手段を所有する人々と賃金で働く人々を何というか？,前者を資本家、後者を労働者という。,発展,資本主義が急速に発展した大きな契機は何か？,商業革命、植民地交易、産業革命による工場制生産の拡大である。,特徴・問題,資本主義は、どのような長所と問題を持つか？,競争と投資で技術革新や成長を促す一方、格差、失業、景気変動、労働問題を生みうる。,資本主義について、基本構造・担い手・発展の契機・長所と問題を説明せよ。,資本主義は、生産手段の私有、市場での交換、利潤追求、賃金労働を基本とする経済制度である。商業革命と産業革命を通じて発展し、資本家が投資して労働者を雇う仕組みが広がった。高い生産力と技術革新を生む一方、格差・失業・恐慌・労働問題も伴った。,私有財産;市場;利潤;資本家;賃金労働;産業革命;景気変動
71,歴史の骨格,市民革命・産業化・国民国家,19世紀以降,ヨーロッパから世界各地,社会主義,政治・経済思想,定義,社会主義とは、何を目指す思想・運動か？,資本主義の格差や搾取を批判し、生産手段の社会的所有や平等な社会を目指す思想・運動である。,背景,社会主義が19世紀に広がった背景は何か？,産業革命による低賃金、長時間労働、貧困、都市問題が深刻化したから。,人物,資本主義を階級闘争の歴史として分析した思想家は誰か？,カール＝マルクスとフリードリヒ＝エンゲルスである。,展開,社会主義運動は、どのような二つの方向へ分かれていったか？,議会改革を重視する社会民主主義と、革命を目指す共産主義などへ分かれた。,社会主義について、成立背景・目標・マルクス・運動の分化を説明せよ。,社会主義は、産業革命後の格差と労働問題を批判し、生産手段の社会的所有と平等を目指した思想・運動である。初期の社会主義者に続き、マルクスとエンゲルスは階級闘争と資本主義の矛盾を分析した。運動は革命的共産主義と議会的社会民主主義などへ分かれた。,産業革命;格差;生産手段;マルクス;エンゲルス;階級闘争;社会民主主義
72,歴史の骨格,市民革命・産業化・国民国家,1848年,フランス・ドイツ・オーストリア・イタリアなど,1848年革命,革命運動,定義,1848年革命とは何か？,1848年にヨーロッパ各地で連鎖的に起きた自由主義・国民主義・社会改革を求める革命である。,背景,1848年革命の背景には、どのような経済・政治問題があったか？,不況と食料不足、選挙権の制限、民族支配、労働問題への不満があった。,フランス,フランスでは、1848年革命によって何が成立したか？,七月王政が倒れ、第二共和政が成立した。,結果,1848年革命は短期的には失敗が多かったが、何を前進させたか？,農奴解放、憲法、国民主義、労働問題への意識を前進させ、後の統一運動に影響した。,1848年革命について、背景・広がり・フランスでの結果・長期的影響を説明せよ。,1848年革命は、不況・食料不足・政治参加の制限・民族問題を背景に、ヨーロッパ各地で起きた革命である。フランスでは第二共和政が成立し、ドイツ・イタリア・オーストリアでも自由主義と国民主義が高まった。多くは鎮圧されたが、農奴解放や国民国家形成を促した。,1848年;二月革命;第二共和政;自由主義;国民主義;農奴解放
73,歴史の骨格,市民革命・産業化・国民国家,18世紀末以降,ヨーロッパから世界各地,国民国家,政治概念,定義,国民国家とは何か？,共通の国民意識を持つ人々と国家の領域・政治権力が一致すると考える近代的な国家像である。,成立背景,国民国家の形成を促した思想と歴史的変化は何か？,国民主権、国民主義、フランス革命、徴兵制、学校教育、印刷文化などである。,統合,国民国家は、人々をどのような仕組みで一つの国民へ統合したか？,共通語、学校、軍隊、法律、象徴、歴史教育などを通じて統合した。,問題,国民国家の形成は、どのような問題も生んだか？,少数民族の排除・同化、国境紛争、排他的ナショナリズムを生むことがあった。,国民国家について、定義・形成手段・歴史的背景・包摂と排除の両面を説明せよ。,国民国家は、共通の国民意識を持つ人々と国家が対応すると考える近代的国家像である。フランス革命後、学校・徴兵・共通語・法律・国旗などを通じて国民統合が進んだ。政治参加と連帯を強める一方、少数民族の同化や排除、国家間対立も生んだ。,国民主権;国民主義;共通語;学校;徴兵;国民統合;少数民族
74,歴史の骨格,市民革命・産業化・国民国家,1815年頃〜1870年,イタリア半島,イタリア統一,国家統一運動,背景,19世紀前半のイタリア半島は、どのような状態だったか？,複数の国家に分かれ、北部の一部はオーストリアの支配・影響下にあった。,主導国,イタリア統一を外交と戦争で主導した国はどこか？,サルデーニャ王国である。,人物,統一に重要な役割を果たしたカヴールとガリバルディは、それぞれ何をしたか？,カヴールは外交と戦争を進め、ガリバルディは義勇軍で南イタリアを征服した。,完成,イタリア王国はいつ成立し、ローマ併合で統一がほぼ完成したのはいつか？,1861年に王国が成立し、1870年のローマ併合で統一がほぼ完成した。,イタリア統一について、分裂状態・主導国・主要人物・完成までを説明せよ。,イタリア統一は、分裂し外国支配を受けていたイタリア半島を一つの国家へまとめる運動である。サルデーニャ王国の首相カヴールが外交と戦争を進め、ガリバルディが南部を征服した。1861年にイタリア王国が成立し、1870年のローマ併合で統一がほぼ完成した。,サルデーニャ王国;カヴール;ガリバルディ;1861年;ローマ;1870年
75,歴史の骨格,市民革命・産業化・国民国家,1860年代〜1871年,ドイツ地域,ドイツ統一,国家統一運動,背景,19世紀前半のドイツ地域は、どのような政治状態だったか？,多数の国家に分かれ、ドイツ連邦として緩く結びついていた。,主導国・人物,ドイツ統一を主導した国と宰相は誰か？,プロイセンと、その宰相ビスマルクである。,方法,ビスマルクは、どのような方法で統一を進めたか？,軍備を強化し、デンマーク、オーストリア、フランスとの戦争を利用した。,成立,ドイツ帝国は、いつ、どこで成立が宣言されたか？,1871年、普仏戦争中にヴェルサイユ宮殿で成立が宣言された。,ドイツ統一について、分裂状態・プロイセン・ビスマルク・三つの戦争・1871年を説明せよ。,ドイツ統一は、多数の国家に分かれていたドイツ地域を、プロイセン主導で統合した過程である。宰相ビスマルクは軍備と外交を用い、デンマーク・オーストリア・フランスとの戦争を通じて統一を進めた。1871年にドイツ帝国が成立し、ヨーロッパの勢力均衡が変化した。,プロイセン;ビスマルク;鉄血政策;普墺戦争;普仏戦争;1871年
76,歴史の骨格,市民革命・産業化・国民国家,1861年〜1865年,アメリカ合衆国,アメリカ南北戦争,内戦,対立,南北戦争で戦った二つの陣営は何か？,北部を中心とする合衆国と、離脱した南部諸州のアメリカ連合国である。,原因,南北戦争の中心的な対立問題は何だったか？,奴隷制を西部へ拡大するかどうかと、それに関わる連邦と州の権限問題だった。,人物・政策,リンカン大統領が戦争中に出した、奴隷制廃止へつながる宣言は何か？,1863年の奴隷解放宣言である。,結果,南北戦争の結果、アメリカ社会はどのように変化したか？,北部が勝利し、奴隷制は憲法修正第13条で廃止されたが、人種差別は残った。,アメリカ南北戦争について、原因・陣営・リンカン・奴隷制廃止・戦後の課題を説明せよ。,アメリカ南北戦争は、1861〜65年に奴隷制の拡大と連邦のあり方をめぐって、北部の合衆国と南部の連合国が戦った内戦である。リンカン政権下で北部が勝利し、奴隷制は廃止された。連邦国家は維持されたが、解放後も人種差別と地域対立が続いた。,1861年;北部;南部;奴隷制;リンカン;奴隷解放宣言;修正第13条
77,歴史の骨格,市民革命・産業化・国民国家,1868年以降,日本,明治維新,政治・社会変革,定義,明治維新とは何か？,江戸幕府を倒して天皇を中心とする中央集権国家を築き、近代化を進めた一連の政治・社会変革である。,開始,明治政府が成立した政治的転換は、何年の王政復古から始まったか？,1868年である。,改革,明治政府が中央集権化と近代国家建設のために行った代表的改革は何か？,廃藩置県、徴兵令、地租改正、学制、殖産興業などである。,影響,明治維新は、日本の国際的立場をどのように変えたか？,近代的な軍事・産業・制度を整え、列強に対抗する一方、日本自身も帝国主義的進出を行うようになった。,明治維新について、幕府崩壊・中央集権化・近代化政策・対外進出を説明せよ。,明治維新は、1868年以降、江戸幕府を倒して天皇を中心とする中央集権国家を築いた変革である。廃藩置県、徴兵令、地租改正、学制、殖産興業などで近代化を急いだ。列強との不平等な関係を改める力を高めた一方、朝鮮・中国へ帝国主義的に進出した。,1868年;王政復古;廃藩置県;徴兵令;地租改正;殖産興業;帝国主義
78,歴史の骨格,帝国主義・世界大戦,19世紀後半〜20世紀初頭,世界各地,帝国主義,国際政治・支配構造,定義,帝国主義とは何か？,強国が軍事・政治・経済力を使い、他地域を植民地や勢力圏として支配する動きである。,背景,19世紀後半に帝国主義が強まった経済的背景は何か？,産業化した国々が原料、投資先、市場、海上拠点を求めたこと。,思想,帝国主義を正当化するために利用された思想は何か？,社会進化論、人種主義、文明化の使命などである。,影響,帝国主義は、国際関係と被支配地域にどのような影響を与えたか？,列強間競争を激化させ、植民地で資源収奪・国境再編・抵抗運動・民族運動を引き起こした。,帝国主義について、経済・政治的背景、正当化思想、植民地と国際関係への影響を説明せよ。,帝国主義は、19世紀後半から列強が軍事・政治・経済力を用いてアジア・アフリカなどを植民地や勢力圏として支配した動きである。原料・市場・投資先、国家威信が動機となり、人種主義で正当化された。列強間対立を深め、被支配地域の社会と国境を大きく変えた。,産業化;原料;市場;植民地;勢力圏;人種主義;列強対立
79,歴史の骨格,帝国主義・世界大戦,1839年〜1842年,中国沿岸・東アジア,アヘン戦争,戦争,当事国,アヘン戦争は、どの二国の間で起きたか？,清とイギリスの間で起きた。,背景,イギリスが中国へアヘンを密輸した経済的な理由は何か？,茶などの輸入で流出する銀を取り戻し、対中貿易赤字を補うためだった。,発端,清がアヘン取締りを強化した中心人物は誰か？,林則徐である。,結果,南京条約によって清は何を認めさせられたか？,香港島の割譲、五港開港、賠償金などを認め、不平等条約体制の出発点となった。,アヘン戦争について、貿易背景・林則徐・軍事結果・南京条約を説明せよ。,アヘン戦争は、イギリスのアヘン密輸を清が取り締まったことをきっかけに、1839〜42年に起きた戦争である。軍事力で勝ったイギリスは南京条約を結ばせ、香港島割譲と五港開港を得た。以後、中国は列強との不平等条約体制へ組み込まれた。,清;イギリス;アヘン;林則徐;南京条約;香港島;五港開港
80,歴史の骨格,帝国主義・世界大戦,1857年〜1858年,インド,インド大反乱,反乱・反植民地運動,定義,インド大反乱とは何か？,1857年に東インド会社軍のインド人兵士の反乱から始まり、各地へ広がった大規模な反英蜂起である。,発端,反乱の直接的なきっかけとして知られる軍用品の問題は何か？,牛脂・豚脂を使ったと噂された新式銃の薬包を口でかみ切らせる問題である。,背景,反乱が広がった根本的な背景は何か？,領土併合、徴税、宗教・社会への干渉、兵士差別など、東インド会社支配への不満である。,結果,インド大反乱後、イギリスのインド統治はどう変わったか？,東インド会社の統治が廃止され、イギリス本国政府による直接統治へ移った。,インド大反乱について、発端・背景・参加勢力・鎮圧後の統治変化を説明せよ。,インド大反乱は、1857年に東インド会社軍のインド人兵士の反乱から始まり、旧支配層や農民などへ広がった反英蜂起である。薬包問題が直接の契機だったが、併合・徴税・宗教干渉への不満が背景にあった。鎮圧後、会社統治は廃止され、イギリス政府の直接統治となった。,1857年;シパーヒー;薬包;東インド会社;反英蜂起;直接統治
81,歴史の骨格,帝国主義・世界大戦,19世紀後半〜20世紀初頭,アフリカ大陸,アフリカ分割,植民地化,定義,アフリカ分割とは何か？,19世紀後半、ヨーロッパ列強がアフリカの領土を競って植民地化した動きである。,背景,列強がアフリカへ進出した主な理由は何か？,原料・市場・投資先・軍事拠点を求め、国家威信を競ったから。,会議,アフリカ分割のルールを列強が協議した1884〜85年の会議は何か？,ベルリン会議である。,影響,アフリカ分割は、現地社会にどのような影響を残したか？,資源と労働を収奪し、民族や言語を無視した国境を引き、抵抗と長期的な政治問題を生んだ。,アフリカ分割について、背景・ベルリン会議・植民地支配・長期的影響を説明せよ。,アフリカ分割は、19世紀後半にヨーロッパ列強がアフリカの領土を競って植民地化した動きである。1884〜85年のベルリン会議で占領の原則が協議され、短期間で大陸の大半が分割された。資源・労働の収奪と恣意的な国境は、独立後にも深い影響を残した。,帝国主義;ベルリン会議;植民地;資源収奪;恣意的国境;抵抗
82,歴史の骨格,帝国主義・世界大戦,1894年〜1895年,朝鮮半島・黄海・中国東北部,日清戦争,戦争,当事国・争点,日清戦争は、どの二国が、主に何をめぐって戦ったか？,日本と清が、朝鮮に対する主導権をめぐって戦った。,結果,日清戦争の勝者はどちらだったか？,日本が勝利した。,条約,1895年に結ばれた講和条約は何か？,下関条約である。,影響,日清戦争は、東アジアの国際関係をどのように変えたか？,清の弱体化を明らかにし、日本の台湾獲得と朝鮮への影響力拡大をもたらし、列強の中国進出を加速した。,日清戦争について、朝鮮をめぐる対立・結果・下関条約・東アジアへの影響を説明せよ。,日清戦争は、朝鮮をめぐる主導権争いから1894〜95年に日本と清の間で起きた戦争である。日本が勝利し、下関条約で清は朝鮮の独立、台湾割譲、賠償金などを認めた。清の弱体化と日本の帝国主義化が明確になり、列強の中国分割も加速した。,1894年;朝鮮;日本;清;下関条約;台湾;中国分割
83,歴史の骨格,帝国主義・世界大戦,1904年〜1905年,中国東北部・朝鮮半島周辺,日露戦争,戦争,当事国・争点,日露戦争は、どの二国が、主にどの地域をめぐって戦ったか？,日本とロシアが、朝鮮と中国東北部への勢力拡大をめぐって戦った。,結果,日露戦争は、どの国の優勢で終わったか？,日本が軍事的に優勢となったが、両国とも消耗し、講和した。,条約,日露戦争の講和条約は何か？,1905年のポーツマス条約である。,影響,日露戦争の結果は、世界と日本にどのような影響を与えたか？,非欧米国の勝利としてアジアの民族運動を刺激し、日本の朝鮮・南満洲支配を強め、ロシア革命の一因にもなった。,日露戦争について、争点・結果・ポーツマス条約・国際的影響を説明せよ。,日露戦争は、朝鮮と中国東北部をめぐる帝国主義的対立から、1904〜05年に日本とロシアが戦った戦争である。日本が優勢となり、ポーツマス条約で朝鮮への優越権や南満洲の権益を得た。アジアの民族運動を刺激した一方、日本の植民地拡大を進めた。,1904年;日本;ロシア;朝鮮;南満洲;ポーツマス条約;民族運動
84,歴史の骨格,帝国主義・世界大戦,1914年〜1918年,ヨーロッパを中心に世界各地,第一次世界大戦,世界戦争,背景,第一次世界大戦の長期的な背景は何か？,帝国主義的競争、軍拡、同盟対立、民族問題、バルカン半島の緊張である。,発端,第一次世界大戦の直接のきっかけとなった事件は何か？,1914年のサライェヴォ事件である。,特徴,第一次世界大戦が「総力戦」と呼ばれるのはなぜか？,兵士だけでなく、経済・産業・科学・宣伝・市民生活まで国家が戦争へ総動員したから。,結果,第一次世界大戦は、国際秩序にどのような変化をもたらしたか？,ドイツ・オーストリア・オスマン・ロシアの帝国が崩壊し、ヴェルサイユ体制と国際連盟が作られた。,第一次世界大戦について、背景・発端・総力戦・帝国崩壊と戦後秩序を説明せよ。,第一次世界大戦は、帝国主義競争、同盟対立、軍拡、民族問題を背景に、1914年のサライェヴォ事件から始まった世界戦争である。塹壕戦と新兵器を伴う総力戦となり、1918年に同盟国側が敗れた。四帝国が崩壊し、ヴェルサイユ体制が成立した。,1914年;サライェヴォ事件;同盟対立;総力戦;塹壕戦;四帝国崩壊
85,歴史の骨格,帝国主義・世界大戦,1917年を中心、1922年ソ連成立,ロシア,ロシア革命,政治・社会革命,背景,ロシア革命が起きた主な背景は何か？,専制政治、土地問題、労働問題、第一次世界大戦による軍事・経済危機である。,二月革命,1917年の二月革命によって、何が倒されたか？,ロマノフ朝の皇帝専制が倒され、臨時政府が成立した。,十月革命,十月革命を指導して政権を握った勢力と人物は誰か？,レーニンが率いるボリシェヴィキである。,影響,ロシア革命は、世界史にどのような影響を与えたか？,世界初の社会主義政権を生み、1922年のソ連成立と、世界的な共産主義運動・反共運動につながった。,ロシア革命について、背景・二月革命・十月革命・ソ連成立と世界への影響を説明せよ。,ロシア革命は、専制政治と社会問題、第一次世界大戦の危機を背景に1917年に起きた革命である。二月革命で皇帝が退位し、十月革命でレーニン率いるボリシェヴィキが政権を握った。内戦を経て1922年にソ連が成立し、世界の社会主義運動と国際対立に大きな影響を与えた。,1917年;二月革命;臨時政府;レーニン;ボリシェヴィキ;十月革命;ソ連
86,歴史の骨格,帝国主義・世界大戦,1919年〜1930年代,ヨーロッパを中心とする国際社会,ヴェルサイユ体制,国際秩序,成立,ヴェルサイユ体制は、何の後に作られた国際秩序か？,第一次世界大戦後のパリ講和会議と諸講和条約によって作られた。,ドイツ,ヴェルサイユ条約は、ドイツにどのような負担を課したか？,領土削減、軍備制限、賠償、戦争責任条項などを課した。,国際機構,ヴェルサイユ体制のもとで設立された国際平和機構は何か？,国際連盟である。,弱点,ヴェルサイユ体制が不安定だった主な理由は何か？,敗戦国の不満、民族自決の不徹底、アメリカの国際連盟不参加、強制力の弱さなどである。,ヴェルサイユ体制について、成立・対独処理・国際連盟・不安定さを説明せよ。,ヴェルサイユ体制は、第一次世界大戦後の講和条約群によって作られた国際秩序である。ドイツに領土削減・軍備制限・賠償を課し、国際連盟を設立した。民族自決は一部にしか適用されず、敗戦国や植民地の不満、アメリカ不参加、連盟の弱さから不安定だった。,パリ講和会議;ヴェルサイユ条約;ドイツ;賠償;国際連盟;民族自決
87,歴史の骨格,帝国主義・世界大戦,1929年以降,アメリカから世界各地,世界恐慌,経済危機,開始,世界恐慌の象徴的な始まりは何か？,1929年10月のニューヨーク株式市場の大暴落である。,拡大,アメリカの金融危機が世界へ広がったのはなぜか？,国際的な融資・貿易・金本位制を通じて各国経済が結びついていたから。,社会,世界恐慌は、人々の生活にどのような影響を与えたか？,銀行倒産、企業閉鎖、大量失業、農産物価格下落、貧困を引き起こした。,政治,世界恐慌は、政治と国際関係にどのような影響を与えたか？,国家介入と保護貿易を強め、ドイツなどで急進的・権威主義的勢力の台頭を促した。,世界恐慌について、1929年・世界化の仕組み・社会的被害・政治的影響を説明せよ。,世界恐慌は、1929年のニューヨーク株式市場の暴落を契機に広がった世界的な経済危機である。金融と貿易の結びつきによって各国へ波及し、銀行倒産・大量失業・貧困を生んだ。各国は国家介入や保護貿易を強め、国際協調の崩壊とファシズム台頭の背景となった。,1929年;株価暴落;銀行倒産;失業;保護貿易;国家介入;ファシズム
88,歴史の骨格,帝国主義・世界大戦,1920年代〜1945年,主にヨーロッパ,ファシズム,政治思想・体制,定義,ファシズムとは何か？,議会制・自由主義・共産主義を敵視し、強い指導者、国家・民族の統一、暴力的動員を重視する権威主義的思想・運動である。,代表,ファシズム政権を最初に成立させたイタリアの指導者は誰か？,ベニート＝ムッソリーニである。,ナチズム,ドイツのナチズムは、一般的なファシズムに何を強く加えたか？,極端な人種主義、反ユダヤ主義、生活圏拡大の思想を強く加えた。,背景・影響,ファシズムが支持を広げた背景と結果は何か？,戦後不満、恐慌、共産主義への恐怖を利用して支持を広げ、独裁・侵略・迫害・戦争をもたらした。,ファシズムについて、特徴・代表例・ナチズムとの関係・台頭の背景と結果を説明せよ。,ファシズムは、第一次世界大戦後の不安と世界恐慌を背景に広がった、反自由主義・反共産主義・極端な国家主義を特徴とする権威主義的運動である。ムッソリーニのイタリアが代表例で、ドイツのナチズムは人種主義と反ユダヤ主義をさらに強め、侵略と大量迫害へ進んだ。,反自由主義;反共産主義;国家主義;ムッソリーニ;ナチズム;人種主義;独裁
89,歴史の骨格,帝国主義・世界大戦,1939年〜1945年,ヨーロッパ・アジア太平洋・世界各地,第二次世界大戦,世界戦争,開始,ヨーロッパで第二次世界大戦が始まった直接のきっかけは何か？,1939年9月のドイツによるポーランド侵攻である。,背景,第二次世界大戦の背景には、どのような国際秩序の問題があったか？,ヴェルサイユ体制への不満、世界恐慌、ファシズム諸国の侵略、宥和政策の失敗があった。,特徴,第二次世界大戦が人類史上特に破壊的だった理由は何か？,世界規模の総力戦、民間人への攻撃、ホロコースト、無差別爆撃、原子爆弾が行われたから。,結果,第二次世界大戦後、国際社会はどのように再編されたか？,枢軸国が敗北し、国際連合が成立し、アメリカとソ連を中心とする冷戦と脱植民地化が始まった。,第二次世界大戦について、開始・背景・戦争の特徴・戦後秩序を説明せよ。,第二次世界大戦は、ヴェルサイユ体制の不安定、世界恐慌、ファシズム諸国の侵略を背景に、1939年のドイツによるポーランド侵攻からヨーロッパで始まった。アジア太平洋を含む総力戦となり、ホロコーストと原爆投下を伴った。1945年に枢軸国が敗れ、国際連合と冷戦の時代が始まった。,1939年;ポーランド侵攻;枢軸国;総力戦;ホロコースト;原子爆弾;1945年
90,歴史の骨格,冷戦・脱植民地化・現代,1945年以降,世界,国際連合,国際機構,成立,国際連合は、いつ、何の反省から成立したか？,1945年、第二次世界大戦と国際連盟の失敗への反省から成立した。,目的,国際連合の主な目的は何か？,国際平和と安全の維持、人権尊重、国際協力、社会・経済開発である。,機関,国際平和と安全について主要な責任を持つ機関は何か？,安全保障理事会である。,限界,国際連合の安全保障理事会が行動できないことがある主な理由は何か？,五つの常任理事国が拒否権を持ち、大国間対立で決議が止まることがあるから。,国際連合について、成立・目的・安全保障理事会・拒否権と限界を説明せよ。,国際連合は、第二次世界大戦後の1945年に、国際平和・安全、人権、開発、国際協力を目的として設立された。総会、安全保障理事会、経済社会理事会などを持つ。普遍的な国際フォーラムとして重要だが、安保理常任理事国の拒否権により行動が制約されることもある。,1945年;国際平和;総会;安全保障理事会;常任理事国;拒否権
91,歴史の骨格,冷戦・脱植民地化・現代,1940年代後半〜1991年,世界,冷戦,国際対立,定義,冷戦とは何か？,第二次世界大戦後、アメリカを中心とする西側とソ連を中心とする東側が、全面戦争を避けながら対立した状態である。,対立軸,冷戦の中心となった政治・経済思想の対立は何か？,資本主義・自由主義と、社会主義・共産主義の対立である。,手段,冷戦は、どのような形で世界各地に現れたか？,軍事同盟、核軍拡、宣伝、経済援助、宇宙開発、代理戦争として現れた。,終結,冷戦は、いつ頃、どのような出来事を経て終結したか？,1989年の東欧革命とベルリンの壁崩壊、1991年のソ連崩壊を経て終結した。,冷戦について、陣営・思想対立・対立の手段・終結を説明せよ。,冷戦は、第二次世界大戦後から1991年まで、アメリカを中心とする西側陣営とソ連を中心とする東側陣営が、核戦争を避けながら世界規模で対立した状態である。軍事同盟、核軍拡、経済援助、代理戦争が続き、東欧革命とソ連崩壊によって終結した。,アメリカ;ソ連;資本主義;社会主義;核軍拡;代理戦争;1991年
92,歴史の骨格,冷戦・脱植民地化・現代,1949年以降,中国,中華人民共和国,国家,成立,中華人民共和国は、いつ、誰の指導で成立したか？,1949年10月1日、毛沢東を中心とする中国共産党の指導で成立した。,背景,成立前、中国共産党はどの勢力との内戦に勝利したか？,蔣介石が率いる中国国民党に勝利した。,毛沢東期,毛沢東時代に行われ、大きな混乱を招いた二つの運動は何か？,大躍進政策と文化大革命である。,改革,1978年以降、中国の経済路線を大きく変えた指導者と政策は何か？,鄧小平の指導下で進められた改革・開放政策である。,中華人民共和国について、1949年成立・国共内戦・毛沢東期・改革開放を説明せよ。,中華人民共和国は、国共内戦に勝利した中国共産党が、毛沢東の指導で1949年に建国した社会主義国家である。土地改革と社会主義化を進めたが、大躍進政策と文化大革命は深刻な混乱を招いた。1978年以降、鄧小平の改革・開放で市場的要素を取り入れ、急速に成長した。,1949年;毛沢東;中国共産党;国共内戦;大躍進政策;文化大革命;改革開放
93,歴史の骨格,冷戦・脱植民地化・現代,1950年〜1953年,朝鮮半島,朝鮮戦争,戦争・代理戦争,開始,朝鮮戦争は、どのように始まったか？,1950年6月、北朝鮮軍が38度線を越えて韓国へ侵攻して始まった。,陣営,朝鮮戦争で韓国側と北朝鮮側を主に支援した勢力は何か？,韓国側をアメリカ中心の国連軍が、北朝鮮側を中国が支援し、ソ連も後方支援した。,結果,朝鮮戦争は、どのように終わったか？,1953年に休戦協定が結ばれたが、平和条約は結ばれず、分断が続いた。,影響,朝鮮戦争は、冷戦にどのような影響を与えたか？,冷戦を軍事化し、東アジアの軍備拡大とアメリカの同盟網強化を促した。,朝鮮戦争について、開始・国際介入・休戦・冷戦への影響を説明せよ。,朝鮮戦争は、1950年に北朝鮮が韓国へ侵攻して始まった冷戦下の戦争である。韓国側にはアメリカ中心の国連軍、北朝鮮側には中国人民志願軍が介入した。1953年に休戦したが講和は成立せず、朝鮮半島の分断は継続し、東アジアの冷戦を軍事化した。,1950年;38度線;北朝鮮;韓国;国連軍;中国人民志願軍;1953年
94,歴史の骨格,冷戦・脱植民地化・現代,主に1955年〜1975年,ベトナム・インドシナ,ベトナム戦争,戦争・民族解放戦争,背景,ベトナム戦争は、どのような二つの対立が重なった戦争か？,植民地支配からの民族解放と、冷戦下の社会主義・反共陣営の対立が重なった戦争である。,陣営,ベトナム戦争で、北ベトナムと南ベトナムを主に支援した国はどこか？,北をソ連・中国が支援し、南をアメリカが支援した。,アメリカ,アメリカが本格的に軍事介入を拡大したのは、何年代か？,1960年代、特に1965年以降である。,結果,ベトナム戦争は、どのような結果に終わったか？,アメリカ軍が撤退し、1975年に北側が勝利して、翌年ベトナムが統一された。,ベトナム戦争について、民族解放と冷戦・陣営・アメリカ介入・統一を説明せよ。,ベトナム戦争は、フランス植民地支配からの解放過程と冷戦が重なった戦争である。北ベトナムと南ベトナム解放民族戦線に対し、アメリカは南ベトナムを支援して大規模介入した。反戦世論と戦況悪化の中で米軍は撤退し、1975年に北側が勝利して統一へ進んだ。,民族解放;北ベトナム;南ベトナム解放民族戦線;アメリカ;1965年;1975年
95,歴史の骨格,冷戦・脱植民地化・現代,主に1940年代後半〜1970年代,アジア・アフリカ・カリブ海など,脱植民地化,世界的政治変動,定義,脱植民地化とは何か？,植民地が宗主国の支配から離れ、独立国家となっていく過程である。,背景,第二次世界大戦後に脱植民地化が進んだ主な理由は何か？,宗主国の弱体化、民族運動の成長、植民地主義批判、国際連合の成立、冷戦下の国際環境である。,方法,植民地独立は、どのような方法で達成されたか？,交渉と非暴力運動で達成した場合もあれば、武装闘争や長期戦争を経た場合もあった。,課題,新独立国は、独立後にどのような課題を抱えたか？,植民地時代の国境、経済依存、民族対立、国家建設、冷戦への巻き込まれなどである。,脱植民地化について、定義・戦後に進んだ理由・独立方法・独立後の課題を説明せよ。,脱植民地化は、第二次世界大戦後を中心に、アジア・アフリカなどの植民地が宗主国から独立した過程である。宗主国の弱体化と民族運動、国際的な植民地主義批判が背景にあり、交渉・非暴力運動・武装闘争など多様な形で進んだ。独立後は国境・経済依存・国家建設が課題となった。,第二次世界大戦後;民族運動;独立;宗主国;国際連合;国家建設;経済依存
96,歴史の骨格,冷戦・脱植民地化・現代,主に1885年〜1947年,南アジア,インド独立,民族独立運動,組織,インド独立運動の中心的組織となった政党は何か？,インド国民会議である。,人物・方法,非暴力・不服従運動を指導した人物は誰か？,マハトマ＝ガンディーである。,独立,イギリス領インドが独立したのは何年か？,1947年である。,分離,独立時、英領インドはなぜインドとパキスタンに分離したか？,ヒンドゥー教徒とムスリムの政治的対立と、ムスリム連盟の分離国家要求が強まったためである。,インド独立について、国民会議・ガンディー・1947年・インドとパキスタンの分離を説明せよ。,インド独立は、インド国民会議を中心とする民族運動と、ガンディーの非暴力・不服従運動などを通じて進んだ。第二次世界大戦後、イギリスは支配を維持できなくなり、1947年に独立を認めた。ただし宗教対立からインドとパキスタンに分離され、大規模な移住と暴力が起きた。,インド国民会議;ガンディー;非暴力;不服従;1947年;パキスタン;分離独立
97,歴史の骨格,冷戦・脱植民地化・現代,主に1950年代〜1970年代,アフリカ大陸,アフリカ諸国の独立,民族独立運動,先例,サハラ以南のイギリス植民地で、1957年に独立した国はどこか？,ガーナである。,指導者,ガーナ独立を指導し、パン＝アフリカ主義を唱えた人物は誰か？,クワメ＝ンクルマである。,集中期,アフリカで多数の国が独立し、「アフリカの年」と呼ばれたのは何年か？,1960年である。,課題,独立したアフリカ諸国が直面した主な課題は何か？,植民地国境、単一産品依存、民族対立、軍事政権、冷戦介入などである。,アフリカ諸国の独立について、ガーナ・1960年・独立の背景・独立後の課題を説明せよ。,アフリカ諸国の独立は、第二次世界大戦後の民族運動と宗主国の弱体化を背景に進んだ。1957年にガーナが独立し、1960年には多数の国が独立して「アフリカの年」と呼ばれた。政治的独立後も、植民地国境、資源依存、冷戦介入、国家建設などの課題が残った。,ガーナ;ンクルマ;1957年;1960年;アフリカの年;植民地国境;資源依存
98,歴史の骨格,冷戦・脱植民地化・現代,1962年10月,キューバ・カリブ海・米ソ関係,キューバ危機,国際危機,原因,キューバ危機は、ソ連がキューバに何を配備したことで起きたか？,核弾頭を搭載可能な中距離ミサイルを配備したことで起きた。,対応,アメリカのケネディ大統領は、どのような対応を取ったか？,キューバ周辺の海上封鎖を発表し、ミサイル撤去を要求した。,解決,危機は、どのような合意で回避されたか？,ソ連がキューバのミサイルを撤去し、アメリカがキューバへ侵攻しないと約束し、さらにトルコの米軍ミサイル撤去も秘密裏に合意して回避された。,影響,キューバ危機は、米ソ関係にどのような影響を与えたか？,核戦争の危険を痛感させ、ホットライン設置や部分的核実験禁止条約など危機管理の強化につながった。,キューバ危機について、ミサイル配備・アメリカの対応・解決・核軍備管理への影響を説明せよ。,キューバ危機は、1962年にソ連がキューバへ核ミサイルを配備したことで、米ソが核戦争寸前まで対立した危機である。ケネディ政権は海上封鎖を行い、ソ連の撤去、米国のキューバ不侵攻、トルコの米軍ミサイル撤去により解決した。危機後、両国は連絡体制と核軍備管理を強化した。,1962年;ソ連;キューバ;核ミサイル;ケネディ;海上封鎖;ホットライン
99,歴史の骨格,冷戦・脱植民地化・現代,1950年代以降,ヨーロッパ,ヨーロッパ統合,地域統合,目的,第二次世界大戦後、ヨーロッパ統合が進められた主な目的は何か？,独仏対立を抑えて戦争を防ぎ、経済復興と国際的な発言力を高めるためだった。,出発点,1951年に成立し、石炭と鉄鋼を共同管理した組織は何か？,ヨーロッパ石炭鉄鋼共同体、ECSCである。,発展,1957年のローマ条約によって成立した共同体は何か？,ヨーロッパ経済共同体、EECである。,EU,現在の欧州連合につながるEUが発足したのは何年か？,マーストリヒト条約が発効した1993年である。,ヨーロッパ統合について、戦後の目的・ECSC・EEC・EUへの発展を説明せよ。,ヨーロッパ統合は、第二次世界大戦後、戦争防止と経済復興を目的に進められた地域協力である。1951年のECSCで石炭・鉄鋼を共同管理し、1957年のEECで共同市場を目指した。協力分野と加盟国を広げ、1993年にEUが発足し、主権の一部を共同機関で運用している。,独仏和解;ECSC;1951年;EEC;1957年;マーストリヒト条約;EU
100,歴史の骨格,冷戦・脱植民地化・現代,1985年〜1991年,ソ連・東ヨーロッパ,ソ連崩壊,国家解体・国際秩序変動,改革,ソ連末期にペレストロイカとグラスノスチを進めた指導者は誰か？,ミハイル＝ゴルバチョフである。,背景,ソ連が弱体化した主な原因は何か？,経済停滞、軍拡負担、政治制度の硬直、民族問題、改革による統制低下である。,東欧,1989年、ソ連の影響下にあった東ヨーロッパで何が起きたか？,東欧革命が起き、社会主義政権が相次いで崩壊し、ベルリンの壁も開放された。,解体,ソ連はいつ、どのように消滅したか？,1991年12月、構成共和国が相次いで独立し、ソ連は正式に解体した。,ソ連崩壊について、ゴルバチョフ改革・経済と民族問題・東欧革命・1991年の解体を説明せよ。,ソ連崩壊は、経済停滞、軍拡負担、政治の硬直、民族問題を背景に進んだ。ゴルバチョフは1985年以降ペレストロイカとグラスノスチを進めたが、統制の弱まりと危機を止められなかった。1989年の東欧革命を経て各共和国が独立し、1991年12月にソ連は消滅した。,ゴルバチョフ;ペレストロイカ;グラスノスチ;東欧革命;ベルリンの壁;1991年
