dataset_label,term_id,importance_rank,difficulty_label,category,term,reading,aliases,era,macro_region,region_detail,date_basis,display_period,start_year,end_year,sort_year,date_precision,date_note,question_count,q1_type,q1_question,q1_answer,q1_keywords,q2_type,q2_question,q2_answer,q2_keywords,q3_type,q3_question,q3_answer,q3_keywords,q4_type,q4_question,q4_answer,q4_keywords,integrated_question,total_explanation,total_keywords,relation_edges,source_1,source_2,verification_status
大学受験・最重要,WH-000001,20,大学受験・最重要,時代・歴史区分,新石器革命,しんせっきかくめい,農耕革命|食料生産革命,先史,複数地域,西アジアを先頭に中国・南アジア・中米など,農耕・牧畜の開始と普及時期,前1万年頃〜前4000年頃,-10000,-4000,-10000,approximate_range,地域差が大きいため、西アジアでの先行開始から主要地域への普及期を設定,3,core,何が起きた？,狩猟採集中心から**農耕・牧畜**へ移り、定住村落・人口増加・階層化が進んで、都市文明の土台ができた。,農耕・牧畜,time,農耕・牧畜が始まり広がったのはいつ？,前1万年頃〜前4000年頃,,place,主にどこで始まった？,西アジアの**肥沃な三日月地帯**で早く始まり、中国・南アジア・中米などでも独自に進んだ。,肥沃な三日月地帯,,,,,「新石器革命」について説明せよ。,前1万年頃から、西アジアの**肥沃な三日月地帯**などで**農耕・牧畜**が始まり、定住・人口増加・社会の階層化が進んで都市文明の土台となった。,肥沃な三日月地帯|農耕・牧畜,前提>農耕・牧畜||結果>定住生活||結果>人口増加||影響>メソポタミア文明,"OpenStax『World History Volume 1, to 1500』｜https://openstax.org/books/world-history-volume-1/pages/2-introduction",World History Encyclopedia検索｜https://www.worldhistory.org/search/?q=Neolithic+Revolution,単一資料確認
大学受験・最重要,WH-000002,42,大学受験・最重要,時代・歴史区分,メソポタミア文明,めそぽたみあぶんめい,,古代,西アジア,ティグリス川・ユーフラテス川流域,都市文明の成立から古代オリエント統合まで,前3500年頃〜前539年,-3500,-539,-3500,approximate_range,シュメール都市文明の成立から新バビロニア滅亡までを代表範囲とした,3,time,栄えたのはいつ？,前3500年頃〜前539年,,place,どこ？,西アジアのティグリス川・ユーフラテス川流域。,,core,何を築いた？,灌漑農業を基盤に**都市国家**を築き、**楔形文字**・暦・法典を発達させ、シュメール・アッカド・バビロニアなどの国家が興亡した。,都市国家|楔形文字,,,,,「メソポタミア文明」について説明せよ。,前3500年頃からティグリス川・ユーフラテス川流域で発達し、灌漑農業を基盤に**都市国家**、**楔形文字**、法典などを生み出した古代文明。,都市国家|楔形文字,前提>新石器革命||地域>ティグリス川・ユーフラテス川||文化>楔形文字||関係>ハンムラビ法典,"OpenStax『World History Volume 1, to 1500』｜https://openstax.org/books/world-history-volume-1/pages/3-introduction",World History Encyclopedia検索｜https://www.worldhistory.org/search/?q=Mesopotamia,単一資料確認
大学受験・最重要,WH-000003,43,大学受験・最重要,時代・歴史区分,エジプト文明,えじぷとぶんめい,古代エジプト文明,古代,アフリカ,ナイル川流域,統一王朝の存続期間,前3100年頃〜前30年,-3100,-30,-3100,approximate_range,上下エジプト統一からローマによる併合までを設定,3,time,栄えたのはいつ？,前3100年頃〜前30年,,place,どこ？,北東アフリカのナイル川流域。,,core,何を築いた？,**ファラオ**を頂点とする統一国家を築き、ナイルの定期的氾濫を利用した農業、**神聖文字**、ピラミッドなどを発達させた。,ファラオ|神聖文字,,,,,「エジプト文明」について説明せよ。,前3100年頃からナイル川流域で栄え、**ファラオ**を頂点とする王権、灌漑農業、**神聖文字**、ピラミッドなどを発達させた古代文明。,ファラオ|神聖文字,前提>新石器革命||地域>ナイル川||制度>ファラオ||文化>神聖文字,"OpenStax『World History Volume 1, to 1500』｜https://openstax.org/books/world-history-volume-1/pages/3-introduction",World History Encyclopedia検索｜https://www.worldhistory.org/search/?q=Ancient+Egypt,単一資料確認
大学受験・最重要,WH-000004,44,大学受験・最重要,時代・歴史区分,インダス文明,いんだすぶんめい,ハラッパー文明,古代,南アジア,インダス川流域・現在のパキスタン北西部,成熟期,前2600年頃〜前1900年頃,-2600,-1900,-2600,approximate_range,モヘンジョ＝ダーロとハラッパーが繁栄した成熟期を設定,3,time,栄えたのはいつ？,前2600年頃〜前1900年頃,,place,どこ？,インダス川流域を中心とする現在のパキスタン北西部。,,core,何を築いた？,**モヘンジョ＝ダーロ**や**ハラッパー**など、計画道路・排水設備を備えた都市を築き、メソポタミアとも交易した。,モヘンジョ＝ダーロ|ハラッパー,,,,,「インダス文明」について説明せよ。,前2600年頃からインダス川流域で栄え、**モヘンジョ＝ダーロ**や**ハラッパー**に計画都市と高度な排水設備を築いた文明。,モヘンジョ＝ダーロ|ハラッパー,地域>インダス川||都市>モヘンジョ＝ダーロ||都市>ハラッパー||交易>メソポタミア文明,"OpenStax『World History Volume 1, to 1500』｜https://openstax.org/books/world-history-volume-1/pages/3-introduction",World History Encyclopedia検索｜https://www.worldhistory.org/search/?q=Indus+Valley+Civilization,単一資料確認
大学受験・最重要,WH-000005,45,大学受験・最重要,制度・政策・法律,ハンムラビ法典,はんむらびほうてん,ハムラビ法典,古代,西アジア,古バビロニア王国・メソポタミア,編纂時期,前1750年頃,-1750,-1750,-1750,approximate_year,ハンムラビ王治世末期の編纂時期を代表年とした,3,time,編纂されたのはいつ？,前1750年頃,,place,どこに関係する法典？,メソポタミアの**古バビロニア王国**。,古バビロニア王国,content,何が書かれている？,身分ごとに異なる刑罰や契約・家族・財産の規定をまとめ、王が秩序と正義を守ることを示した成文法。,,,,,,「ハンムラビ法典」について説明せよ。,前1750年頃、メソポタミアの**古バビロニア王国**で編纂され、刑罰・契約・家族・財産などを身分秩序に沿って定めた成文法典。,古バビロニア王国,関係人物>ハンムラビ王||国家>古バビロニア王国||前提>メソポタミア文明||制度>成文法,"OpenStax『World History Volume 1, to 1500』｜https://openstax.org/books/world-history-volume-1/pages/4-introduction",World History Encyclopedia検索｜https://www.worldhistory.org/search/?q=Code+of+Hammurabi,単一資料確認
大学受験・最重要,WH-000006,99,大学受験・最重要,国家・王朝,殷,いん,商,古代,東アジア,黄河中下流域・中国,存続期間,前1600年頃〜前1046年頃,-1600,-1046,-1600,approximate_range,考古学的年代に幅があるため概算範囲を設定,3,time,存在したのはいつ？,前1600年頃〜前1046年頃,,place,どこ？,中国の黄河中下流域。,,core,何をした？,王が祭祀と政治を担い、**甲骨文字**を用いて占いを記録し、青銅器文化を発達させた。,甲骨文字,,,,,「殷」について説明せよ。,前1600年頃から黄河中下流域に栄え、王権・祭祀・青銅器文化を発達させ、**甲骨文字**を残した中国最古級の実在王朝。,甲骨文字,文化>甲骨文字||文化>青銅器||継承>周||地域>黄河,"OpenStax『World History Volume 1, to 1500』｜https://openstax.org/books/world-history-volume-1/pages/5-introduction",World History Encyclopedia検索｜https://www.worldhistory.org/search/?q=Shang+dynasty,単一資料確認
大学受験・最重要,WH-000007,100,大学受験・最重要,国家・王朝,周,しゅう,周王朝,古代,東アジア,黄河流域・中国,存続期間,前1046年頃〜前256年,-1046,-256,-1046,approximate_range,西周成立から東周滅亡までを設定,3,time,存在したのはいつ？,前1046年頃〜前256年,,place,どこ？,中国の黄河流域。,,core,何をした？,諸侯に土地と人民を与える**封建制**で支配し、王朝交代を正当化する**天命思想**を示した。後半は春秋・戦国時代となった。,封建制|天命思想,,,,,「周」について説明せよ。,前1046年頃に殷を倒して成立し、黄河流域を**封建制**で支配し、王朝交代を正当化する**天命思想**を生んだ王朝。,封建制|天命思想,前王朝>殷||制度>封建制||思想>天命思想||結果>春秋・戦国時代,"OpenStax『World History Volume 1, to 1500』｜https://openstax.org/books/world-history-volume-1/pages/5-introduction",World History Encyclopedia検索｜https://www.worldhistory.org/search/?q=Zhou+dynasty,単一資料確認
大学受験・最重要,WH-000008,96,大学受験・最重要,運動,バントゥー系民族の移動,ばんとぅーけいみんぞくのいどう,バントゥー人の移動|バントゥー拡大,複数時代,アフリカ,西・中央アフリカから東・南アフリカ,長期的な移住・拡散期,前1000年頃〜15世紀頃,-1000,1500,-1000,approximate_range,一度の移動ではなく長期的な人口・言語拡散を設定,3,time,広がったのはいつ？,前1000年頃〜15世紀頃,,place,どこからどこへ？,西・中央アフリカから東アフリカ・南アフリカへ。,,core,何が起きた？,農耕・製鉄技術を持つ人々が移住し、**バントゥー諸語**と農耕文化がサハラ以南アフリカの広い範囲へ広がった。,バントゥー諸語,,,,,「バントゥー系民族の移動」について説明せよ。,前1000年頃から、西・中央アフリカの人々が東・南へ長期的に移住し、農耕・製鉄技術と**バントゥー諸語**をサハラ以南に広げた。,バントゥー諸語,地域>サハラ以南アフリカ||普及>バントゥー諸語||普及>製鉄||影響>アフリカ社会,"OpenStax『World History Volume 1, to 1500』｜https://openstax.org/books/world-history-volume-1/pages/9-introduction",World History Encyclopedia検索｜https://www.worldhistory.org/search/?q=Bantu+expansion,単一資料確認
大学受験・最重要,WH-000009,46,大学受験・最重要,宗教・宗派,ユダヤ教,ゆだやきょう,,古代,西アジア,パレスチナを中心とする西アジア,成立・体系化時期,前10〜前5世紀頃,-1000,-401,-1000,approximate_range,古代イスラエルの信仰形成からバビロン捕囚後の体系化までを設定,3,time,成立・体系化したのはいつ？,前10〜前5世紀頃,,place,どこで成立した？,パレスチナを中心とする西アジア。,,core,どんな宗教？,唯一神**ヤハウェ**との契約を重視する一神教で、律法をまとめた**旧約聖書**を聖典とし、キリスト教・イスラーム教に大きな影響を与えた。,ヤハウェ|旧約聖書,,,,,「ユダヤ教」について説明せよ。,前10〜前5世紀頃のパレスチナを中心に成立・体系化し、唯一神**ヤハウェ**との契約と律法を重視して、**旧約聖書**を聖典とした一神教。,ヤハウェ|旧約聖書,聖典>旧約聖書||思想>一神教||影響>キリスト教||影響>イスラーム教,"OpenStax『World History Volume 1, to 1500』｜https://openstax.org/books/world-history-volume-1/pages/4-introduction",World History Encyclopedia検索｜https://www.worldhistory.org/search/?q=Judaism,単一資料確認
大学受験・最重要,WH-000010,41,大学受験・最重要,地域・都市,ポリス,ぽりす,都市国家,古代,ヨーロッパ,エーゲ海沿岸・古代ギリシア,成立・繁栄時期,前8〜前4世紀,-800,-301,-800,century,ギリシアの都市国家が成立しマケドニアに征服されるまでを設定,3,time,成立し栄えたのはいつ？,前8〜前4世紀,,place,どこ？,エーゲ海沿岸を中心とする古代ギリシア。,,core,何を築いた？,城壁都市と周辺農地からなる**都市国家**を築き、アテネでは市民民主政、スパルタでは軍国的体制が発達した。,都市国家,,,,,「ポリス」について説明せよ。,前8〜前4世紀の古代ギリシアで発達した**都市国家**。アテネの市民民主政やスパルタの軍国的体制など、多様な政治社会を生んだ。,都市国家,地域>古代ギリシア||例>アテネ||例>スパルタ||結果>ギリシア文化,"OpenStax『World History Volume 1, to 1500』｜https://openstax.org/books/world-history-volume-1/pages/6-introduction",World History Encyclopedia検索｜https://www.worldhistory.org/search/?q=Greek+polis,単一資料確認
大学受験・最重要,WH-000011,21,大学受験・最重要,国家・王朝,アケメネス朝,あけめねすちょう,アケメネス朝ペルシア,古代,西アジア,イラン高原からエジプト・小アジア・中央アジア,存続期間,前550〜前330年,-550,-330,-550,exact_range,キュロス2世の建国からアレクサンドロスによる滅亡まで,3,time,存在したのはいつ？,前550〜前330年,,place,どこ？,イラン高原を中心に、エジプト・小アジア・中央アジアまで。,,core,何をした？,広大な領土を**サトラップ制**で統治し、**王の道**と駅伝制を整え、異民族の宗教や慣習を比較的尊重した。,サトラップ制|王の道,,,,,「アケメネス朝」について説明せよ。,前550〜前330年、イラン高原を中心に広大な領土を支配し、**サトラップ制**、**王の道**、駅伝制で多民族帝国を統治した王朝。,サトラップ制|王の道,建国>キュロス2世||制度>サトラップ制||交通>王の道||滅亡>アレクサンドロス大王,"OpenStax『World History Volume 1, to 1500』｜https://openstax.org/books/world-history-volume-1/pages/4-introduction",World History Encyclopedia検索｜https://www.worldhistory.org/search/?q=Achaemenid+Empire,単一資料確認
大学受験・最重要,WH-000012,39,大学受験・最重要,宗教・宗派,仏教,ぶっきょう,,古代,南アジア,北インドから南・中央・東南・東アジア,成立と初期普及時期,前5〜前3世紀頃,-500,-201,-500,approximate_range,ゴータマ＝シッダールタの活動からマウリヤ朝期の広域普及までを設定,3,time,成立し広がり始めたのはいつ？,前5〜前3世紀頃,,place,どこで成立した？,北インドで成立し、その後アジア各地へ広がった。,,core,どんな宗教？,**ゴータマ＝シッダールタ**が、欲望や執着が苦を生むと説き、修行と正しい生き方によって悟りと解脱を目指した宗教。,ゴータマ＝シッダールタ,,,,,「仏教」について説明せよ。,前5世紀頃に北インドで**ゴータマ＝シッダールタ**が開き、欲望・執着から離れて悟りと解脱を目指す教えとして、アジア各地へ広がった。,ゴータマ＝シッダールタ,開祖>ゴータマ＝シッダールタ||普及>マウリヤ朝||普及>シルクロード||影響>東アジア文化,"OpenStax『World History Volume 1, to 1500』｜https://openstax.org/books/world-history-volume-1/pages/5-introduction",World History Encyclopedia検索｜https://www.worldhistory.org/search/?q=Buddhism,単一資料確認
大学受験・最重要,WH-000013,40,大学受験・最重要,思想・主義,儒教,じゅきょう,儒家思想,古代,東アジア,中国から朝鮮・日本・ベトナム,成立・体系化時期,前5〜前2世紀頃,-500,-101,-500,approximate_range,孔子の活動から漢代に国家思想として整備される前段階までを設定,3,time,成立・体系化したのはいつ？,前5〜前2世紀頃,,place,どこで成立した？,中国で成立し、のちに東アジアへ広がった。,,core,どんな考え？,**孔子**の教えを基礎に、仁・礼・家族秩序・徳による政治を重視し、漢代以降の官僚教育と社会規範の中心となった。,孔子,,,,,「儒教」について説明せよ。,前5世紀頃の中国で**孔子**の教えから成立し、仁・礼・家族秩序・徳治を重視して、漢代以降の東アジアの政治と社会規範を形づくった思想。,孔子,開祖>孔子||思想>仁||思想>礼||普及>漢,"OpenStax『World History Volume 1, to 1500』｜https://openstax.org/books/world-history-volume-1/pages/5-introduction",World History Encyclopedia検索｜https://www.worldhistory.org/search/?q=Confucianism,単一資料確認
大学受験・最重要,WH-000014,38,大学受験・最重要,人物,アレクサンドロス大王,あれくさんどろすだいおう,アレクサンドロス3世|アレキサンダー大王,古代,複数地域,マケドニアから東地中海・エジプト・西アジア・中央アジア,主な活動時期,前336〜前323年,-336,-323,-336,exact_range,マケドニア王即位から死去までの征服活動期を設定,3,time,主に活動したのはいつ？,前336〜前323年,,place,主にどこで活動した？,マケドニアからエジプト・西アジア・中央アジア・インダス川流域まで。,,core,何をした？,マケドニア王として**アケメネス朝**を滅ぼし、東方遠征で大帝国を築き、ギリシア文化と東方文化が交わる**ヘレニズム**の土台を作った。,アケメネス朝|ヘレニズム,,,,,「アレクサンドロス大王」について説明せよ。,前336〜前323年にマケドニア王として東方遠征を行い、**アケメネス朝**を滅ぼして大帝国を築き、**ヘレニズム**世界の成立を促した。,アケメネス朝|ヘレニズム,滅亡>アケメネス朝||結果>ヘレニズム||建国>アレクサンドリア||継承>ディアドコイ,"OpenStax『World History Volume 1, to 1500』｜https://openstax.org/books/world-history-volume-1/pages/6-introduction",World History Encyclopedia検索｜https://www.worldhistory.org/search/?q=Alexander+the+Great,単一資料確認
大学受験・最重要,WH-000015,37,大学受験・最重要,文化・技術・学問,ヘレニズム,へれにずむ,ヘレニズム文化,古代,複数地域,東地中海・エジプト・西アジア・中央アジア,歴史区分,前323〜前30年,-323,-30,-323,exact_range,アレクサンドロス死後からプトレマイオス朝エジプト滅亡まで,3,time,広がったのはいつ？,前323〜前30年,,place,主にどこで広がった？,東地中海・エジプト・西アジア・中央アジア。,,core,何が生まれた？,アレクサンドロスの征服後、ギリシア文化と東方文化が融合し、**コイネー**、自然科学、世界市民主義的な文化が発達した。,コイネー,,,,,「ヘレニズム」について説明せよ。,前323〜前30年、アレクサンドロスの征服地域でギリシア文化と東方文化が融合し、**コイネー**や自然科学などが発達した文化・時代。,コイネー,前提>アレクサンドロス大王||地域>アレクサンドリア||文化>コイネー||継承>ローマ帝国,"OpenStax『World History Volume 1, to 1500』｜https://openstax.org/books/world-history-volume-1/pages/6-introduction",World History Encyclopedia検索｜https://www.worldhistory.org/search/?q=Hellenistic+period,単一資料確認
大学受験・最重要,WH-000016,18,大学受験・最重要,国家・王朝,秦,しん,秦朝,古代,東アジア,中国,統一王朝としての存続期間,前221〜前206年,-221,-206,-221,exact_range,始皇帝による中国統一から秦滅亡まで,3,time,存在したのはいつ？,前221〜前206年,,place,どこ？,中国。,,core,何をした？,**始皇帝**が中国を初めて統一し、**郡県制**を全国に広げ、文字・貨幣・度量衡を統一して中央集権国家を築いた。,始皇帝|郡県制,,,,,「秦」について説明せよ。,前221年に**始皇帝**が中国を初めて統一し、**郡県制**、文字・貨幣・度量衡の統一によって中央集権国家の型を作った王朝。,始皇帝|郡県制,関係人物>始皇帝||制度>郡県制||前提>戦国時代||継承>漢,"OpenStax『World History Volume 1, to 1500』｜https://openstax.org/books/world-history-volume-1/pages/5-introduction",World History Encyclopedia検索｜https://www.worldhistory.org/search/?q=Qin+dynasty,単一資料確認
大学受験・最重要,WH-000017,19,大学受験・最重要,国家・王朝,漢,かん,漢王朝|前漢・後漢,古代,東アジア,中国を中心に朝鮮半島・中央アジア方面,王朝の存続期間,前202〜220年,-202,220,-202,exact_range,前漢成立から後漢滅亡までを一体として設定,3,time,存在したのはいつ？,前202〜220年,,place,どこ？,中国を中心に、朝鮮半島北部や中央アジア方面まで。,,core,何をした？,秦の中央集権を受け継ぎ、**郡国制**から官僚国家を整え、武帝期に領土を拡大して**儒教**を国家統治の柱とし、シルクロードを開いた。,郡国制|儒教,,,,,「漢」について説明せよ。,前202〜220年、中国で秦の中央集権を受け継ぎ、武帝期に領土を拡大し、**儒教**を統治理念として整え、**シルクロード**交易を発展させた王朝。,儒教|シルクロード,前王朝>秦||制度>郡国制||思想>儒教||交易>シルクロード,"OpenStax『World History Volume 1, to 1500』｜https://openstax.org/books/world-history-volume-1/pages/5-introduction",World History Encyclopedia検索｜https://www.worldhistory.org/search/?q=Han+dynasty,単一資料確認
大学受験・最重要,WH-000018,17,大学受験・最重要,経済・交易,シルクロード,しるくろーど,絹の道,複数時代,ユーラシア,中国・中央アジア・西アジア・地中海世界,主要交易路としての活動期,前2世紀頃〜15世紀頃,-130,1453,-130,approximate_range,漢代の本格的開通から海上交易の優位が強まるまでを設定,3,time,主要交易路として使われたのはいつ？,前2世紀頃〜15世紀頃,,place,どこを結んだ？,中国から中央アジア・西アジアを通り、地中海世界まで。,,core,何が行き来した？,絹・香辛料・馬・金銀などの商品だけでなく、**仏教**・技術・美術・疫病なども伝わった。,仏教,,,,,「シルクロード」について説明せよ。,前2世紀頃から、中国・中央アジア・西アジア・地中海を結び、絹などの商品とともに**仏教**・技術・美術・疫病を運んだユーラシア交易路。,仏教,前提>漢||交易品>絹||普及>仏教||影響>モンゴル帝国,"OpenStax『World History Volume 1, to 1500』｜https://openstax.org/books/world-history-volume-1/pages/12-introduction",World History Encyclopedia検索｜https://www.worldhistory.org/search/?q=Silk+Road,単一資料確認
大学受験・最重要,WH-000019,6,大学受験・最重要,国家・王朝,ローマ帝国,ろーまていこく,帝政ローマ,古代,複数地域,地中海世界・西ヨーロッパ・北アフリカ・西アジア,西方帝国を中心とする帝政期,前27〜476年,-27,476,-27,exact_range,アウグストゥスの帝政開始から西ローマ帝国滅亡までを代表範囲とした,3,time,帝政期はいつ？,前27〜476年,,place,どこ？,地中海を中心に、西ヨーロッパ・北アフリカ・西アジアまで。,,core,何をした？,**ローマ法**・道路・都市・共通通貨を整えて地中海世界を統合し、長期の平和で交易を活発化させ、のちに**キリスト教**を公認・国教化した。,ローマ法|キリスト教,,,,,「ローマ帝国」について説明せよ。,前27年から地中海世界を広く統合し、**ローマ法**、道路、都市、交易網を発達させ、のちに**キリスト教**を公認・国教化した帝国。,ローマ法|キリスト教,制度>ローマ法||宗教>キリスト教||分裂>ビザンツ帝国||滅亡>ゲルマン民族の大移動,"OpenStax『World History Volume 1, to 1500』｜https://openstax.org/books/world-history-volume-1/pages/7-introduction",World History Encyclopedia検索｜https://www.worldhistory.org/search/?q=Roman+Empire,単一資料確認
大学受験・最重要,WH-000020,8,大学受験・最重要,宗教・宗派,キリスト教,きりすときょう,,古代,複数地域,パレスチナから地中海世界・ヨーロッパ,成立とローマ帝国内での公認・国教化期,1〜4世紀,30,380,30,approximate_range,イエスの活動後からローマ帝国での国教化までを設定,3,time,成立し広がったのはいつ？,1〜4世紀,,place,どこで成立し広がった？,パレスチナで成立し、地中海世界・ヨーロッパへ広がった。,,core,どんな宗教？,**イエス**の教えを基礎に、唯一神への信仰と隣人愛・救済を説く宗教。迫害を受けたが、313年の**ミラノ勅令**で公認され、380年にローマ帝国の国教となった。,イエス|ミラノ勅令,,,,,「キリスト教」について説明せよ。,1世紀のパレスチナで**イエス**の教えから成立し、地中海世界へ広がって、313年の**ミラノ勅令**で公認、380年にローマ帝国の国教となった。,イエス|ミラノ勅令,前提>ユダヤ教||開祖>イエス||公認>ミラノ勅令||普及>ローマ帝国,"OpenStax『World History Volume 1, to 1500』｜https://openstax.org/books/world-history-volume-1/pages/10-introduction",World History Encyclopedia検索｜https://www.worldhistory.org/search/?q=Christianity,単一資料確認
大学受験・最重要,WH-000021,92,大学受験・最重要,時代・歴史区分,マヤ文明,まやぶんめい,,古代,ラテンアメリカ,メソアメリカ・ユカタン半島・グアテマラ高地,古典期の繁栄時期,3〜9世紀,250,900,250,approximate_range,都市国家が特に繁栄した古典期を設定,3,time,特に栄えたのはいつ？,3〜9世紀,,place,どこ？,メソアメリカのユカタン半島やグアテマラ高地。,,core,何を築いた？,多数の**都市国家**を築き、階段ピラミッド、精密な暦、天文学、**マヤ文字**を発達させた。,都市国家|マヤ文字,,,,,「マヤ文明」について説明せよ。,3〜9世紀を中心にメソアメリカで繁栄し、多数の**都市国家**、階段ピラミッド、精密な暦・天文学、**マヤ文字**を発達させた文明。,都市国家|マヤ文字,地域>メソアメリカ||文化>マヤ文字||文化>暦||同時代>グプタ朝,"OpenStax『World History Volume 1, to 1500』｜https://openstax.org/books/world-history-volume-1/pages/8-introduction",World History Encyclopedia検索｜https://www.worldhistory.org/search/?q=Maya+civilization,単一資料確認
大学受験・最重要,WH-000022,98,大学受験・最重要,国家・王朝,グプタ朝,ぐぷたちょう,グプタ王朝,古代,南アジア,北インド,存続期間,320年頃〜550年頃,320,550,320,approximate_range,成立から衰退・分裂までの概算期間を設定,3,time,存在したのはいつ？,320年頃〜550年頃,,place,どこ？,北インド。,,core,何をした？,北インドを統一し、**ヒンドゥー教**を保護しながら、サンスクリット文学・数学・天文学などの古典文化を発展させた。,ヒンドゥー教,,,,,「グプタ朝」について説明せよ。,320年頃から北インドを統一し、**ヒンドゥー教**を保護して、サンスクリット文学・数学・天文学などインド古典文化を発展させた王朝。,ヒンドゥー教,宗教>ヒンドゥー教||文化>サンスクリット文学||文化>数学||地域>北インド,"OpenStax『World History Volume 1, to 1500』｜https://openstax.org/books/world-history-volume-1/pages/5-introduction",World History Encyclopedia検索｜https://www.worldhistory.org/search/?q=Gupta+Empire,単一資料確認
大学受験・最重要,WH-000023,97,大学受験・最重要,運動,ゲルマン民族の大移動,げるまんみんぞくのだいいどう,民族大移動,古代,ヨーロッパ,ライン川・ドナウ川以北から西ローマ帝国領,主要移動期,375〜568年,375,568,375,exact_range,フン人西進を契機とする移動開始からランゴバルド人のイタリア侵入まで,4,time,本格化したのはいつ？,375〜568年,,place,どこからどこへ？,ライン川・ドナウ川以北から西ローマ帝国領へ。,,cause,なぜ起きた？,中央アジアから西進した**フン人**の圧迫や、ローマ領内への移住・略奪・土地獲得の動きが重なった。,フン人,core,何が起きた？,西ゴート・東ゴート・フランクなどがローマ領内に諸王国を建て、476年の**西ローマ帝国滅亡**と中世ヨーロッパ形成につながった。,西ローマ帝国滅亡,「ゲルマン民族の大移動」について説明せよ。,375年頃から、**フン人**の西進などを背景にゲルマン諸部族が西ローマ領へ移動し、諸王国を建てて476年の**西ローマ帝国滅亡**と中世社会の形成を促した。,フン人|西ローマ帝国滅亡,原因>フン人||結果>西ローマ帝国滅亡||建国>フランク王国||影響>封建社会,"OpenStax『World History Volume 1, to 1500』｜https://openstax.org/books/world-history-volume-1/pages/10-introduction",World History Encyclopedia検索｜https://www.worldhistory.org/search/?q=Migration+Period+Germanic+peoples,単一資料確認
大学受験・最重要,WH-000024,31,大学受験・最重要,国家・王朝,ビザンツ帝国,びざんつていこく,東ローマ帝国,複数時代,複数地域,バルカン半島・アナトリア・東地中海,東西分裂後の存続期間,395〜1453年,395,1453,395,exact_range,ローマ帝国の東西分裂からコンスタンティノープル陥落まで,3,time,存在したのはいつ？,395〜1453年,,place,どこ？,コンスタンティノープルを中心に、バルカン半島・アナトリア・東地中海。,,core,何をした？,ローマの国家制度とギリシア文化を継承し、**ユスティニアヌス法典**を編纂し、正教会文化を東ヨーロッパへ広げた。,ユスティニアヌス法典,,,,,「ビザンツ帝国」について説明せよ。,395〜1453年、コンスタンティノープルを中心にローマ帝国東部を継承し、**ユスティニアヌス法典**と正教会文化を発展させた帝国。,ユスティニアヌス法典,継承>ローマ帝国||制度>ユスティニアヌス法典||宗教>正教会||滅亡>オスマン帝国,"OpenStax『World History Volume 1, to 1500』｜https://openstax.org/books/world-history-volume-1/pages/10-introduction",World History Encyclopedia検索｜https://www.worldhistory.org/search/?q=Byzantine+Empire,単一資料確認
大学受験・最重要,WH-000025,30,大学受験・最重要,国家・王朝,フランク王国,ふらんくおうこく,,中世,ヨーロッパ,ガリア・西ヨーロッパ・中央ヨーロッパ,主要王国としての存続期間,481〜843年,481,843,481,exact_range,クローヴィス即位からヴェルダン条約による分割までを設定,3,time,主要王国として存在したのはいつ？,481〜843年,,place,どこ？,ガリアを中心とする西ヨーロッパ・中央ヨーロッパ。,,core,何をした？,クローヴィスがカトリックに改宗して教会と結びつき、**カール大帝**が西ヨーロッパの大部分を統一した。843年の**ヴェルダン条約**で分割された。,カール大帝|ヴェルダン条約,,,,,「フランク王国」について説明せよ。,481〜843年、ガリアを中心に成立し、カトリック教会と結びつき、**カール大帝**の時代に西ヨーロッパを広く統一した王国。**ヴェルダン条約**で分割された。,カール大帝|ヴェルダン条約,建国>クローヴィス||関係人物>カール大帝||条約>ヴェルダン条約||影響>神聖ローマ帝国,"OpenStax『World History Volume 1, to 1500』｜https://openstax.org/books/world-history-volume-1/pages/13-introduction",World History Encyclopedia検索｜https://www.worldhistory.org/search/?q=Frankish+Kingdom,単一資料確認
大学受験・最重要,WH-000026,7,大学受験・最重要,宗教・宗派,イスラーム教,いすらーむきょう,イスラム教,中世,西アジア,アラビア半島から西アジア・北アフリカ・中央アジア,成立時期,610〜632年頃,610,632,610,approximate_range,ムハンマドの最初の啓示から死去までの共同体形成期を設定,3,time,成立したのはいつ？,610〜632年頃,,place,どこで成立した？,アラビア半島のメッカとメディナ。,,core,どんな宗教？,**ムハンマド**が唯一神**アッラー**への絶対的服従を説き、啓示を**クルアーン**にまとめた一神教。信仰と共同体が結びつき、急速に広がった。,ムハンマド|アッラー|クルアーン,,,,,「イスラーム教」について説明せよ。,7世紀前半のアラビア半島で**ムハンマド**が開き、唯一神**アッラー**への服従と共同体の結束を説き、**クルアーン**を聖典とした一神教。,ムハンマド|アッラー|クルアーン,開祖>ムハンマド||聖典>クルアーン||前提>ユダヤ教||影響>ウマイヤ朝,"OpenStax『World History Volume 1, to 1500』｜https://openstax.org/books/world-history-volume-1/pages/11-introduction",World History Encyclopedia検索｜https://www.worldhistory.org/search/?q=Islam,単一資料確認
大学受験・最重要,WH-000027,22,大学受験・最重要,国家・王朝,唐,とう,唐朝,中世,東アジア,中国を中心に朝鮮半島・中央アジア・ベトナム北部,存続期間,618〜907年,618,907,618,exact_range,建国から滅亡までの王朝存続期間,3,time,存在したのはいつ？,618〜907年,,place,どこ？,中国を中心に、朝鮮半島・中央アジア・ベトナム北部へ影響した。,,core,何をした？,**律令制**・均田制・租庸調を整え、長安を国際都市として東西交易を発展させ、東アジア諸国へ制度・仏教・文化を広めた。,律令制,,,,,「唐」について説明せよ。,618〜907年、中国で**律令制**などを整え、長安を国際都市として繁栄させ、制度・仏教・文化を東アジアへ広めた王朝。,律令制,制度>律令制||首都>長安||交易>シルクロード||継承>宋,"OpenStax『World History Volume 1, to 1500』｜https://openstax.org/books/world-history-volume-1/pages/12-introduction",World History Encyclopedia検索｜https://www.worldhistory.org/search/?q=Tang+dynasty,単一資料確認
大学受験・最重要,WH-000028,24,大学受験・最重要,国家・王朝,ウマイヤ朝,うまいやちょう,,中世,複数地域,西アジア・北アフリカ・イベリア半島,存続期間,661〜750年,661,750,661,exact_range,ムアーウィヤの建国からアッバース革命まで,3,time,存在したのはいつ？,661〜750年,,place,どこ？,ダマスクスを首都に、西アジア・北アフリカ・イベリア半島まで。,,core,何をした？,**ダマスクス**を首都としてイスラーム勢力を急拡大し、アラビア語を公用語化した一方、アラブ人を優遇したため非アラブ改宗者の不満を招いた。,ダマスクス,,,,,「ウマイヤ朝」について説明せよ。,661〜750年、**ダマスクス**を首都に西アジアから北アフリカ・イベリア半島まで支配を広げた王朝。アラブ人優遇への不満が**アッバース革命**につながった。,ダマスクス|アッバース革命,首都>ダマスクス||政策>アラブ人優遇||結果>アッバース革命||継承>アッバース朝,"OpenStax『World History Volume 1, to 1500』｜https://openstax.org/books/world-history-volume-1/pages/11-introduction",World History Encyclopedia検索｜https://www.worldhistory.org/search/?q=Umayyad+Caliphate,単一資料確認
大学受験・最重要,WH-000029,47,大学受験・最重要,制度・政策・法律,封建社会,ほうけんしゃかい,中世ヨーロッパの封建社会,中世,ヨーロッパ,西ヨーロッパ,形成・展開時期,8〜13世紀頃,701,1300,701,century,主従関係と荘園制が西ヨーロッパで広く機能した時期を設定,3,time,形成・展開したのはいつ？,8〜13世紀頃,,place,どこ？,西ヨーロッパ。,,definition,どんな社会？,領主と家臣が土地を仲立ちに結ばれる**封建的主従関係**と、農民が領主の荘園で生産する**荘園制**を基盤とした社会。,封建的主従関係|荘園制,,,,,「封建社会」について説明せよ。,8〜13世紀頃の西ヨーロッパで、土地を仲立ちとする**封建的主従関係**と、農民の生産を支配する**荘園制**を基盤に成立した社会。,封建的主従関係|荘園制,前提>フランク王国||制度>封建的主従関係||制度>荘園制||変化>十字軍,"OpenStax『World History Volume 1, to 1500』｜https://openstax.org/books/world-history-volume-1/pages/13-introduction",World History Encyclopedia検索｜https://www.worldhistory.org/search/?q=Feudalism+medieval+Europe,単一資料確認
大学受験・最重要,WH-000030,23,大学受験・最重要,国家・王朝,アッバース朝,あっばーすちょう,,中世,複数地域,西アジア・北アフリカ・中央アジア,存続期間,750〜1258年,750,1258,750,exact_range,アッバース革命からモンゴル軍によるバグダード陥落まで,3,time,存在したのはいつ？,750〜1258年,,place,どこ？,バグダードを中心に、西アジア・北アフリカ・中央アジアへ影響した。,,core,何をした？,**バグダード**を首都に多民族的なイスラーム帝国を築き、交易・学問・翻訳活動を発展させた。のちに地方王朝が自立して政治権力は縮小した。,バグダード,,,,,「アッバース朝」について説明せよ。,750〜1258年、**バグダード**を中心に多民族的なイスラーム世界を形成し、国際交易、医学・数学・哲学、ギリシア語文献の翻訳を発展させた王朝。,バグダード,前王朝>ウマイヤ朝||首都>バグダード||文化>翻訳運動||滅亡>モンゴル帝国,"OpenStax『World History Volume 1, to 1500』｜https://openstax.org/books/world-history-volume-1/pages/11-introduction",World History Encyclopedia検索｜https://www.worldhistory.org/search/?q=Abbasid+Caliphate,単一資料確認
大学受験・最重要,WH-000031,25,大学受験・最重要,国家・王朝,宋,そう,宋朝|北宋・南宋,中世,東アジア,中国,存続期間,960〜1279年,960,1279,960,exact_range,北宋建国から南宋滅亡までを一体として設定,3,time,存在したのはいつ？,960〜1279年,,place,どこ？,中国。北宋は開封、南宋は臨安を都とした。,,core,何をした？,文官官僚制を強め、**科挙**を整備し、稲作・都市・商業・海上交易を発展させ、**交子**など紙幣や火薬・羅針盤・印刷術を普及させた。,科挙|交子,,,,,「宋」について説明せよ。,960〜1279年、中国で文官官僚制と**科挙**を発達させ、農業・都市・海上交易を大きく伸ばし、紙幣や火薬・羅針盤・印刷術を広めた王朝。,科挙,制度>科挙||経済>交子||交易>海上交易||滅亡>モンゴル帝国,"OpenStax『World History Volume 1, to 1500』｜https://openstax.org/books/world-history-volume-1/pages/12-introduction",World History Encyclopedia検索｜https://www.worldhistory.org/search/?q=Song+dynasty,単一資料確認
大学受験・最重要,WH-000032,29,大学受験・最重要,国家・王朝,神聖ローマ帝国,しんせいろーまていこく,,複数時代,ヨーロッパ,ドイツ・北イタリアを中心とする中央ヨーロッパ,存続期間,962〜1806年,962,1806,962,exact_range,オットー1世の皇帝戴冠からナポレオン戦争期の解体まで,3,time,存在したのはいつ？,962〜1806年,,place,どこ？,ドイツ・北イタリアを中心とする中央ヨーロッパ。,,core,何をした？,**オットー1世**の皇帝戴冠から始まり、皇帝と諸侯・教皇が権力を争った。地方分権が強く、宗教改革と**三十年戦争**の主要舞台となった。,オットー1世|三十年戦争,,,,,「神聖ローマ帝国」について説明せよ。,962〜1806年、ドイツ・北イタリアを中心に存在し、**オットー1世**に始まる皇帝権と諸侯・教皇の対立を抱え、宗教改革と**三十年戦争**の舞台となった帝国。,オットー1世|三十年戦争,成立>オットー1世||前提>フランク王国||舞台>宗教改革||舞台>三十年戦争,"OpenStax『World History Volume 1, to 1500』｜https://openstax.org/books/world-history-volume-1/pages/13-introduction",World History Encyclopedia検索｜https://www.worldhistory.org/search/?q=Holy+Roman+Empire,単一資料確認
大学受験・最重要,WH-000033,32,大学受験・最重要,戦争,十字軍,じゅうじぐん,,中世,複数地域,西ヨーロッパ・東地中海・西アジア,主要遠征期,1096〜1291年,1096,1291,1096,exact_range,第1回十字軍出発から最後の主要拠点アッコン陥落まで,4,time,主要な遠征が行われたのはいつ？,1096〜1291年,,place,主な舞台はどこ？,西ヨーロッパから東地中海・パレスチナ。,,cause,なぜ起きた？,教皇が聖地エルサレム奪回を呼びかけ、信仰熱に加えて騎士・商人・諸侯の土地や交易への期待が結びついた。,,core,何が起きた？,一時的に**十字軍国家**を築いたが最終的に失敗し、教皇権の低下、地中海交易と都市の発展、イスラーム世界との交流を促した。,十字軍国家,「十字軍」について説明せよ。,1096〜1291年、教皇の呼びかけで西ヨーロッパの軍勢が聖地奪回を目指した遠征。**十字軍国家**を一時築いたが失敗し、地中海交易・都市発展と教皇権低下を促した。,十字軍国家,原因>聖地エルサレム||主体>教皇||結果>十字軍国家||影響>地中海交易,"OpenStax『World History Volume 1, to 1500』｜https://openstax.org/books/world-history-volume-1/pages/13-introduction",World History Encyclopedia検索｜https://www.worldhistory.org/search/?q=Crusades,単一資料確認
大学受験・最重要,WH-000034,14,大学受験・最重要,国家・王朝,モンゴル帝国,もんごるていこく,,中世,ユーラシア,モンゴル高原から中国・中央アジア・西アジア・東ヨーロッパ,成立から主要支配圏の再編期,1206〜1368年,1206,1368,1206,exact_range,チンギス＝ハン即位から元の中国支配終焉までを代表範囲とした,3,time,成立し大きな影響を与えたのはいつ？,1206〜1368年,,place,どこ？,モンゴル高原から中国・中央アジア・西アジア・東ヨーロッパまで。,,core,何をした？,**チンギス＝ハン**が遊牧諸部族を統一し、騎馬軍事力でユーラシア最大級の帝国を築いた。駅伝制と安全な交易路により**東西交流**を活発化させた。,チンギス＝ハン|東西交流,,,,,「モンゴル帝国」について説明せよ。,1206年に**チンギス＝ハン**が建国し、ユーラシア各地を征服した大帝国。駅伝制と交易路の保護により**東西交流**を大きく活発化させた。,チンギス＝ハン|東西交流,建国>チンギス＝ハン||制度>駅伝制||交易>シルクロード||滅亡>アッバース朝,"OpenStax『World History Volume 1, to 1500』｜https://openstax.org/books/world-history-volume-1/pages/14-introduction",World History Encyclopedia検索｜https://www.worldhistory.org/search/?q=Mongol+Empire,単一資料確認
大学受験・最重要,WH-000035,95,大学受験・最重要,国家・王朝,マリ王国,まりおうこく,マリ帝国,中世,アフリカ,西アフリカ・ニジェール川流域,存続・繁栄期間,1235年頃〜16世紀末,1235,1600,1235,approximate_range,建国からソンガイ勢力などによる衰退までを設定,3,time,存在し栄えたのはいつ？,1235年頃〜16世紀末,,place,どこ？,西アフリカのニジェール川流域。,,core,何をした？,金と塩の**サハラ交易**を支配し、**マンサ＝ムーサ**のメッカ巡礼で富を世界に示し、トンブクトゥをイスラーム学問・交易の都市として栄えさせた。,サハラ交易|マンサ＝ムーサ,,,,,「マリ王国」について説明せよ。,13〜16世紀、西アフリカのニジェール川流域で金・塩の**サハラ交易**を支配し、**マンサ＝ムーサ**とトンブクトゥで知られたイスラーム王国。,サハラ交易|マンサ＝ムーサ,交易>サハラ交易||関係人物>マンサ＝ムーサ||都市>トンブクトゥ||宗教>イスラーム教,"OpenStax『World History Volume 1, to 1500』｜https://openstax.org/books/world-history-volume-1/pages/15-introduction",World History Encyclopedia検索｜https://www.worldhistory.org/search/?q=Mali+Empire,単一資料確認
大学受験・最重要,WH-000036,28,大学受験・最重要,国家・王朝,オスマン帝国,おすまんていこく,オスマン朝,複数時代,複数地域,アナトリア・バルカン半島・西アジア・北アフリカ,存続期間,1299年頃〜1922年,1299,1922,1299,approximate_range,オスマン1世の建国期からスルタン制廃止まで,3,time,存在したのはいつ？,1299年頃〜1922年,,place,どこ？,アナトリアからバルカン半島・西アジア・北アフリカまで。,,core,何をした？,1453年に**コンスタンティノープル**を征服し、スレイマン1世期に最盛期を迎えた。**ミッレト制**で多宗教社会を統治し、東西交易の要地を支配した。,コンスタンティノープル|ミッレト制,,,,,「オスマン帝国」について説明せよ。,1299年頃〜1922年、アナトリアを基盤に三大陸へ広がり、1453年に**コンスタンティノープル**を征服し、**ミッレト制**で多民族・多宗教社会を統治した帝国。,コンスタンティノープル|ミッレト制,建国>オスマン1世||征服>コンスタンティノープル||制度>ミッレト制||滅亡>ビザンツ帝国,"OpenStax『World History Volume 2, from 1400』｜https://openstax.org/books/world-history-volume-2/pages/4-introduction",World History Encyclopedia検索｜https://www.worldhistory.org/search/?q=Ottoman+Empire,単一資料確認
大学受験・最重要,WH-000037,48,大学受験・最重要,運動,ルネサンス,るねさんす,文芸復興,近世,ヨーロッパ,イタリア都市から西ヨーロッパ,盛行時期,14〜16世紀,1301,1600,1301,century,イタリアでの開始から北方ルネサンスまでを設定,3,time,盛んだったのはいつ？,14〜16世紀,,place,どこ？,イタリア都市で始まり、西ヨーロッパへ広がった。,,core,何が起きた？,古代ギリシア・ローマ文化を再評価する**人文主義**が広がり、個人と現実世界を重視する文学・美術・学問が発達した。,人文主義,,,,,「ルネサンス」について説明せよ。,14〜16世紀、イタリア都市から西ヨーロッパへ広がり、古代文化を再評価する**人文主義**を基礎に文学・美術・学問を発展させた運動。,人文主義,思想>人文主義||文化>古典古代||影響>宗教改革||影響>科学革命,"OpenStax『World History Volume 2, from 1400』｜https://openstax.org/books/world-history-volume-2/pages/5-introduction",World History Encyclopedia検索｜https://www.worldhistory.org/search/?q=Renaissance,単一資料確認
大学受験・最重要,WH-000038,26,大学受験・最重要,国家・王朝,明,みん,明朝,近世,東アジア,中国,存続期間,1368〜1644年,1368,1644,1368,exact_range,朱元璋の建国から李自成軍による北京占領まで,3,time,存在したのはいつ？,1368〜1644年,,place,どこ？,中国。,,core,何をした？,**朱元璋**が元を北へ追って建国し、皇帝独裁と里甲制・衛所制を整えた。永楽帝期には**鄭和**の遠征や北京遷都が行われ、銀を軸に世界交易へ結びついた。,朱元璋|鄭和,,,,,「明」について説明せよ。,1368〜1644年、**朱元璋**が元を追って建国し、皇帝独裁を強めた中国王朝。永楽帝期の**鄭和**遠征と、銀を通じた世界交易への参加で知られる。,朱元璋|鄭和,建国>朱元璋||関係人物>永楽帝||遠征>鄭和||継承>清,"OpenStax『World History Volume 2, from 1400』｜https://openstax.org/books/world-history-volume-2/pages/17-introduction",World History Encyclopedia検索｜https://www.worldhistory.org/search/?q=Ming+dynasty,単一資料確認
大学受験・最重要,WH-000039,9,大学受験・最重要,時代・歴史区分,大航海時代,だいこうかいじだい,地理上の発見|ヨーロッパの海外進出,近世,複数地域,ヨーロッパ・大西洋・インド洋・アメリカ・アジア,主要航海・海外進出期,15〜17世紀,1401,1700,1401,century,ポルトガル・スペインの先行から北西ヨーロッパ諸国の進出まで,4,time,本格化したのはいつ？,15〜17世紀,,place,どこを舞台に進んだ？,ヨーロッパから大西洋・インド洋を越え、アメリカ・アフリカ・アジアへ。,,cause,なぜ進んだ？,香辛料などを直接入手する交易路、金銀、キリスト教布教を求め、航海術・造船・火器の発達が可能にした。,,core,何が起きた？,**コロンブス**や**ヴァスコ＝ダ＝ガマ**らの航海で世界の海路が結ばれ、植民地化・大西洋交易・世界市場形成が進んだ。,コロンブス|ヴァスコ＝ダ＝ガマ,「大航海時代」について説明せよ。,15〜17世紀、香辛料・金銀・布教を求めたヨーロッパ諸国が海路を開き、**コロンブス**や**ヴァスコ＝ダ＝ガマ**の航海を通じて植民地化と世界市場形成を進めた時代。,コロンブス|ヴァスコ＝ダ＝ガマ,原因>香辛料交易||関係人物>コロンブス||関係人物>ヴァスコ＝ダ＝ガマ||結果>コロンブス交換,"OpenStax『World History Volume 2, from 1400』｜https://openstax.org/books/world-history-volume-2/pages/5-introduction",World History Encyclopedia検索｜https://www.worldhistory.org/search/?q=Age+of+Discovery,単一資料確認
大学受験・最重要,WH-000040,93,大学受験・最重要,国家・王朝,アステカ王国,あすてかおうこく,アステカ帝国,近世,ラテンアメリカ,メソアメリカ・メキシコ中央高原,帝国的繁栄期,1428〜1521年,1428,1521,1428,exact_range,三都市同盟成立からスペイン征服まで,3,time,帝国として栄えたのはいつ？,1428〜1521年,,place,どこ？,メキシコ中央高原。,,core,何をした？,首都**テノチティトラン**を中心に諸都市から貢納を集める軍事国家を築いたが、**コルテス**率いるスペイン軍と先住民同盟に征服された。,テノチティトラン|コルテス,,,,,「アステカ王国」について説明せよ。,1428〜1521年、メキシコ中央高原で**テノチティトラン**を中心に貢納帝国を築いたが、**コルテス**率いるスペイン軍に征服された。,テノチティトラン|コルテス,首都>テノチティトラン||征服>コルテス||結果>スペイン植民地||同時代>インカ帝国,"OpenStax『World History Volume 2, from 1400』｜https://openstax.org/books/world-history-volume-2/pages/8-introduction",World History Encyclopedia検索｜https://www.worldhistory.org/search/?q=Aztec+Empire,単一資料確認
大学受験・最重要,WH-000041,94,大学受験・最重要,国家・王朝,インカ帝国,いんかていこく,,近世,ラテンアメリカ,アンデス山脈・ペルーを中心とする南アメリカ西部,帝国的拡大期,1438〜1533年,1438,1533,1438,exact_range,パチャクティの拡大開始からスペイン支配確立まで,3,time,帝国として栄えたのはいつ？,1438〜1533年,,place,どこ？,アンデス山脈のペルーを中心とする南アメリカ西部。,,core,何をした？,首都**クスコ**から道路網と駅伝制で広大な山岳帝国を統治し、**キープ**で情報を管理したが、**ピサロ**率いるスペイン軍に征服された。,クスコ|キープ|ピサロ,,,,,「インカ帝国」について説明せよ。,1438〜1533年、アンデス山脈で**クスコ**を中心に道路網と駅伝制を整え、**キープ**で情報を管理したが、**ピサロ**率いるスペイン軍に征服された帝国。,クスコ|キープ|ピサロ,首都>クスコ||制度>キープ||征服>ピサロ||結果>スペイン植民地,"OpenStax『World History Volume 2, from 1400』｜https://openstax.org/books/world-history-volume-2/pages/8-introduction",World History Encyclopedia検索｜https://www.worldhistory.org/search/?q=Inca+Empire,単一資料確認
大学受験・最重要,WH-000042,49,大学受験・最重要,経済・交易,コロンブス交換,ころんぶすこうかん,コロンブスの交換,近世,複数地域,ヨーロッパ・アフリカ・南北アメリカ,交流の開始・定着期,1492年以降〜18世紀頃,1492,1800,1492,historical_period,コロンブス到達後の大西洋世界で生物・人・病原体が大規模移動した時期を設定,3,time,始まったのはいつ？,1492年以降〜18世紀頃,,place,どこを結んだ？,ヨーロッパ・アフリカ・南北アメリカ。,,core,何が移動した？,アメリカからジャガイモ・トウモロコシ・銀が、旧世界から馬・小麦・サトウキビ・感染症が移動し、人口・食生活・環境・経済を世界規模で変えた。,,,,,,「コロンブス交換」について説明せよ。,1492年以降、ヨーロッパ・アフリカ・南北アメリカの間で作物・家畜・銀・人・感染症が移動し、人口・食生活・環境・世界経済を変えた**コロンブス交換**。,コロンブス交換,前提>大航海時代||交易品>銀||移動>感染症||結果>大西洋三角貿易,"OpenStax『World History Volume 2, from 1400』｜https://openstax.org/books/world-history-volume-2/pages/5-introduction",World History Encyclopedia検索｜https://www.worldhistory.org/search/?q=Columbian+Exchange,単一資料確認
大学受験・最重要,WH-000043,10,大学受験・最重要,運動,宗教改革,しゅうきょうかいかく,プロテスタント宗教改革,近世,ヨーロッパ,ドイツ・スイス・イングランド・北ヨーロッパ,主要運動期,1517〜1648年,1517,1648,1517,exact_range,ルターの九十五か条からウェストファリア条約までを代表範囲とした,4,time,始まって広がったのはいつ？,1517〜1648年,,place,どこ？,ドイツで始まり、スイス・イングランド・北ヨーロッパへ広がった。,,cause,なぜ起きた？,教会の腐敗や**贖宥状販売**への批判、人文主義、活版印刷による情報拡散、諸侯の自立要求が重なった。,贖宥状販売,core,何が起きた？,**ルター**が信仰義認を唱え、カルヴァン派・イングランド国教会などが成立して西欧キリスト教世界が分裂し、宗教戦争へつながった。,ルター,「宗教改革」について説明せよ。,1517年、**ルター**が**贖宥状販売**を批判して始まり、信仰義認を掲げるプロテスタント諸派が成立し、西欧キリスト教世界を分裂させた運動。,ルター|贖宥状販売,関係人物>ルター||批判>贖宥状販売||思想>信仰義認||結果>三十年戦争,"OpenStax『World History Volume 2, from 1400』｜https://openstax.org/books/world-history-volume-2/pages/5-introduction",World History Encyclopedia検索｜https://www.worldhistory.org/search/?q=Protestant+Reformation,単一資料確認
大学受験・最重要,WH-000044,51,大学受験・最重要,国家・王朝,ムガル帝国,むがるていこく,ムガル朝,複数時代,南アジア,インド亜大陸,存続期間,1526〜1858年,1526,1858,1526,exact_range,バーブルの建国からイギリスによる王朝廃止まで,3,time,存在したのはいつ？,1526〜1858年,,place,どこ？,インド亜大陸。,,core,何をした？,**バーブル**が建国し、**アクバル**が宗教融和と中央集権を進めた。インド・イスラーム文化を発展させたが、のちに地方勢力とイギリスの進出で衰退した。,バーブル|アクバル,,,,,「ムガル帝国」について説明せよ。,1526〜1858年、**バーブル**がインドに建国し、**アクバル**の宗教融和政策と中央集権で発展し、インド・イスラーム文化を栄えさせた帝国。,バーブル|アクバル,建国>バーブル||関係人物>アクバル||文化>インド・イスラーム文化||滅亡>インド大反乱,"OpenStax『World History Volume 2, from 1400』｜https://openstax.org/books/world-history-volume-2/pages/2-introduction",World History Encyclopedia検索｜https://www.worldhistory.org/search/?q=Mughal+Empire,単一資料確認
大学受験・最重要,WH-000045,35,大学受験・最重要,文化・技術・学問,科学革命,かがくかくめい,,近世,ヨーロッパ,西ヨーロッパ・中央ヨーロッパ,主要展開期,1543〜1687年,1543,1687,1543,exact_range,コペルニクスの著作刊行からニュートンの『プリンキピア』刊行まで,3,time,主要な展開はいつ？,1543〜1687年,,place,主にどこで進んだ？,西ヨーロッパ・中央ヨーロッパ。,,core,何が変わった？,**コペルニクス**の地動説、ガリレイの観測、ケプラーの法則、**ニュートン**の力学により、観察・実験・数学で自然法則を説明する近代科学が成立した。,コペルニクス|ニュートン,,,,,「科学革命」について説明せよ。,1543〜1687年のヨーロッパで、**コペルニクス**から**ニュートン**へと、観察・実験・数学によって自然法則を説明する近代科学が成立した変化。,コペルニクス|ニュートン,前提>ルネサンス||関係人物>コペルニクス||関係人物>ニュートン||影響>啓蒙思想,"OpenStax『World History Volume 2, from 1400』｜https://openstax.org/books/world-history-volume-2/pages/7-introduction",World History Encyclopedia検索｜https://www.worldhistory.org/search/?q=Scientific+Revolution,単一資料確認
大学受験・最重要,WH-000046,50,大学受験・最重要,経済・交易,大西洋三角貿易,たいせいようさんかくぼうえき,三角貿易,近世,複数地域,ヨーロッパ・西アフリカ・南北アメリカ,主要活動期,16世紀末〜1807年頃,1600,1807,1600,approximate_range,大西洋奴隷貿易の拡大からイギリスの奴隷貿易禁止までを設定,3,time,盛んだったのはいつ？,16世紀末〜1807年頃,,place,どこを結んだ？,ヨーロッパ・西アフリカ・南北アメリカ。,,core,何が取引された？,ヨーロッパの工業製品、アフリカの**奴隷**、アメリカの砂糖・綿花・タバコなどを循環させ、植民地経済と資本蓄積を支えた。,奴隷,,,,,「大西洋三角貿易」について説明せよ。,16世紀末〜19世紀初頭、ヨーロッパ・西アフリカ・アメリカを結び、工業製品・**奴隷**・砂糖や綿花を取引して植民地経済と資本蓄積を支えた交易。,奴隷,前提>コロンブス交換||主体>奴隷||交易品>砂糖||影響>産業革命,"OpenStax『World History Volume 2, from 1400』｜https://openstax.org/books/world-history-volume-2/pages/5-introduction",World History Encyclopedia検索｜https://www.worldhistory.org/search/?q=Atlantic+triangular+trade,単一資料確認
大学受験・最重要,WH-000047,36,大学受験・最重要,制度・政策・法律,絶対王政,ぜったいおうせい,絶対主義,近世,ヨーロッパ,フランス・スペイン・ロシア・プロイセンなど,最盛期,17〜18世紀,1601,1800,1601,century,常備軍・官僚制・重商主義を基盤に王権が強化された時期を設定,3,time,最盛期はいつ？,17〜18世紀,,place,主にどこで行われた？,フランス・スペイン・ロシア・プロイセンなど。,,definition,どんな政治？,国王が常備軍・官僚制・課税権を整え、**王権神授説**で権力を正当化し、**重商主義**で国家財政を強化した政治。,王権神授説|重商主義,,,,,「絶対王政」について説明せよ。,17〜18世紀のヨーロッパで、国王が常備軍・官僚制・課税を握り、**王権神授説**と**重商主義**によって中央集権を進めた政治体制。,王権神授説|重商主義,思想>王権神授説||政策>重商主義||例>ルイ14世||対立>イギリス革命,"OpenStax『World History Volume 2, from 1400』｜https://openstax.org/books/world-history-volume-2/pages/7-introduction",World History Encyclopedia検索｜https://www.worldhistory.org/search/?q=Absolute+monarchy,単一資料確認
大学受験・最重要,WH-000048,34,大学受験・最重要,事件・革命,イギリス革命,いぎりすかくめい,清教徒革命と名誉革命,近世,ヨーロッパ,イングランド・スコットランド,革命期,1640〜1689年,1640,1689,1640,exact_range,長期議会開始から権利章典制定までを設定,4,time,起きたのはいつ？,1640〜1689年,,place,どこ？,イングランドを中心にスコットランドも関係した。,,cause,なぜ起きた？,国王の課税・宗教政策と議会の権利が衝突し、王権と議会・清教徒の対立が深まった。,,core,何が起きた？,**清教徒革命**で国王が処刑され共和政となり、王政復古後の**名誉革命**で国王を交代させ、1689年の**権利章典**で議会主権を確立した。,清教徒革命|名誉革命|権利章典,「イギリス革命」について説明せよ。,1640〜1689年、王権と議会の対立から**清教徒革命**と**名誉革命**が起こり、1689年の**権利章典**によって議会主権と立憲君主制が確立した。,清教徒革命|名誉革命|権利章典,原因>王権と議会の対立||事件>清教徒革命||事件>名誉革命||法律>権利章典,"OpenStax『World History Volume 2, from 1400』｜https://openstax.org/books/world-history-volume-2/pages/7-introduction",World History Encyclopedia検索｜https://www.worldhistory.org/search/?q=English+Revolution,単一資料確認
大学受験・最重要,WH-000049,27,大学受験・最重要,国家・王朝,清,しん,清朝,複数時代,東アジア,中国・モンゴル・チベット・新疆・台湾,存続期間,1644〜1912年,1644,1912,1644,exact_range,北京入城から宣統帝退位まで,3,time,存在したのはいつ？,1644〜1912年,,place,どこ？,中国を中心にモンゴル・チベット・新疆・台湾まで。,,core,何をした？,満洲人が建て、康熙帝・雍正帝・乾隆帝期に最大領域を築いた。**辮髪**や八旗制で支配し、海禁緩和後は銀を通じて世界経済と結びついた。,辮髪,,,,,「清」について説明せよ。,1644〜1912年、満洲人が中国を支配し、康熙帝・雍正帝・乾隆帝期に最大領域を築いた王朝。八旗制と**辮髪**で統治し、のちに列強の進出に直面した。,辮髪,前王朝>明||制度>八旗制||政策>辮髪||結果>アヘン戦争,"OpenStax『World History Volume 2, from 1400』｜https://openstax.org/books/world-history-volume-2/pages/6-introduction",World History Encyclopedia検索｜https://www.worldhistory.org/search/?q=Qing+dynasty,単一資料確認
大学受験・最重要,WH-000050,33,大学受験・最重要,制度・政策・法律,主権国家体制,しゅけんこっかたいせい,ウェストファリア体制,複数時代,ヨーロッパ,ヨーロッパから世界各地,形成時期と継続期間,1648年以降,1648,2026,1648,historical_period,三十年戦争後の形成から現在まで継続するため2026年を終点に設定,3,time,形成されたのはいつ？,1648年以降,,place,主にどこで形成された？,ヨーロッパで形成され、のちに世界の国際秩序へ広がった。,,definition,どんな体制？,**三十年戦争**を終えた**ウェストファリア条約**を契機に、各国家が領域内の最高権力を持ち、相互に主権を認める国際秩序。,三十年戦争|ウェストファリア条約,,,,,「主権国家体制」について説明せよ。,1648年の**ウェストファリア条約**を契機に形成され、各国家が領域内の最高権力を持ち、相互に主権を認める**主権国家体制**。,ウェストファリア条約|主権国家体制,原因>三十年戦争||条約>ウェストファリア条約||制度>国家主権||影響>国際法,"OpenStax『World History Volume 2, from 1400』｜https://openstax.org/books/world-history-volume-2/pages/7-introduction",World History Encyclopedia検索｜https://www.worldhistory.org/search/?q=Westphalian+sovereignty,単一資料確認
大学受験・最重要,WH-000051,15,大学受験・最重要,思想・主義,啓蒙思想,けいもうしそう,啓蒙主義,近世,ヨーロッパ,イギリス・フランス・ドイツを中心とするヨーロッパ,主要普及期,17世紀末〜18世紀末,1680,1789,1680,approximate_range,科学革命後からフランス革命直前までの主要普及期を設定,3,time,広がったのはいつ？,17世紀末〜18世紀末,,place,主にどこで広がった？,イギリス・フランス・ドイツを中心とするヨーロッパ。,,core,どんな考え？,理性によって社会を改善できると考え、**自然権**・**社会契約**・**権力分立**・宗教的寛容を唱え、絶対王政や身分制を批判した。,自然権|社会契約|権力分立,,,,,「啓蒙思想」について説明せよ。,17世紀末〜18世紀末のヨーロッパで広がり、理性を重視して**自然権**・**社会契約**・**権力分立**を唱え、絶対王政と身分制を批判した思想。,自然権|社会契約|権力分立,前提>科学革命||批判>絶対王政||影響>アメリカ独立革命||影響>フランス革命,"OpenStax『World History Volume 2, from 1400』｜https://openstax.org/books/world-history-volume-2/pages/7-introduction",World History Encyclopedia検索｜https://www.worldhistory.org/search/?q=Enlightenment,単一資料確認
大学受験・最重要,WH-000052,1,大学受験・最重要,事件・革命,産業革命,さんぎょうかくめい,,近代,複数地域,イギリスから西ヨーロッパ・北アメリカ・日本,第1次産業革命の主要期,1760年代〜1840年代,1760,1840,1760,approximate_range,イギリスでの機械化開始から主要工業国への初期波及まで,4,time,最初に進んだのはいつ？,1760年代〜1840年代,,place,どこで始まった？,イギリスで始まり、西ヨーロッパ・北アメリカ・日本へ広がった。,,cause,なぜイギリスで始まった？,農業革命、豊富な石炭・鉄、植民地市場と資本、労働力、政治的安定がそろっていた。,,core,何が起きた？,綿工業の機械化、**蒸気機関**、工場制、鉄道が生産と輸送を変え、**資本主義**・都市化・労働者階級・世界的な経済格差を拡大させた。,蒸気機関|資本主義,「産業革命」について説明せよ。,1760年代にイギリスで始まり、機械化・**蒸気機関**・工場制・鉄道によって生産と輸送を変え、**資本主義**、都市化、労働者階級、世界市場を発展させた変革。,蒸気機関|資本主義,前提>大西洋三角貿易||技術>蒸気機関||結果>資本主義||影響>帝国主義,"OpenStax『World History Volume 2, from 1400』｜https://openstax.org/books/world-history-volume-2/pages/9-introduction",World History Encyclopedia検索｜https://www.worldhistory.org/search/?q=Industrial+Revolution,単一資料確認
大学受験・最重要,WH-000053,13,大学受験・最重要,事件・革命,アメリカ独立革命,あめりかどくりつかくめい,アメリカ独立戦争|アメリカ革命,近代,北アメリカ,北米13植民地・大西洋岸,革命・戦争期間,1775〜1783年,1775,1783,1775,exact_range,独立戦争開始からパリ条約による独立承認まで,4,time,起きたのはいつ？,1775〜1783年,,place,どこ？,イギリス領北米13植民地。,,cause,なぜ起きた？,七年戦争後の課税強化に対し、植民地人が「**代表なくして課税なし**」を掲げ、自治と権利を求めた。,代表なくして課税なし,core,何が起きた？,1776年に**独立宣言**を出し、フランスの支援を得てイギリスに勝利した。共和政国家アメリカ合衆国の成立はフランス革命などに影響した。,独立宣言,「アメリカ独立革命」について説明せよ。,1775〜1783年、北米13植民地が「**代表なくして課税なし**」を掲げてイギリスと戦い、1776年の**独立宣言**を経てアメリカ合衆国を成立させた革命。,代表なくして課税なし|独立宣言,原因>代表なくして課税なし||文書>独立宣言||結果>アメリカ合衆国||影響>フランス革命,"OpenStax『World History Volume 2, from 1400』｜https://openstax.org/books/world-history-volume-2/pages/7-introduction",World History Encyclopedia検索｜https://www.worldhistory.org/search/?q=American+Revolution,単一資料確認
大学受験・最重要,WH-000054,2,大学受験・最重要,事件・革命,フランス革命,ふらんすかくめい,,近代,ヨーロッパ,フランス,革命期間,1789〜1799年,1789,1799,1789,exact_range,三部会招集からナポレオンのブリュメール18日のクーデタまで,4,time,起きたのはいつ？,1789〜1799年,,place,どこ？,フランス。,,cause,なぜ起きた？,国家財政の破綻、聖職者・貴族の特権を支える身分制、物価高、**啓蒙思想**への共感が重なった。,啓蒙思想,core,何が起きた？,バスティーユ襲撃、**人権宣言**、封建的特権の廃止、共和政成立、国王処刑、恐怖政治を経て、**ナポレオン**の政権掌握につながった。,人権宣言|ナポレオン,「フランス革命」について説明せよ。,1789〜1799年、財政危機と身分制への不満を背景に始まり、**人権宣言**、封建的特権廃止、共和政と国民主権を実現し、**ナポレオン**の台頭につながった革命。,人権宣言|ナポレオン,前提>啓蒙思想||文書>人権宣言||結果>国民主権||継承>ナポレオン,"OpenStax『World History Volume 2, from 1400』｜https://openstax.org/books/world-history-volume-2/pages/7-introduction",World History Encyclopedia検索｜https://www.worldhistory.org/search/?q=French+Revolution,単一資料確認
大学受験・最重要,WH-000055,54,大学受験・最重要,人物,ナポレオン,なぽれおん,ナポレオン＝ボナパルト|ナポレオン1世,近代,ヨーロッパ,フランス・ヨーロッパ大陸,主な政治・軍事活動期,1799〜1815年,1799,1815,1799,exact_range,統領政府成立からワーテルロー敗北まで,3,time,主に活動したのはいつ？,1799〜1815年,,place,主にどこで活動した？,フランスとヨーロッパ大陸。,,core,何をした？,クーデタで政権を握って皇帝となり、**ナポレオン法典**などで革命の成果を制度化した。ヨーロッパを征服したが、対仏同盟に敗れ、**ウィーン会議**へつながった。,ナポレオン法典|ウィーン会議,,,,,「ナポレオン」について説明せよ。,1799〜1815年、フランスで政権を握り皇帝となって、**ナポレオン法典**で革命後の法制度を整え、征服戦争を通じて近代的制度とナショナリズムをヨーロッパへ広げた。,ナポレオン法典,前提>フランス革命||制度>ナポレオン法典||結果>ナショナリズム||終結>ウィーン会議,"OpenStax『World History Volume 2, from 1400』｜https://openstax.org/books/world-history-volume-2/pages/7-introduction",World History Encyclopedia検索｜https://www.worldhistory.org/search/?q=Napoleon+Bonaparte,単一資料確認
大学受験・最重要,WH-000056,52,大学受験・最重要,思想・主義,自由主義,じゆうしゅぎ,リベラリズム,近代,複数地域,ヨーロッパを起点に南北アメリカ・世界各地,主要運動期,19世紀,1801,1900,1801,century,市民革命後に憲法・議会・権利を求める運動が広がった時期を設定,3,time,政治運動として広がったのはいつ？,19世紀,,place,主にどこで広がった？,ヨーロッパを起点に南北アメリカなど世界各地。,,core,どんな考え？,個人の自由・財産権・法の下の平等を重視し、**憲法**・**議会政治**・言論の自由を求めて絶対王政や専制政治に反対した。,憲法|議会政治,,,,,「自由主義」について説明せよ。,19世紀に広がり、個人の自由・財産権・法の下の平等を重視して、**憲法**と**議会政治**を求めた思想・政治運動。,憲法|議会政治,前提>啓蒙思想||要求>憲法||要求>議会政治||同時代>ナショナリズム,"OpenStax『World History Volume 2, from 1400』｜https://openstax.org/books/world-history-volume-2/pages/7-introduction",World History Encyclopedia検索｜https://www.worldhistory.org/search/?q=Liberalism,単一資料確認
大学受験・最重要,WH-000057,16,大学受験・最重要,思想・主義,ナショナリズム,なしょなりずむ,国民主義|民族主義,近代,複数地域,ヨーロッパを起点に世界各地,主要拡大期,19世紀〜20世紀初頭,1801,1914,1801,approximate_range,フランス革命後から第一次世界大戦までの主要拡大期を設定,3,time,広がったのはいつ？,19世紀〜20世紀初頭,,place,主にどこで広がった？,ヨーロッパを起点に、植民地を含む世界各地。,,core,どんな考え？,共通の言語・文化・歴史を持つ人々を一つの**国民**と考え、統一国家・独立・自決を求める思想。統一運動と植民地独立運動の両方を動かした。,国民,,,,,「ナショナリズム」について説明せよ。,19世紀以降、共通の言語・文化・歴史を持つ人々を**国民**とみなし、統一国家・独立・自決を求めた思想。ドイツ・イタリア統一や植民地独立運動を動かした。,国民,前提>フランス革命||結果>イタリア統一||結果>ドイツ統一||影響>民族自決,"OpenStax『World History Volume 2, from 1400』｜https://openstax.org/books/world-history-volume-2/pages/7-introduction",World History Encyclopedia検索｜https://www.worldhistory.org/search/?q=Nationalism,単一資料確認
大学受験・最重要,WH-000058,53,大学受験・最重要,思想・主義,社会主義,しゃかいしゅぎ,ソーシャリズム,近代,複数地域,ヨーロッパから世界各地,成立・主要拡大期,19世紀〜20世紀初頭,1801,1917,1801,approximate_range,産業革命後の思想形成からロシア革命までを設定,3,time,成立し広がったのはいつ？,19世紀〜20世紀初頭,,place,主にどこで広がった？,ヨーロッパで成立し、世界各地へ広がった。,,core,どんな考え？,資本主義が生む貧富の差や労働問題を批判し、生産手段の社会的所有や平等を目指した。**マルクス**は階級闘争と社会主義革命を説いた。,マルクス,,,,,「社会主義」について説明せよ。,19世紀のヨーロッパで、産業革命が生んだ格差と労働問題を批判し、生産手段の社会的所有と平等を目指した思想。**マルクス**の理論はロシア革命に影響した。,マルクス,前提>産業革命||関係人物>マルクス||批判>資本主義||影響>ロシア革命,"OpenStax『World History Volume 2, from 1400』｜https://openstax.org/books/world-history-volume-2/pages/10-introduction",World History Encyclopedia検索｜https://www.worldhistory.org/search/?q=Socialism,単一資料確認
大学受験・最重要,WH-000059,56,大学受験・最重要,運動,ラテンアメリカ独立,らてんあめりかどくりつ,ラテンアメリカ諸国の独立,近代,ラテンアメリカ,カリブ海・メキシコ・中南米,主要独立期,1804〜1826年,1804,1826,1804,exact_range,ハイチ独立からスペイン勢力の南米主要拠点消滅まで,4,time,主要な独立が進んだのはいつ？,1804〜1826年,,place,どこ？,カリブ海・メキシコ・中央アメリカ・南アメリカ。,,cause,なぜ起きた？,植民地支配への不満、啓蒙思想・アメリカ独立・フランス革命の影響、ナポレオンによる本国支配の混乱が重なった。,,core,何が起きた？,**ハイチ革命**の成功に続き、**シモン＝ボリバル**やサン＝マルティンらがスペイン植民地を独立へ導いたが、政治的分裂と経済的従属が残った。,ハイチ革命|シモン＝ボリバル,「ラテンアメリカ独立」について説明せよ。,1804〜1826年、植民地支配と本国の混乱を背景に、**ハイチ革命**、**シモン＝ボリバル**らの運動によってラテンアメリカ諸国が独立した。,ハイチ革命|シモン＝ボリバル,前提>啓蒙思想||影響>アメリカ独立革命||関係人物>シモン＝ボリバル||結果>独立国家,"OpenStax『World History Volume 2, from 1400』｜https://openstax.org/books/world-history-volume-2/pages/8-introduction",World History Encyclopedia検索｜https://www.worldhistory.org/search/?q=Latin+American+independence,単一資料確認
大学受験・最重要,WH-000060,55,大学受験・最重要,制度・政策・法律,ウィーン体制,うぃーんたいせい,,近代,ヨーロッパ,ウィーンとヨーロッパ全域,国際秩序の主要期間,1815〜1848年,1815,1848,1815,exact_range,ウィーン会議の秩序成立から1848年革命まで,3,time,成立し機能したのはいつ？,1815〜1848年,,place,どこに関係する体制？,ウィーン会議で作られたヨーロッパ国際秩序。,,definition,どんな体制？,**メッテルニヒ**らが正統主義と勢力均衡でフランス革命・ナポレオン以前の王朝秩序を復活させ、自由主義・ナショナリズムを抑えた。,メッテルニヒ,,,,,「ウィーン体制」について説明せよ。,1815年のウィーン会議で、**メッテルニヒ**らが正統主義と勢力均衡に基づいて王朝秩序を復活させ、自由主義・ナショナリズムを抑えた国際体制。,メッテルニヒ,成立>ウィーン会議||関係人物>メッテルニヒ||思想>正統主義||崩壊>1848年革命,"OpenStax『World History Volume 2, from 1400』｜https://openstax.org/books/world-history-volume-2/pages/7-introduction",World History Encyclopedia検索｜https://www.worldhistory.org/search/?q=Congress+of+Vienna+system,単一資料確認
大学受験・最重要,WH-000061,57,大学受験・最重要,戦争,アヘン戦争,あへんせんそう,第一次アヘン戦争,近代,東アジア,中国南部沿岸・広東・長江下流,戦争期間,1840〜1842年,1840,1842,1840,exact_range,イギリス開戦から南京条約締結まで,4,time,戦われたのはいつ？,1840〜1842年,,place,主な舞台はどこ？,中国南部沿岸・広東・長江下流。,,cause,なぜ起きた？,イギリスが対清貿易赤字を補うためインド産**アヘン**を密輸し、清が林則徐に取締りを命じたため対立が軍事衝突した。,アヘン,core,何が起きた？,イギリスが勝利し、清は**南京条約**で香港割譲・五港開港・賠償を認め、不平等条約体制の入口となった。,南京条約,「アヘン戦争」について説明せよ。,1840〜1842年、イギリスの**アヘン**密輸取締りをめぐって清と戦い、イギリスが勝利して**南京条約**を結ばせ、中国の不平等条約体制を始めた戦争。,アヘン|南京条約,原因>アヘン密輸||関係人物>林則徐||条約>南京条約||影響>太平天国の乱,"OpenStax『World History Volume 2, from 1400』｜https://openstax.org/books/world-history-volume-2/pages/9-introduction",World History Encyclopedia検索｜https://www.worldhistory.org/search/?q=First+Opium+War,単一資料確認
大学受験・最重要,WH-000062,67,大学受験・最重要,事件・革命,1848年革命,せんはっぴゃくよんじゅうはちねんかくめい,諸国民の春|二月革命,近代,ヨーロッパ,フランス・ドイツ諸邦・イタリア諸邦・オーストリア帝国,革命発生年,1848年,1848,1848,1848,exact_year,ヨーロッパ各地で革命が連鎖した年を設定,4,time,起きたのはいつ？,1848年,,place,どこ？,フランス・ドイツ諸邦・イタリア諸邦・オーストリア帝国など。,,cause,なぜ起きた？,不況と食糧危機、参政権拡大を求める自由主義、民族統一・独立を求めるナショナリズムが結びついた。,,core,何が起きた？,フランスの**二月革命**をきっかけに各地へ広がった。多くは鎮圧されたが、農奴制廃止やドイツ・イタリア統一運動の発展につながった。,二月革命,「1848年革命」について説明せよ。,1848年、食糧危機と不況を背景に、自由主義・ナショナリズムを掲げる革命がフランスの**二月革命**からヨーロッパ各地へ広がった。,二月革命,原因>自由主義||原因>ナショナリズム||事件>二月革命||影響>ドイツ統一,"OpenStax『World History Volume 2, from 1400』｜https://openstax.org/books/world-history-volume-2/pages/7-introduction",World History Encyclopedia検索｜https://www.worldhistory.org/search/?q=Revolutions+of+1848,単一資料確認
大学受験・最重要,WH-000063,66,大学受験・最重要,事件・革命,太平天国の乱,たいへいてんごくのらん,,近代,東アジア,中国南部・長江流域・南京,反乱期間,1851〜1864年,1851,1864,1851,exact_range,金田蜂起から南京陥落まで,4,time,起きたのはいつ？,1851〜1864年,,place,どこ？,中国南部から長江流域へ広がり、南京を都とした。,,cause,なぜ起きた？,人口増加・土地不足・重税・役人腐敗と、アヘン戦争後の社会混乱が深まり、**洪秀全**の宗教運動が民衆を集めた。,洪秀全,core,何が起きた？,**太平天国**が南京を占領し土地均分などを掲げたが、清朝の地方軍と外国勢力の支援で鎮圧され、清の中央権力はさらに弱まった。,太平天国,「太平天国の乱」について説明せよ。,1851〜1864年、社会不安を背景に**洪秀全**が起こし、南京を都とする**太平天国**を建てた大反乱。鎮圧後、清の中央権力は弱体化した。,洪秀全|太平天国,前提>アヘン戦争||関係人物>洪秀全||建国>太平天国||影響>清の弱体化,"OpenStax『World History Volume 2, from 1400』｜https://openstax.org/books/world-history-volume-2/pages/9-introduction",World History Encyclopedia検索｜https://www.worldhistory.org/search/?q=Taiping+Rebellion,単一資料確認
大学受験・最重要,WH-000064,65,大学受験・最重要,事件・革命,インド大反乱,いんどだいはんらん,セポイの反乱|シパーヒーの反乱,近代,南アジア,北・中部インド,反乱期間,1857〜1858年,1857,1858,1857,exact_range,メーラトでの蜂起から主要反乱鎮圧まで,4,time,起きたのはいつ？,1857〜1858年,,place,どこ？,北・中部インド。,,cause,なぜ起きた？,東インド会社の領土併合・地税・社会宗教政策への不満に、宗教を汚すと受け取られた新式銃薬包問題が加わった。,,core,何が起きた？,インド人兵士と旧支配層・農民が蜂起したが鎮圧され、**ムガル帝国**と東インド会社統治が廃止され、イギリス政府の直接支配が始まった。,ムガル帝国,「インド大反乱」について説明せよ。,1857〜1858年、東インド会社支配への不満からインド人兵士らが蜂起した反乱。鎮圧後、**ムガル帝国**と会社統治が廃止され、イギリスの直接支配が始まった。,ムガル帝国,原因>東インド会社||滅亡>ムガル帝国||結果>イギリス領インド帝国||影響>インド国民会議,"OpenStax『World History Volume 2, from 1400』｜https://openstax.org/books/world-history-volume-2/pages/9-introduction",World History Encyclopedia検索｜https://www.worldhistory.org/search/?q=Indian+Rebellion+of+1857,単一資料確認
大学受験・最重要,WH-000065,60,大学受験・最重要,運動,イタリア統一,いたりあとういつ,リソルジメント,近代,ヨーロッパ,イタリア半島,主要統一戦争・併合期,1859〜1870年,1859,1870,1859,exact_range,対オーストリア戦争からローマ併合まで,3,time,統一が進んだのはいつ？,1859〜1870年,,place,どこ？,イタリア半島。,,core,何が起きた？,サルデーニャ王国の**カヴール**が外交と戦争を進め、**ガリバルディ**が南部を征服し、1870年のローマ併合で統一王国が完成した。,カヴール|ガリバルディ,,,,,「イタリア統一」について説明せよ。,1859〜1870年、サルデーニャ王国の**カヴール**と義勇軍を率いた**ガリバルディ**らが統一を進め、ローマを首都とするイタリア王国を完成させた。,カヴール|ガリバルディ,思想>ナショナリズム||関係人物>カヴール||関係人物>ガリバルディ||結果>イタリア王国,"OpenStax『World History Volume 2, from 1400』｜https://openstax.org/books/world-history-volume-2/pages/7-introduction",World History Encyclopedia検索｜https://www.worldhistory.org/search/?q=Italian+unification,単一資料確認
大学受験・最重要,WH-000066,59,大学受験・最重要,運動,ドイツ統一,どいつとういつ,,近代,ヨーロッパ,ドイツ諸邦・プロイセン・中欧,主要統一戦争期,1864〜1871年,1864,1871,1864,exact_range,デンマーク戦争からドイツ帝国成立まで,3,time,統一が進んだのはいつ？,1864〜1871年,,place,どこ？,ドイツ諸邦を中心とする中央ヨーロッパ。,,core,何が起きた？,プロイセン首相**ビスマルク**が鉄血政策を進め、デンマーク・オーストリア・フランスとの戦争に勝ち、1871年にプロイセン中心の**ドイツ帝国**を成立させた。,ビスマルク|ドイツ帝国,,,,,「ドイツ統一」について説明せよ。,1864〜1871年、**ビスマルク**が鉄血政策と三度の戦争で統一を進め、1871年にプロイセン中心の**ドイツ帝国**を成立させた。,ビスマルク|ドイツ帝国,思想>ナショナリズム||関係人物>ビスマルク||政策>鉄血政策||結果>ドイツ帝国,"OpenStax『World History Volume 2, from 1400』｜https://openstax.org/books/world-history-volume-2/pages/7-introduction",World History Encyclopedia検索｜https://www.worldhistory.org/search/?q=German+unification,単一資料確認
大学受験・最重要,WH-000067,58,大学受験・最重要,事件・革命,明治維新,めいじいしん,,近代,東アジア,日本,主要改革期,1868〜1873年,1868,1873,1868,approximate_range,王政復古から廃藩置県・徴兵令・地租改正までの主要改革期を設定,4,time,主要な改革が行われたのはいつ？,1868〜1873年,,place,どこ？,日本。,,cause,なぜ起きた？,欧米列強の開国要求と不平等条約、幕府の権威低下を背景に、薩摩・長州などが幕府打倒と天皇中心の新政府を目指した。,,core,何が起きた？,**廃藩置県**・徴兵令・地租改正・学制・殖産興業で中央集権と近代国家を作り、欧米制度を導入して富国強兵を進めた。,廃藩置県,「明治維新」について説明せよ。,1868〜1873年を中心に、幕府を倒した新政府が**廃藩置県**・徴兵令・地租改正・殖産興業を行い、中央集権的な近代国家と富国強兵を進めた変革。,廃藩置県,原因>開国||政策>廃藩置県||政策>殖産興業||結果>日清戦争,"OpenStax『World History Volume 2, from 1400』｜https://openstax.org/books/world-history-volume-2/pages/9-introduction",World History Encyclopedia検索｜https://www.worldhistory.org/search/?q=Meiji+Restoration,単一資料確認
大学受験・最重要,WH-000068,12,大学受験・最重要,思想・主義,帝国主義,ていこくしゅぎ,,近代,複数地域,ヨーロッパ・アメリカ・日本とアジア・アフリカ・太平洋,主要拡大期,1870年代〜1914年,1870,1914,1870,approximate_range,第二次産業革命期から第一次世界大戦開始までを設定,3,time,特に強まったのはいつ？,1870年代〜1914年,,place,どこで進んだ？,欧米諸国と日本が、アジア・アフリカ・太平洋へ進出した。,,core,どんな動き？,工業国が原料・市場・投資先・軍事拠点を求め、軍事力と**人種主義**を用いて植民地・勢力圏を拡大した動き。列強対立を激化させた。,人種主義,,,,,「帝国主義」について説明せよ。,1870年代〜1914年、工業国が原料・市場・投資先を求め、軍事力と**人種主義**を用いてアジア・アフリカを植民地化し、列強対立を激化させた動き。,人種主義,前提>産業革命||思想>人種主義||結果>アフリカ分割||影響>第一次世界大戦,"OpenStax『World History Volume 2, from 1400』｜https://openstax.org/books/world-history-volume-2/pages/9-introduction",World History Encyclopedia検索｜https://www.worldhistory.org/search/?q=Imperialism,単一資料確認
大学受験・最重要,WH-000069,61,大学受験・最重要,事件・革命,アフリカ分割,あふりかぶんかつ,,近代,アフリカ,アフリカ大陸,急速な植民地化期,1880年代〜1914年,1880,1914,1880,approximate_range,ベルリン会議前後から第一次世界大戦までの急速な分割期を設定,4,time,急速に進んだのはいつ？,1880年代〜1914年,,place,どこ？,アフリカ大陸。,,cause,なぜ進んだ？,列強が原料・市場・投資先・航路・威信を求め、産業力・火器・医療技術を背景に競争した。,,core,何が起きた？,1884〜85年の**ベルリン会議**を契機に、現地社会を無視して国境を引き、エチオピアとリベリア以外の大半を植民地化した。,ベルリン会議,「アフリカ分割」について説明せよ。,1880年代〜1914年、列強が原料・市場を求めて競争し、**ベルリン会議**後に現地社会を無視した国境でアフリカの大半を植民地化した。,ベルリン会議,前提>帝国主義||会議>ベルリン会議||例外>エチオピア||影響>脱植民地化,"OpenStax『World History Volume 2, from 1400』｜https://openstax.org/books/world-history-volume-2/pages/9-introduction",World History Encyclopedia検索｜https://www.worldhistory.org/search/?q=Scramble+for+Africa,単一資料確認
大学受験・最重要,WH-000070,68,大学受験・最重要,組織・政党,インド国民会議,いんどこくみんかいぎ,,近代,南アジア,イギリス領インド,独立運動組織としての主要期,1885〜1947年,1885,1947,1885,exact_range,結成からインド独立までの民族運動上の主要期を設定,3,time,活動したのはいつ？,1885〜1947年,,place,どこ？,イギリス領インド。,,core,何をした？,1885年に結成され、当初は穏健な政治改革を求め、のちに**ガンディー**やネルーの指導で非暴力・不服従運動を進め、独立を主導した。,ガンディー,,,,,「インド国民会議」について説明せよ。,1885年にイギリス領インドで結成され、のちに**ガンディー**やネルーのもとで非暴力・不服従運動を進め、1947年のインド独立を主導した組織。,ガンディー,前提>インド大反乱||関係人物>ガンディー||運動>非暴力・不服従||結果>インド独立,"OpenStax『World History Volume 2, from 1400』｜https://openstax.org/books/world-history-volume-2/pages/9-introduction",World History Encyclopedia検索｜https://www.worldhistory.org/search/?q=Indian+National+Congress,単一資料確認
大学受験・最重要,WH-000071,64,大学受験・最重要,戦争,日清戦争,にっしんせんそう,,近代,東アジア,朝鮮半島・遼東半島・黄海,戦争期間,1894〜1895年,1894,1895,1894,exact_range,開戦から下関条約締結まで,4,time,戦われたのはいつ？,1894〜1895年,,place,主な舞台はどこ？,朝鮮半島・遼東半島・黄海。,,cause,なぜ起きた？,朝鮮への支配力をめぐって日本と清が対立し、東学農民運動への出兵をきっかけに軍事衝突した。,,core,何が起きた？,日本が勝利し、**下関条約**で清は朝鮮の独立、台湾・遼東半島割譲、賠償を認めた。列強の中国分割と日本の帝国主義化が進んだ。,下関条約,「日清戦争」について説明せよ。,1894〜1895年、朝鮮への影響力をめぐって日本と清が戦い、日本が勝利して**下関条約**を結ばせ、台湾獲得と中国分割の加速につながった戦争。,下関条約,原因>朝鮮支配||条約>下関条約||結果>台湾割譲||影響>帝国主義,"OpenStax『World History Volume 2, from 1400』｜https://openstax.org/books/world-history-volume-2/pages/9-introduction",World History Encyclopedia検索｜https://www.worldhistory.org/search/?q=First+Sino-Japanese+War,単一資料確認
大学受験・最重要,WH-000072,63,大学受験・最重要,戦争,日露戦争,にちろせんそう,,近代,東アジア,満洲南部・朝鮮半島・日本海,戦争期間,1904〜1905年,1904,1905,1904,exact_range,開戦からポーツマス条約締結まで,4,time,戦われたのはいつ？,1904〜1905年,,place,主な舞台はどこ？,満洲南部・朝鮮半島・日本海。,,cause,なぜ起きた？,満洲と朝鮮における勢力圏をめぐって日本とロシアが対立し、交渉が決裂した。,,core,何が起きた？,日本が軍事的優勢を得て、**ポーツマス条約**で韓国支配の優越や南満洲の権益を認めさせた。非欧米国の勝利はアジア民族運動を刺激した。,ポーツマス条約,「日露戦争」について説明せよ。,1904〜1905年、満洲・朝鮮の権益をめぐって日本とロシアが戦い、日本が優勢となって**ポーツマス条約**を結び、アジア民族運動にも影響した。,ポーツマス条約,原因>満洲・朝鮮権益||条約>ポーツマス条約||結果>韓国支配||影響>アジア民族運動,"OpenStax『World History Volume 2, from 1400』｜https://openstax.org/books/world-history-volume-2/pages/9-introduction",World History Encyclopedia検索｜https://www.worldhistory.org/search/?q=Russo-Japanese+War,単一資料確認
大学受験・最重要,WH-000073,62,大学受験・最重要,事件・革命,辛亥革命,しんがいかくめい,,近代,東アジア,中国,革命・政体移行期,1911〜1912年,1911,1912,1911,exact_range,武昌蜂起から清朝皇帝退位・中華民国成立まで,4,time,起きたのはいつ？,1911〜1912年,,place,どこ？,中国。,,cause,なぜ起きた？,清の弱体化、列強支配への反発、鉄道国有化への不満、**孫文**ら革命派の民族・民権・民生の思想が広がった。,孫文,core,何が起きた？,武昌蜂起から各省が独立し、清朝が滅亡して**中華民国**が成立した。しかし袁世凱が権力を握り、安定した共和政は実現しなかった。,中華民国,「辛亥革命」について説明せよ。,1911〜1912年、清の弱体化と列強支配への反発を背景に、**孫文**らの革命運動と武昌蜂起で清朝が滅亡し、**中華民国**が成立した革命。,孫文|中華民国,関係人物>孫文||前提>清||結果>中華民国||影響>中華人民共和国,"OpenStax『World History Volume 2, from 1400』｜https://openstax.org/books/world-history-volume-2/pages/9-introduction",World History Encyclopedia検索｜https://www.worldhistory.org/search/?q=Xinhai+Revolution,単一資料確認
大学受験・最重要,WH-000074,4,大学受験・最重要,戦争,第一次世界大戦,だいいちじせかいたいせん,第1次世界大戦,近代,複数地域,ヨーロッパを主戦場に西アジア・アフリカ・アジア太平洋,戦争期間,1914〜1918年,1914,1918,1914,exact_range,サラエヴォ事件後の開戦から休戦まで,4,time,戦われたのはいつ？,1914〜1918年,,place,主な舞台はどこ？,ヨーロッパを主戦場に、西アジア・アフリカ・アジア太平洋にも拡大した。,,cause,なぜ起きた？,帝国主義・軍拡・民族対立・同盟網が緊張を高め、**サラエヴォ事件**をきっかけに連鎖的に宣戦した。,サラエヴォ事件,core,何が起きた？,総力戦と塹壕戦で大量の犠牲が出て、ドイツ・オーストリア・オスマン・ロシアの帝国が崩壊し、**ヴェルサイユ体制**と民族自決が掲げられた。,ヴェルサイユ体制,「第一次世界大戦」について説明せよ。,1914〜1918年、帝国主義・軍拡・同盟対立を背景に**サラエヴォ事件**から始まり、総力戦で四帝国を崩壊させ、**ヴェルサイユ体制**へつながった世界戦争。,サラエヴォ事件|ヴェルサイユ体制,原因>帝国主義||事件>サラエヴォ事件||結果>帝国崩壊||終結>ヴェルサイユ体制,"OpenStax『World History Volume 2, from 1400』｜https://openstax.org/books/world-history-volume-2/pages/11-introduction",World History Encyclopedia検索｜https://www.worldhistory.org/search/?q=World+War+I,単一資料確認
大学受験・最重要,WH-000075,11,大学受験・最重要,事件・革命,ロシア革命,ろしあかくめい,二月革命と十月革命,近代,ヨーロッパ,ロシア帝国,革命年,1917年,1917,1917,1917,exact_year,二月革命と十月革命が起きた年を設定,4,time,起きたのはいつ？,1917年,,place,どこ？,ロシア帝国。,,cause,なぜ起きた？,専制政治、土地問題、労働者の困窮に、第一次世界大戦の敗北・物資不足・兵士の疲弊が加わった。,,core,何が起きた？,**二月革命**で皇帝が退位し、**十月革命**でレーニン率いるボリシェヴィキが政権を掌握した。内戦を経て世界初の社会主義国家ソ連が成立した。,二月革命|十月革命,「ロシア革命」について説明せよ。,1917年、戦争と専制への不満から**二月革命**で帝政が崩壊し、**十月革命**でレーニン率いるボリシェヴィキが政権を握り、ソ連成立へつながった革命。,二月革命|十月革命,前提>第一次世界大戦||事件>二月革命||事件>十月革命||結果>ソ連,"OpenStax『World History Volume 2, from 1400』｜https://openstax.org/books/world-history-volume-2/pages/11-introduction",World History Encyclopedia検索｜https://www.worldhistory.org/search/?q=Russian+Revolution,単一資料確認
大学受験・最重要,WH-000076,71,大学受験・最重要,思想・主義,民族自決,みんぞくじけつ,民族自決の原則,近代,複数地域,ヨーロッパを中心に植民地を含む世界各地,国際政治上の提唱・適用期,1918〜1920年頃,1918,1920,1918,approximate_range,第一次世界大戦末から講和体制形成期までを設定,3,time,広く掲げられたのはいつ？,1918〜1920年頃,,place,主にどこに適用された？,主にヨーロッパの旧帝国領に適用され、植民地にも大きな期待を生んだ。,,core,どんな考え？,民族が自ら所属する国家や政治体制を決めるべきだという原則。**ウィルソン**が提唱したが適用は限定的で、植民地民族運動を刺激した。,ウィルソン,,,,,「民族自決」について説明せよ。,1918年頃、**ウィルソン**が掲げた、民族が自ら国家や政治体制を選ぶべきだという原則。ヨーロッパでは一部適用されたが、植民地への適用は限定された。,ウィルソン,提唱>ウィルソン||前提>第一次世界大戦||影響>ヴェルサイユ体制||影響>脱植民地化,"OpenStax『World History Volume 2, from 1400』｜https://openstax.org/books/world-history-volume-2/pages/12-introduction",World History Encyclopedia検索｜https://www.worldhistory.org/search/?q=Self-determination,単一資料確認
大学受験・最重要,WH-000077,72,大学受験・最重要,思想・主義,ファシズム,ふぁしずむ,,現代,ヨーロッパ,イタリアを中心にヨーロッパ,政治運動・支配期,1919〜1945年,1919,1945,1919,exact_range,イタリア戦闘者ファッシ結成から第二次世界大戦終結まで,3,time,勢力を持ったのはいつ？,1919〜1945年,,place,どこで成立した？,第一次世界大戦後のイタリアで成立し、ヨーロッパ各地へ影響した。,,core,どんな考え？,議会制民主主義・自由主義・社会主義を否定し、強力な指導者・一党独裁・国家と民族の優越・暴力的動員を重視した。**ムッソリーニ**が代表例。,ムッソリーニ,,,,,「ファシズム」について説明せよ。,1919〜1945年、イタリアで**ムッソリーニ**が主導し、議会制民主主義を否定して、強力な指導者・一党独裁・国家主義・暴力的動員を重視した思想と体制。,ムッソリーニ,関係人物>ムッソリーニ||批判>自由主義||対立>社会主義||影響>ナチズム,"OpenStax『World History Volume 2, from 1400』｜https://openstax.org/books/world-history-volume-2/pages/12-introduction",World History Encyclopedia検索｜https://www.worldhistory.org/search/?q=Fascism,単一資料確認
大学受験・最重要,WH-000078,69,大学受験・最重要,制度・政策・法律,ヴェルサイユ体制,べるさいゆたいせい,ベルサイユ体制,現代,複数地域,ヨーロッパを中心とする第一次世界大戦後の国際秩序,国際秩序の主要期間,1919〜1939年,1919,1939,1919,exact_range,パリ講和会議・ヴェルサイユ条約から第二次世界大戦開始まで,3,time,成立し機能したのはいつ？,1919〜1939年,,place,どこに関係する体制？,ヨーロッパを中心とする第一次世界大戦後の国際秩序。,,definition,どんな体制？,**ヴェルサイユ条約**などで敗戦国の領土・軍備を制限し、民族自決と**国際連盟**による集団安全保障を掲げたが、敗戦国や植民地の不満を残した。,ヴェルサイユ条約|国際連盟,,,,,「ヴェルサイユ体制」について説明せよ。,1919〜1939年、**ヴェルサイユ条約**を中心に作られ、敗戦国の制限、民族自決、**国際連盟**による集団安全保障を掲げた戦後秩序。,ヴェルサイユ条約|国際連盟,前提>第一次世界大戦||条約>ヴェルサイユ条約||組織>国際連盟||崩壊>第二次世界大戦,"OpenStax『World History Volume 2, from 1400』｜https://openstax.org/books/world-history-volume-2/pages/12-introduction",World History Encyclopedia検索｜https://www.worldhistory.org/search/?q=Versailles+system,単一資料確認
大学受験・最重要,WH-000079,70,大学受験・最重要,組織・政党,国際連盟,こくさいれんめい,,現代,世界,ジュネーヴを本部とする国際組織,活動期間,1920〜1946年,1920,1946,1920,exact_range,発足から正式解散まで,3,time,活動したのはいつ？,1920〜1946年,,place,本部はどこ？,スイスのジュネーヴ。,,core,何をした？,第一次世界大戦後に**集団安全保障**と国際協調を目指したが、アメリカ不参加、全会一致制、軍事的強制力の弱さから侵略を止められなかった。,集団安全保障,,,,,「国際連盟」について説明せよ。,1920〜1946年、ジュネーヴを本部に**集団安全保障**を目指した国際組織。アメリカ不参加と強制力不足により侵略を防げず、のちに国際連合へ引き継がれた。,集団安全保障,前提>ヴェルサイユ体制||制度>集団安全保障||弱点>アメリカ不参加||継承>国際連合,"OpenStax『World History Volume 2, from 1400』｜https://openstax.org/books/world-history-volume-2/pages/12-introduction",World History Encyclopedia検索｜https://www.worldhistory.org/search/?q=League+of+Nations,単一資料確認
大学受験・最重要,WH-000080,73,大学受験・最重要,思想・主義,ナチズム,なちずむ,国家社会主義,現代,ヨーロッパ,ドイツと占領下ヨーロッパ,政治運動・支配期,1920〜1945年,1920,1945,1920,exact_range,ナチ党成立から第三帝国崩壊まで,3,time,勢力を持ったのはいつ？,1920〜1945年,,place,どこで成立し支配した？,ドイツで成立し、占領下ヨーロッパへ支配を広げた。,,core,どんな考え？,**ヒトラー**の指導者原理、一党独裁、反共産主義、軍国主義、領土拡張、**反ユダヤ主義**と人種主義を結びつけた思想・体制。,ヒトラー|反ユダヤ主義,,,,,「ナチズム」について説明せよ。,1920〜1945年のドイツで、**ヒトラー**を絶対的指導者とし、一党独裁・軍国主義・領土拡張・**反ユダヤ主義**と人種主義を進めた思想と体制。,ヒトラー|反ユダヤ主義,関係人物>ヒトラー||思想>反ユダヤ主義||結果>第二次世界大戦||結果>ホロコースト,"OpenStax『World History Volume 2, from 1400』｜https://openstax.org/books/world-history-volume-2/pages/12-introduction",World History Encyclopedia検索｜https://www.worldhistory.org/search/?q=Nazism,単一資料確認
大学受験・最重要,WH-000081,74,大学受験・最重要,事件・革命,世界恐慌,せかいきょうこう,大恐慌,現代,世界,アメリカを起点にヨーロッパ・ラテンアメリカ・アジア,世界的不況期,1929〜1939年頃,1929,1939,1929,approximate_range,ニューヨーク株式市場暴落から第二次世界大戦前後の回復まで,4,time,始まって世界に広がったのはいつ？,1929〜1939年頃,,place,どこから広がった？,アメリカからヨーロッパ・ラテンアメリカ・アジアへ広がった。,,cause,なぜ起きた？,過剰生産、所得格差、投機、信用膨張、国際金融の不安定さが重なり、1929年の株価暴落で銀行破綻と需要減少が連鎖した。,,core,何が起きた？,失業と貿易縮小が世界に広がり、各国は保護貿易・国家介入を強めた。アメリカの**ニューディール**や、ドイツ・日本の軍国主義化を促した。,ニューディール,「世界恐慌」について説明せよ。,1929年のアメリカ株価暴落から銀行破綻・需要減少・貿易縮小が世界へ波及し、大量失業を生んで、**ニューディール**と各国の国家介入・軍国主義化を促した恐慌。,ニューディール,原因>株価暴落||結果>大量失業||政策>ニューディール||影響>ナチズム,"OpenStax『World History Volume 2, from 1400』｜https://openstax.org/books/world-history-volume-2/pages/12-introduction",World History Encyclopedia検索｜https://www.worldhistory.org/search/?q=Great+Depression,単一資料確認
大学受験・最重要,WH-000082,75,大学受験・最重要,制度・政策・法律,ニューディール,にゅーでぃーる,ニューディール政策,現代,北アメリカ,アメリカ合衆国,主要実施期,1933〜1939年,1933,1939,1933,exact_range,ローズヴェルト就任から第二次世界大戦前までの主要政策期,3,time,実施されたのはいつ？,1933〜1939年,,place,どこで行われた？,アメリカ合衆国。,,definition,どんな政策？,**フランクリン＝ローズヴェルト**が世界恐慌に対し、銀行救済、公共事業、農工業調整、社会保障、労働者保護など政府の経済介入を強めた政策。,フランクリン＝ローズヴェルト,,,,,「ニューディール」について説明せよ。,1933〜1939年、**フランクリン＝ローズヴェルト**が世界恐慌に対応して、銀行救済・公共事業・社会保障・労働者保護など政府の経済介入を強めた政策。,フランクリン＝ローズヴェルト,原因>世界恐慌||関係人物>フランクリン＝ローズヴェルト||政策>公共事業||制度>社会保障,"OpenStax『World History Volume 2, from 1400』｜https://openstax.org/books/world-history-volume-2/pages/12-introduction",World History Encyclopedia検索｜https://www.worldhistory.org/search/?q=New+Deal,単一資料確認
大学受験・最重要,WH-000083,3,大学受験・最重要,戦争,第二次世界大戦,だいにじせかいたいせん,第2次世界大戦,現代,世界,ヨーロッパ・北アフリカ・大西洋・アジア太平洋,戦争期間,1939〜1945年,1939,1945,1939,exact_range,ドイツのポーランド侵攻から枢軸国の降伏まで,4,time,戦われたのはいつ？,1939〜1945年,,place,主な舞台はどこ？,ヨーロッパ・北アフリカ・大西洋・アジア太平洋。,,cause,なぜ起きた？,ヴェルサイユ体制への不満、世界恐慌、ファシズム諸国の膨張、宥和政策、国際連盟の無力が重なり、ドイツのポーランド侵攻で欧州戦争が始まった。,,core,何が起きた？,枢軸国と連合国が総力戦を行い、**ホロコースト**や都市爆撃・原子爆弾で民間人にも甚大な被害が出た。枢軸国敗北後、**国際連合**と冷戦秩序が生まれた。,ホロコースト|国際連合,「第二次世界大戦」について説明せよ。,1939〜1945年、ファシズム諸国の膨張から始まり、世界規模の総力戦となって**ホロコースト**と大量の民間人犠牲を生み、枢軸国敗北後に**国際連合**と冷戦へつながった戦争。,ホロコースト|国際連合,前提>ヴェルサイユ体制||原因>ナチズム||事件>ホロコースト||結果>国際連合,"OpenStax『World History Volume 2, from 1400』｜https://openstax.org/books/world-history-volume-2/pages/13-introduction",World History Encyclopedia検索｜https://www.worldhistory.org/search/?q=World+War+II,単一資料確認
大学受験・最重要,WH-000084,76,大学受験・最重要,事件・革命,ホロコースト,ほろこーすと,,現代,ヨーロッパ,ナチス・ドイツと占領下ヨーロッパ,組織的大量虐殺期,1941〜1945年,1941,1945,1941,exact_range,ユダヤ人絶滅政策の本格化からナチス・ドイツ崩壊まで,4,core,何が起きた？,ユダヤ人約600万人を中心に、ロマ、障害者、同性愛者、政治犯などが、銃殺・強制労働・**絶滅収容所**で組織的に殺害された。,絶滅収容所,time,組織的な大量虐殺が行われたのはいつ？,1941〜1945年,,place,どこ？,ナチス・ドイツと占領下ヨーロッパ。,,cause,なぜ起きた？,ナチズムの**反ユダヤ主義**と人種主義が、独裁国家の官僚機構・戦争・占領政策と結びついた。,反ユダヤ主義,「ホロコースト」について説明せよ。,1941〜1945年、ナチズムの**反ユダヤ主義**と人種主義に基づき、占領下ヨーロッパでユダヤ人約600万人などを**絶滅収容所**等で組織的に殺害した大量虐殺。,反ユダヤ主義|絶滅収容所,原因>ナチズム||思想>反ユダヤ主義||施設>絶滅収容所||影響>人権保障,"OpenStax『World History Volume 2, from 1400』｜https://openstax.org/books/world-history-volume-2/pages/13-introduction",World History Encyclopedia検索｜https://www.worldhistory.org/search/?q=Holocaust,単一資料確認
大学受験・最重要,WH-000085,77,大学受験・最重要,組織・政党,国際連合,こくさいれんごう,UN,現代,世界,ニューヨーク本部を中心とする世界規模,活動期間,1945年〜現在,1945,2026,1945,historical_period,1945年発足から現在まで継続するため2026年を終点に設定,3,time,発足したのはいつ？,1945年,,place,本部はどこ？,アメリカ合衆国ニューヨーク。,,core,何をする組織？,国際平和と安全、人権、開発、国際協力を目的とする。**安全保障理事会**には五つの常任理事国があり、拒否権を持つ。,安全保障理事会,,,,,「国際連合」について説明せよ。,1945年に発足し、ニューヨークに本部を置き、国際平和・人権・開発・国際協力を進める組織。**安全保障理事会**の常任理事国は拒否権を持つ。,安全保障理事会,前身>国際連盟||成立>国際連合憲章||組織>安全保障理事会||関係>冷戦,"OpenStax『World History Volume 2, from 1400』｜https://openstax.org/books/world-history-volume-2/pages/14-introduction",World History Encyclopedia検索｜https://www.worldhistory.org/search/?q=United+Nations,単一資料確認
大学受験・最重要,WH-000086,78,大学受験・最重要,運動,脱植民地化,だつしょくみんちか,デコロナイゼーション,現代,複数地域,アジア・アフリカ・西アジア・カリブ海,主要独立期,1945〜1975年頃,1945,1975,1945,approximate_range,第二次世界大戦後からポルトガル植民地独立までの主要期を設定,4,time,急速に進んだのはいつ？,1945〜1975年頃,,place,どこ？,アジア・アフリカ・西アジア・カリブ海。,,cause,なぜ進んだ？,植民地民族運動の成長、欧州列強の戦争による弱体化、民族自決、米ソの反植民地主義的圧力、国際連合の存在が重なった。,,core,何が起きた？,インド・インドネシア・アフリカ諸国などが独立し、**第三世界**が形成された。一方、人工的国境・経済従属・内戦などの課題も残った。,第三世界,「脱植民地化」について説明せよ。,1945〜1975年頃、民族運動と欧州列強の弱体化を背景に、アジア・アフリカ諸国が独立し、**第三世界**を形成した一方、国境・経済従属・内戦の問題を残した。,第三世界,前提>民族自決||支援>国際連合||会議>バンドン会議||結果>第三世界,"OpenStax『World History Volume 2, from 1400』｜https://openstax.org/books/world-history-volume-2/pages/14-introduction",World History Encyclopedia検索｜https://www.worldhistory.org/search/?q=Decolonization,単一資料確認
大学受験・最重要,WH-000087,5,大学受験・最重要,時代・歴史区分,冷戦,れいせん,,現代,世界,アメリカとソ連を中心とする世界規模,対立期間,1947〜1991年,1947,1991,1947,exact_range,トルーマン・ドクトリン期からソ連解体まで,3,time,続いたのはいつ？,1947〜1991年,,place,どこ？,アメリカとソ連を中心とする世界規模。,,core,何が起きた？,資本主義陣営と社会主義陣営が軍事同盟・核軍拡・経済援助・宣伝・代理戦争で競争した。米ソは直接全面戦争を避けたが、**朝鮮戦争**や**ベトナム戦争**が起きた。,朝鮮戦争|ベトナム戦争,,,,,「冷戦」について説明せよ。,1947〜1991年、アメリカ中心の資本主義陣営とソ連中心の社会主義陣営が、核軍拡・同盟・援助・代理戦争で世界的に対立した時代。**朝鮮戦争**や**ベトナム戦争**が起きた。,朝鮮戦争|ベトナム戦争,主体>アメリカ||主体>ソ連||戦争>朝鮮戦争||終結>ソ連解体,"OpenStax『World History Volume 2, from 1400』｜https://openstax.org/books/world-history-volume-2/pages/14-introduction",World History Encyclopedia検索｜https://www.worldhistory.org/search/?q=Cold+War,単一資料確認
大学受験・最重要,WH-000088,79,大学受験・最重要,国家・王朝,中華人民共和国,ちゅうかじんみんきょうわこく,中国,現代,東アジア,中国,存続期間,1949年〜現在,1949,2026,1949,historical_period,1949年建国から現在まで継続するため2026年を終点に設定,3,time,成立したのはいつ？,1949年,,place,どこ？,中国。,,core,何が起きて成立した？,国共内戦で**中国共産党**が勝利し、**毛沢東**が建国を宣言した。社会主義化を進め、のちに改革開放で市場経済的要素を導入した。,中国共産党|毛沢東,,,,,「中華人民共和国」について説明せよ。,1949年、国共内戦に勝利した**中国共産党**の**毛沢東**が建国を宣言した社会主義国家。のちに改革開放で市場経済的要素を導入した。,中国共産党|毛沢東,前提>辛亥革命||主体>中国共産党||関係人物>毛沢東||政策>改革開放,"OpenStax『World History Volume 2, from 1400』｜https://openstax.org/books/world-history-volume-2/pages/14-introduction",World History Encyclopedia検索｜https://www.worldhistory.org/search/?q=People%27s+Republic+of+China,単一資料確認
大学受験・最重要,WH-000089,80,大学受験・最重要,戦争,朝鮮戦争,ちょうせんせんそう,,現代,東アジア,朝鮮半島,戦争期間,1950〜1953年,1950,1953,1950,exact_range,北朝鮮の南進から休戦協定まで,4,time,戦われたのはいつ？,1950〜1953年,,place,主な舞台はどこ？,朝鮮半島。,,cause,なぜ起きた？,日本敗戦後に北緯38度線を境に米ソが分割占領し、南北に別々の政府が成立した中で、北朝鮮が武力統一を目指して南進した。,,core,何が起きた？,国連軍を主力とするアメリカ側と、中国人民志願軍が支える北朝鮮側が戦い、1953年に休戦した。南北分断は固定化された。,,「朝鮮戦争」について説明せよ。,1950〜1953年、分断された朝鮮半島で北朝鮮が南進し、アメリカ中心の国連軍と中国人民志願軍が介入した戦争。休戦後も南北分断が固定化された。,,前提>冷戦||主体>国連軍||主体>中国人民志願軍||結果>南北分断,"OpenStax『World History Volume 2, from 1400』｜https://openstax.org/books/world-history-volume-2/pages/14-introduction",World History Encyclopedia検索｜https://www.worldhistory.org/search/?q=Korean+War,単一資料確認
大学受験・最重要,WH-000090,83,大学受験・最重要,運動,ヨーロッパ統合,よーろっぱとうごう,欧州統合,現代,ヨーロッパ,西ヨーロッパから欧州連合加盟地域,主要統合過程,1951年〜現在,1951,2026,1951,historical_period,欧州石炭鉄鋼共同体設立から現在まで継続するため2026年を終点に設定,3,time,本格的に始まったのはいつ？,1951年以降,,place,どこ？,西ヨーロッパから欧州全域へ拡大した。,,core,何が進んだ？,戦争再発防止と経済復興のため、**欧州石炭鉄鋼共同体**、EECを経て、1993年に**欧州連合**が発足し、市場・通貨・政策協力を深めた。,欧州石炭鉄鋼共同体|欧州連合,,,,,「ヨーロッパ統合」について説明せよ。,1951年の**欧州石炭鉄鋼共同体**から始まり、EECを経て1993年に**欧州連合**を発足させ、戦争防止と市場・通貨・政策協力を進めた統合過程。,欧州石炭鉄鋼共同体|欧州連合,成立>欧州石炭鉄鋼共同体||継承>EEC||成立>欧州連合||目的>戦争防止,"OpenStax『World History Volume 2, from 1400』｜https://openstax.org/books/world-history-volume-2/pages/15-introduction",World History Encyclopedia検索｜https://www.worldhistory.org/search/?q=European+integration,単一資料確認
大学受験・最重要,WH-000091,82,大学受験・最重要,条約・会議,バンドン会議,ばんどんかいぎ,アジア・アフリカ会議,現代,東南アジア,インドネシア・バンドンとアジア・アフリカ諸国,開催年,1955年,1955,1955,1955,exact_year,会議開催年を設定,3,time,開かれたのはいつ？,1955年,,place,どこで開かれた？,インドネシアのバンドン。,,core,何を決めた？,アジア・アフリカ29か国が植民地主義反対、平和共存、人種差別反対を確認し、米ソいずれにも従属しない**第三世界**と非同盟の連帯を示した。,第三世界,,,,,「バンドン会議」について説明せよ。,1955年、インドネシアのバンドンでアジア・アフリカ29か国が開き、植民地主義・人種差別への反対と平和共存を掲げ、**第三世界**の連帯を示した会議。,第三世界,前提>脱植民地化||参加>アジア・アフリカ諸国||思想>平和共存||影響>非同盟運動,"OpenStax『World History Volume 2, from 1400』｜https://openstax.org/books/world-history-volume-2/pages/14-introduction",World History Encyclopedia検索｜https://www.worldhistory.org/search/?q=Bandung+Conference,単一資料確認
大学受験・最重要,WH-000092,81,大学受験・最重要,戦争,ベトナム戦争,べとなむせんそう,,現代,東南アジア,ベトナム・インドシナ半島,主要戦争期間,1955〜1975年,1955,1975,1955,exact_range,南北分断後の戦争開始からサイゴン陥落まで,4,time,戦われたのはいつ？,1955〜1975年,,place,主な舞台はどこ？,ベトナムを中心とするインドシナ半島。,,cause,なぜ起きた？,フランス撤退後の南北分断と統一問題が、冷戦下の共産主義封じ込め政策と結びついた。,,core,何が起きた？,北ベトナムと南ベトナム解放民族戦線に対しアメリカが大規模介入したが撤退し、1975年に北側が勝利してベトナムが統一された。,,「ベトナム戦争」について説明せよ。,1955〜1975年、ベトナム統一問題が冷戦と結びつき、アメリカが南ベトナムを支援して大規模介入したが撤退し、北側の勝利で統一された戦争。,,前提>冷戦||主体>北ベトナム||介入>アメリカ||結果>ベトナム統一,"OpenStax『World History Volume 2, from 1400』｜https://openstax.org/books/world-history-volume-2/pages/14-introduction",World History Encyclopedia検索｜https://www.worldhistory.org/search/?q=Vietnam+War,単一資料確認
大学受験・最重要,WH-000093,85,大学受験・最重要,戦争,スエズ戦争,すえずせんそう,第二次中東戦争,現代,複数地域,エジプト・シナイ半島・スエズ運河,戦争年,1956年,1956,1956,1956,exact_year,エジプトの運河国有化から停戦・撤兵まで,4,time,戦われたのはいつ？,1956年,,place,主な舞台はどこ？,エジプトのスエズ運河・シナイ半島。,,cause,なぜ起きた？,エジプトの**ナセル**がスエズ運河を国有化し、権益を失うイギリス・フランスと安全保障を求めるイスラエルが軍事介入した。,ナセル,core,何が起きた？,米ソと国際連合の圧力で三国は撤兵し、エジプトの主権が守られた。英仏の帝国的影響力低下とアラブ民族主義の高揚を示した。,,「スエズ戦争」について説明せよ。,1956年、**ナセル**のスエズ運河国有化に対し、イギリス・フランス・イスラエルが侵攻したが、米ソと国際連合の圧力で撤退した戦争。,ナセル,原因>スエズ運河国有化||関係人物>ナセル||介入>イギリス・フランス・イスラエル||影響>アラブ民族主義,"OpenStax『World History Volume 2, from 1400』｜https://openstax.org/books/world-history-volume-2/pages/14-introduction",World History Encyclopedia検索｜https://www.worldhistory.org/search/?q=Suez+Crisis,単一資料確認
大学受験・最重要,WH-000094,84,大学受験・最重要,事件・革命,キューバ革命,きゅーばかくめい,,現代,ラテンアメリカ,キューバ,革命成功年,1959年,1959,1959,1959,exact_year,バティスタ政権崩壊・革命政権成立年を設定,4,time,成功したのはいつ？,1959年,,place,どこ？,キューバ。,,cause,なぜ起きた？,バティスタ独裁、社会格差、アメリカ資本への経済依存に対する反発が強まった。,,core,何が起きた？,**フィデル＝カストロ**らがバティスタ政権を倒し、土地改革・国有化を進めて社会主義化し、アメリカと対立してソ連に接近した。,フィデル＝カストロ,「キューバ革命」について説明せよ。,1959年、独裁と格差への反発から**フィデル＝カストロ**らがバティスタ政権を倒し、社会主義化してアメリカと対立し、冷戦の焦点となった革命。,フィデル＝カストロ,関係人物>フィデル＝カストロ||前提>冷戦||政策>国有化||影響>キューバ危機,"OpenStax『World History Volume 2, from 1400』｜https://openstax.org/books/world-history-volume-2/pages/14-introduction",World History Encyclopedia検索｜https://www.worldhistory.org/search/?q=Cuban+Revolution,単一資料確認
大学受験・最重要,WH-000095,86,大学受験・最重要,運動,文化大革命,ぶんかだいかくめい,プロレタリア文化大革命,現代,東アジア,中国,運動期間,1966〜1976年,1966,1976,1966,exact_range,毛沢東の発動から死去・四人組逮捕まで,4,time,行われたのはいつ？,1966〜1976年,,place,どこ？,中国。,,cause,なぜ起きた？,大躍進政策失敗後に影響力を失った**毛沢東**が、党内の実務派を「資本主義の道」と批判し、権力と革命路線を取り戻そうとした。,毛沢東,core,何が起きた？,学生中心の**紅衛兵**が指導者・知識人・文化財を攻撃し、党・教育・経済が混乱した。多数が迫害され、毛沢東死後に終結した。,紅衛兵,「文化大革命」について説明せよ。,1966〜1976年、**毛沢東**が党内実務派を排除するため若者を動員し、**紅衛兵**による迫害と文化破壊、教育・経済・政治の大混乱を生んだ運動。,毛沢東|紅衛兵,関係人物>毛沢東||主体>紅衛兵||前提>大躍進政策||結果>改革開放,"OpenStax『World History Volume 2, from 1400』｜https://openstax.org/books/world-history-volume-2/pages/15-introduction",World History Encyclopedia検索｜https://www.worldhistory.org/search/?q=Cultural+Revolution,単一資料確認
大学受験・最重要,WH-000096,87,大学受験・最重要,事件・革命,石油危機,せきゆきき,オイルショック|石油ショック,現代,世界,西アジアの産油国と世界の工業国,第1次・第2次危機,1973〜1979年,1973,1979,1973,exact_range,第一次石油危機から第二次石油危機開始までを設定,4,time,大きな危機が起きたのはいつ？,1973〜1979年,,place,どこから世界へ影響した？,西アジアの産油国から世界の工業国へ。,,cause,なぜ起きた？,1973年の第四次中東戦争でアラブ産油国が石油戦略を用い、1979年にはイラン革命で供給不安が起きた。,,core,何が起きた？,原油価格が急騰し、物価上昇と不況が同時に進む**スタグフレーション**を招き、省エネ・代替エネルギー・産業構造転換を促した。,スタグフレーション,「石油危機」について説明せよ。,1973〜1979年、中東戦争とイラン革命を背景に原油価格が急騰し、世界経済に**スタグフレーション**を起こして、省エネと産業構造転換を促した危機。,スタグフレーション,原因>第四次中東戦争||原因>イラン革命||結果>スタグフレーション||影響>省エネルギー,"OpenStax『World History Volume 2, from 1400』｜https://openstax.org/books/world-history-volume-2/pages/15-introduction",World History Encyclopedia検索｜https://www.worldhistory.org/search/?q=Oil+crisis+1973+1979,単一資料確認
大学受験・最重要,WH-000097,88,大学受験・最重要,事件・革命,イラン革命,いらんかくめい,イスラーム革命,現代,西アジア,イラン,革命年,1979年,1979,1979,1979,exact_year,パフラヴィー朝崩壊・イスラーム共和国成立年を設定,4,time,起きたのはいつ？,1979年,,place,どこ？,イラン。,,cause,なぜ起きた？,国王の独裁、急速な西欧化、格差、秘密警察の弾圧、アメリカとの密接な関係に、宗教勢力・左派・市民が反発した。,,core,何が起きた？,**ホメイニ**を指導者とする革命でパフラヴィー朝が倒れ、イスラーム法学者が最高権力を持つ**イラン＝イスラーム共和国**が成立した。,ホメイニ|イラン＝イスラーム共和国,「イラン革命」について説明せよ。,1979年、国王独裁と西欧化への反発から**ホメイニ**を中心にパフラヴィー朝を倒し、宗教指導者が最高権力を持つ**イラン＝イスラーム共和国**を成立させた革命。,ホメイニ|イラン＝イスラーム共和国,関係人物>ホメイニ||滅亡>パフラヴィー朝||成立>イラン＝イスラーム共和国||影響>石油危機,"OpenStax『World History Volume 2, from 1400』｜https://openstax.org/books/world-history-volume-2/pages/15-introduction",World History Encyclopedia検索｜https://www.worldhistory.org/search/?q=Iranian+Revolution,単一資料確認
大学受験・最重要,WH-000098,91,大学受験・最重要,経済・交易,グローバル化,ぐろーばるか,グローバリゼーション,現代,世界,世界規模,急速な進展期,1980年代〜現在,1980,2026,1980,historical_period,情報通信・金融自由化が加速した1980年代から現在までを設定,3,time,急速に進んだのはいつ？,1980年代〜現在,,place,どこ？,世界規模。,,core,何が進んだ？,貿易・金融・企業活動・情報・人の移動が国境を越えて結びつき、**多国籍企業**と国際分業、インターネットが拡大した。成長と同時に格差・環境・文化摩擦も生んだ。,多国籍企業,,,,,「グローバル化」について説明せよ。,1980年代以降、貿易・金融・企業・情報・人の移動が国境を越えて結びつき、**多国籍企業**・国際分業・インターネットを拡大させた一方、格差や環境問題も深めた動き。,多国籍企業,主体>多国籍企業||技術>インターネット||制度>自由貿易||課題>世界的格差,"OpenStax『World History Volume 2, from 1400』｜https://openstax.org/books/world-history-volume-2/pages/15-introduction",World History Encyclopedia検索｜https://www.worldhistory.org/search/?q=Globalization,単一資料確認
大学受験・最重要,WH-000099,89,大学受験・最重要,事件・革命,ベルリンの壁崩壊,べるりんのかべほうかい,,現代,ヨーロッパ,ベルリン・東西ドイツ,事件発生年,1989年,1989,1989,1989,exact_year,国境開放により壁が事実上機能を失った年を設定,4,time,起きたのはいつ？,1989年,,place,どこ？,ドイツのベルリン。,,cause,なぜ起きた？,東欧民主化、ソ連のゴルバチョフ改革、東ドイツ市民の大量流出と抗議運動が体制を動揺させ、国境開放発表の混乱で検問所が開いた。,,core,何が起きた？,東西ベルリンを隔てた壁が事実上開放され、翌1990年の**ドイツ統一**と東欧社会主義体制崩壊、冷戦終結を象徴した。,ドイツ統一,「ベルリンの壁崩壊」について説明せよ。,1989年、東欧民主化と東ドイツ市民運動を背景にベルリンの壁が開放され、1990年の**ドイツ統一**と冷戦終結を象徴した事件。,ドイツ統一,前提>冷戦||原因>東欧民主化||結果>ドイツ統一||影響>ソ連解体,"OpenStax『World History Volume 2, from 1400』｜https://openstax.org/books/world-history-volume-2/pages/15-introduction",World History Encyclopedia検索｜https://www.worldhistory.org/search/?q=Fall+of+the+Berlin+Wall,単一資料確認
大学受験・最重要,WH-000100,90,大学受験・最重要,事件・革命,ソ連解体,それんかいたい,ソビエト連邦解体,現代,ユーラシア,ソビエト連邦の15共和国,解体年,1991年,1991,1991,1991,exact_year,ソ連消滅と独立国家共同体発足の年を設定,4,time,起きたのはいつ？,1991年,,place,どこ？,ソビエト連邦の15共和国。,,cause,なぜ起きた？,経済停滞、軍拡負担、**ゴルバチョフ**の改革で統制が弱まり、民族共和国の独立運動と1991年の保守派クーデタ失敗が解体を加速した。,ゴルバチョフ,core,何が起きた？,ソ連が消滅してロシアなど15の独立国家が成立し、米ソ冷戦が終わった。世界はアメリカ優位と地域紛争・市場化の時代へ移った。,,「ソ連解体」について説明せよ。,1991年、経済停滞と民族運動、**ゴルバチョフ**改革、クーデタ失敗を背景にソ連が消滅し、15の独立国家が成立して冷戦が終結した。,ゴルバチョフ,関係人物>ゴルバチョフ||前提>ベルリンの壁崩壊||結果>独立国家共同体||終結>冷戦,"OpenStax『World History Volume 2, from 1400』｜https://openstax.org/books/world-history-volume-2/pages/15-introduction",World History Encyclopedia検索｜https://www.worldhistory.org/search/?q=Dissolution+of+the+Soviet+Union,単一資料確認
